image_name,slice_index,keep
image_0000005_crop_0000001.png,1,1
image_0000005_crop_0000001.png,2,1
image_0000005_crop_0000001.png,3,1
image_0000005_crop_0000002.png,1,1
image_0000005_crop_0000002.png,2,1
image_0000005_crop_0000002.png,3,1
image_0000034_crop_0000001.png,1,1
image_0000034_crop_0000001.png,2,1
image_0000034_crop_0000001.png,3,1
image_0000034_crop_0000001.png,4,1
image_0000034_crop_0000002.png,1,1
image_0000034_crop_0000002.png,2,1
image_0000046_crop_0000001.png,1,1
image_0000046_crop_0000001.png,2,0
image_0000046_crop_0000001.png,3,1
image_0000050_crop_0000001.png,1,1
image_0000050_crop_0000001.png,2,0
image_0000050_crop_0000001.png,3,1
image_0000052_crop_0000001.png,1,1
image_0000052_crop_0000001.png,2,1
image_0000052_crop_0000001.png,3,1
image_0000077_crop_0000001.png,1,1
image_0000077_crop_0000001.png,2,1
image_0000083_crop_0000001.png,1,1
image_0000083_crop_0000001.png,2,0
image_0000083_crop_0000001.png,3,0
image_0000085_crop_0000001.png,1,0
image_0000085_crop_0000001.png,2,0
image_0000088_crop_0000001.png,1,1
image_0000088_crop_0000001.png,2,1
image_0000088_crop_0000001.png,3,1
image_0000088_crop_0000002.png,1,1
image_0000088_crop_0000002.png,2,1
image_0000088_crop_0000002.png,3,1
image_0000110_crop_0000001.png,1,1
image_0000110_crop_0000001.png,2,1
image_0000110_crop_0000001.png,3,0
image_0000118_crop_0000001.png,1,1
image_0000118_crop_0000001.png,2,1
image_0000118_crop_0000002.png,1,1
image_0000118_crop_0000002.png,2,1
image_0000118_crop_0000003.png,1,1
image_0000118_crop_0000003.png,2,1
image_0000121_crop_0000001.png,1,0
image_0000121_crop_0000001.png,2,0
image_0000121_crop_0000001.png,3,1
image_0000121_crop_0000001.png,4,1
image_0000125_crop_0000001.png,1,1
image_0000125_crop_0000001.png,2,1
image_0000127_crop_0000001.png,1,1
image_0000127_crop_0000001.png,2,1
image_0000127_crop_0000001.png,3,1
image_0000127_crop_0000001.png,4,1
image_0000127_crop_0000001.png,5,1
image_0000127_crop_0000002.png,1,1
image_0000127_crop_0000002.png,2,1
image_0000136_crop_0000001.png,1,1
image_0000136_crop_0000001.png,2,1
image_0000136_crop_0000001.png,3,1
image_0000136_crop_0000001.png,4,1
image_0000136_crop_0000001.png,5,1
image_0000150_crop_0000001.png,1,1
image_0000150_crop_0000001.png,2,1
image_0000150_crop_0000001.png,3,1
image_0000150_crop_0000001.png,4,1
image_0000150_crop_0000003.png,1,1
image_0000150_crop_0000003.png,2,1
image_0000153_crop_0000001.png,1,1
image_0000153_crop_0000001.png,2,1
image_0000159_crop_0000001.png,1,1
image_0000159_crop_0000001.png,2,1
image_0000160_crop_0000001.png,1,1
image_0000160_crop_0000001.png,2,1
image_0000160_crop_0000002.png,1,1
image_0000160_crop_0000002.png,2,1
image_0000164_crop_0000001.png,1,1
image_0000164_crop_0000001.png,2,0
image_0000164_crop_0000002.png,1,1
image_0000164_crop_0000002.png,2,1
image_0000164_crop_0000003.png,1,1
image_0000164_crop_0000003.png,2,1
image_0000169_crop_0000001.png,1,1
image_0000169_crop_0000001.png,2,1
image_0000173_crop_0000001.png,1,1
image_0000173_crop_0000001.png,2,1
image_0000173_crop_0000001.png,3,1
image_0000173_crop_0000001.png,4,1
image_0000180_crop_0000001.png,1,0
image_0000180_crop_0000001.png,2,0
image_0000180_crop_0000001.png,3,0
image_0000180_crop_0000001.png,4,0
image_0000180_crop_0000001.png,5,0
image_0000181_crop_0000001.png,1,1
image_0000181_crop_0000001.png,2,1
image_0000181_crop_0000001.png,3,1
image_0000181_crop_0000001.png,4,1
image_0000181_crop_0000002.png,1,0
image_0000181_crop_0000002.png,2,0
image_0000181_crop_0000002.png,3,0
image_0000181_crop_0000002.png,4,0
image_0000181_crop_0000002.png,5,0
image_0000181_crop_0000002.png,6,1
image_0000181_crop_0000002.png,7,0
image_0000181_crop_0000002.png,8,0
image_0000188_crop_0000001.png,1,1
image_0000188_crop_0000001.png,2,1
image_0000192_crop_0000004.png,1,1
image_0000192_crop_0000004.png,2,1
image_0000192_crop_0000005.png,1,1
image_0000192_crop_0000005.png,2,1
image_0000192_crop_0000005.png,3,1
image_0000192_crop_0000006.png,1,1
image_0000192_crop_0000006.png,2,1
image_0000192_crop_0000006.png,3,1
image_0000192_crop_0000006.png,4,1
image_0000192_crop_0000007.png,1,1
image_0000192_crop_0000007.png,2,1
image_0000192_crop_0000007.png,3,1
image_0000198_crop_0000001.png,1,1
image_0000198_crop_0000001.png,2,0
image_0000198_crop_0000001.png,3,0
image_0000198_crop_0000001.png,4,0
image_0000198_crop_0000002.png,1,1
image_0000198_crop_0000002.png,2,1
image_0000198_crop_0000002.png,3,1
image_0000198_crop_0000002.png,4,0
image_0000198_crop_0000002.png,5,0
image_0000198_crop_0000002.png,6,0
image_0000207_crop_0000001.png,1,1
image_0000207_crop_0000001.png,2,1
image_0000210_crop_0000001.png,1,0
image_0000210_crop_0000001.png,2,1
image_0000210_crop_0000001.png,3,0
image_0000210_crop_0000002.png,1,1
image_0000210_crop_0000002.png,2,1
image_0000211_crop_0000008.png,1,0
image_0000211_crop_0000008.png,2,0
image_0000219_crop_0000001.png,1,1
image_0000219_crop_0000001.png,2,1
image_0000222_crop_0000001.png,1,1
image_0000222_crop_0000001.png,2,1
image_0000227_crop_0000001.png,1,0
image_0000227_crop_0000001.png,2,0
image_0000227_crop_0000001.png,3,0
image_0000238_crop_0000001.png,1,0
image_0000238_crop_0000001.png,2,0
image_0000238_crop_0000001.png,3,0
image_0000238_crop_0000001.png,4,0
image_0000238_crop_0000001.png,5,0
image_0000238_crop_0000001.png,6,0
image_0000238_crop_0000001.png,7,0
image_0000238_crop_0000001.png,8,0
image_0000246_crop_0000001.png,1,1
image_0000246_crop_0000001.png,2,1
image_0000246_crop_0000001.png,3,1
image_0000246_crop_0000001.png,4,1
image_0000246_crop_0000001.png,5,1
image_0000246_crop_0000001.png,6,1
image_0000246_crop_0000001.png,7,1
image_0000246_crop_0000001.png,8,1
image_0000246_crop_0000001.png,9,1
image_0000246_crop_0000001.png,10,1
image_0000246_crop_0000001.png,11,1
image_0000246_crop_0000001.png,12,1
image_0000248_crop_0000001.png,1,1
image_0000248_crop_0000001.png,2,1
image_0000248_crop_0000001.png,3,1
image_0000248_crop_0000001.png,4,1
image_0000252_crop_0000002.png,1,1
image_0000252_crop_0000002.png,2,1
image_0000254_crop_0000001.png,1,1
image_0000254_crop_0000001.png,2,1
image_0000271_crop_0000002.png,1,1
image_0000271_crop_0000002.png,2,1
image_0000271_crop_0000002.png,3,1
image_0000272_crop_0000001.png,1,1
image_0000272_crop_0000001.png,2,1
image_0000272_crop_0000009.png,1,1
image_0000272_crop_0000009.png,2,1
image_0000281_crop_0000001.png,1,0
image_0000281_crop_0000001.png,2,1
image_0000281_crop_0000001.png,3,1
image_0000284_crop_0000001.png,1,0
image_0000284_crop_0000001.png,2,0
image_0000284_crop_0000002.png,1,0
image_0000284_crop_0000002.png,2,0
image_0000296_crop_0000001.png,1,1
image_0000296_crop_0000001.png,2,1
image_0000296_crop_0000004.png,1,1
image_0000296_crop_0000004.png,2,1
image_0000296_crop_0000005.png,1,1
image_0000296_crop_0000005.png,2,1
image_0000316_crop_0000002.png,1,1
image_0000316_crop_0000002.png,2,1
image_0000316_crop_0000002.png,3,1
image_0000316_crop_0000002.png,4,1
image_0000316_crop_0000002.png,5,1
image_0000317_crop_0000003.png,1,1
image_0000317_crop_0000003.png,2,1
image_0000323_crop_0000001.png,1,0
image_0000323_crop_0000001.png,2,0
image_0000323_crop_0000001.png,3,0
image_0000328_crop_0000002.png,1,1
image_0000328_crop_0000002.png,2,1
image_0000328_crop_0000002.png,3,1
image_0000328_crop_0000002.png,4,1
image_0000328_crop_0000002.png,5,1
image_0000337_crop_0000001.png,1,1
image_0000337_crop_0000001.png,2,1
image_0000337_crop_0000002.png,1,1
image_0000337_crop_0000002.png,2,1
image_0000337_crop_0000002.png,3,1
image_0000338_crop_0000001.png,1,1
image_0000338_crop_0000001.png,2,0
image_0000340_crop_0000001.png,1,1
image_0000340_crop_0000001.png,2,1
image_0000340_crop_0000002.png,1,1
image_0000340_crop_0000002.png,2,1
image_0000340_crop_0000002.png,3,1
image_0000351_crop_0000001.png,1,0
image_0000351_crop_0000001.png,2,0
image_0000351_crop_0000002.png,1,1
image_0000351_crop_0000002.png,2,1
image_0000351_crop_0000002.png,3,1
image_0000351_crop_0000003.png,1,0
image_0000351_crop_0000003.png,2,0
image_0000352_crop_0000001.png,1,1
image_0000352_crop_0000001.png,2,1
image_0000355_crop_0000003.png,1,0
image_0000355_crop_0000003.png,2,0
image_0000356_crop_0000002.png,1,1
image_0000356_crop_0000002.png,2,1
image_0000356_crop_0000004.png,1,1
image_0000356_crop_0000004.png,2,1
image_0000356_crop_0000004.png,3,1
image_0000364_crop_0000001.png,1,1
image_0000364_crop_0000001.png,2,1
image_0000364_crop_0000002.png,1,1
image_0000364_crop_0000002.png,2,0
image_0000364_crop_0000004.png,1,1
image_0000364_crop_0000004.png,2,1
image_0000364_crop_0000004.png,3,1
image_0000367_crop_0000001.png,1,1
image_0000367_crop_0000001.png,2,1
image_0000369_crop_0000002.png,1,1
image_0000369_crop_0000002.png,2,1
image_0000369_crop_0000002.png,3,1
image_0000380_crop_0000001.png,1,0
image_0000380_crop_0000001.png,2,1
image_0000380_crop_0000001.png,3,1
image_0000380_crop_0000003.png,1,1
image_0000380_crop_0000003.png,2,1
image_0000380_crop_0000003.png,3,0
image_0000380_crop_0000005.png,1,1
image_0000380_crop_0000005.png,2,0
image_0000380_crop_0000006.png,1,0
image_0000380_crop_0000006.png,2,1
image_0000380_crop_0000007.png,1,1
image_0000380_crop_0000007.png,2,1
image_0000380_crop_0000008.png,1,1
image_0000380_crop_0000008.png,2,1
image_0000380_crop_0000008.png,3,1
image_0000380_crop_0000008.png,4,1
image_0000393_crop_0000001.png,1,1
image_0000393_crop_0000001.png,2,1
image_0000393_crop_0000001.png,3,1
image_0000393_crop_0000002.png,1,1
image_0000393_crop_0000002.png,2,1
image_0000393_crop_0000003.png,1,1
image_0000393_crop_0000003.png,2,1
image_0000393_crop_0000003.png,3,1
image_0000393_crop_0000003.png,4,1
image_0000395_crop_0000001.png,1,1
image_0000395_crop_0000001.png,2,1
image_0000395_crop_0000001.png,3,1
image_0000395_crop_0000001.png,4,1
image_0000395_crop_0000003.png,1,1
image_0000395_crop_0000003.png,2,1
image_0000395_crop_0000004.png,1,1
image_0000395_crop_0000004.png,2,1
image_0000401_crop_0000001.png,1,1
image_0000401_crop_0000001.png,2,1
image_0000406_crop_0000001.png,1,1
image_0000406_crop_0000001.png,2,1
image_0000406_crop_0000002.png,1,1
image_0000406_crop_0000002.png,2,1
image_0000406_crop_0000003.png,1,1
image_0000406_crop_0000003.png,2,1
image_0000406_crop_0000004.png,1,1
image_0000406_crop_0000004.png,2,1
image_0000406_crop_0000004.png,3,1
image_0000408_crop_0000001.png,1,1
image_0000408_crop_0000001.png,2,1
image_0000408_crop_0000001.png,3,1
image_0000412_crop_0000001.png,1,0
image_0000412_crop_0000001.png,2,0
image_0000412_crop_0000001.png,3,0
image_0000412_crop_0000002.png,1,0
image_0000412_crop_0000002.png,2,0
image_0000418_crop_0000008.png,1,0
image_0000418_crop_0000008.png,2,1
image_0000418_crop_0000008.png,3,0
image_0000422_crop_0000001.png,1,1
image_0000422_crop_0000001.png,2,1
image_0000422_crop_0000001.png,3,1
image_0000422_crop_0000001.png,4,1
image_0000422_crop_0000001.png,5,1
image_0000422_crop_0000001.png,6,1
image_0000422_crop_0000002.png,1,1
image_0000422_crop_0000002.png,2,1
image_0000422_crop_0000002.png,3,1
image_0000427_crop_0000001.png,1,1
image_0000427_crop_0000001.png,2,0
image_0000427_crop_0000001.png,3,0
image_0000427_crop_0000001.png,4,0
image_0000427_crop_0000001.png,5,0
image_0000446_crop_0000004.png,1,1
image_0000446_crop_0000004.png,2,1
image_0000446_crop_0000007.png,1,1
image_0000446_crop_0000007.png,2,1
image_0000449_crop_0000002.png,1,1
image_0000449_crop_0000002.png,2,1
image_0000449_crop_0000002.png,3,1
image_0000449_crop_0000002.png,4,1
image_0000455_crop_0000001.png,1,1
image_0000455_crop_0000001.png,2,1
image_0000455_crop_0000002.png,1,1
image_0000455_crop_0000002.png,2,1
image_0000455_crop_0000004.png,1,1
image_0000455_crop_0000004.png,2,1
image_0000455_crop_0000005.png,1,0
image_0000455_crop_0000005.png,2,1
image_0000455_crop_0000006.png,1,1
image_0000455_crop_0000006.png,2,1
image_0000455_crop_0000006.png,3,1
image_0000455_crop_0000006.png,4,1
image_0000466_crop_0000003.png,1,1
image_0000466_crop_0000003.png,2,1
image_0000468_crop_0000003.png,1,1
image_0000468_crop_0000003.png,2,1
image_0000471_crop_0000002.png,1,0
image_0000471_crop_0000002.png,2,0
image_0000471_crop_0000002.png,3,0
image_0000473_crop_0000001.png,1,1
image_0000473_crop_0000001.png,2,1
image_0000473_crop_0000001.png,3,1
image_0000473_crop_0000001.png,4,1
image_0000473_crop_0000001.png,5,1
image_0000473_crop_0000001.png,6,1
image_0000473_crop_0000001.png,7,1
image_0000473_crop_0000002.png,1,1
image_0000473_crop_0000002.png,2,1
image_0000473_crop_0000002.png,3,1
image_0000473_crop_0000003.png,1,1
image_0000473_crop_0000003.png,2,1
image_0000473_crop_0000003.png,3,1
image_0000473_crop_0000004.png,1,1
image_0000473_crop_0000004.png,2,1
image_0000473_crop_0000004.png,3,1
image_0000474_crop_0000002.png,1,1
image_0000474_crop_0000002.png,2,1
image_0000486_crop_0000001.png,1,1
image_0000486_crop_0000001.png,2,1
image_0000487_crop_0000002.png,1,1
image_0000487_crop_0000002.png,2,0
image_0000488_crop_0000001.png,1,1
image_0000488_crop_0000001.png,2,1
image_0000502_crop_0000001.png,1,1
image_0000502_crop_0000001.png,2,0
image_0000504_crop_0000001.png,1,0
image_0000504_crop_0000001.png,2,0
image_0000508_crop_0000001.png,1,1
image_0000508_crop_0000001.png,2,1
image_0000508_crop_0000002.png,1,1
image_0000508_crop_0000002.png,2,1
image_0000508_crop_0000002.png,3,1
image_0000516_crop_0000002.png,1,1
image_0000516_crop_0000002.png,2,1
image_0000516_crop_0000002.png,3,1
image_0000516_crop_0000002.png,4,1
image_0000517_crop_0000007.png,1,1
image_0000517_crop_0000007.png,2,1
image_0000518_crop_0000001.png,1,0
image_0000518_crop_0000001.png,2,1
image_0000520_crop_0000001.png,1,1
image_0000520_crop_0000001.png,2,1
image_0000520_crop_0000001.png,3,1
image_0000520_crop_0000001.png,4,1
image_0000520_crop_0000002.png,1,0
image_0000520_crop_0000002.png,2,0
image_0000520_crop_0000003.png,1,0
image_0000520_crop_0000003.png,2,0
image_0000522_crop_0000001.png,1,1
image_0000522_crop_0000001.png,2,1
image_0000522_crop_0000002.png,1,1
image_0000522_crop_0000002.png,2,1
image_0000528_crop_0000001.png,1,0
image_0000528_crop_0000001.png,2,0
image_0000528_crop_0000001.png,3,0
image_0000528_crop_0000001.png,4,0
image_0000529_crop_0000001.png,1,1
image_0000529_crop_0000001.png,2,1
image_0000533_crop_0000001.png,1,1
image_0000533_crop_0000001.png,2,1
image_0000535_crop_0000002.png,1,1
image_0000535_crop_0000002.png,2,1
image_0000536_crop_0000001.png,1,1
image_0000536_crop_0000001.png,2,1
image_0000538_crop_0000002.png,1,1
image_0000538_crop_0000002.png,2,1
image_0000543_crop_0000001.png,1,1
image_0000543_crop_0000001.png,2,1
image_0000553_crop_0000007.png,1,0
image_0000553_crop_0000007.png,2,0
image_0000554_crop_0000006.png,1,1
image_0000554_crop_0000006.png,2,1
image_0000554_crop_0000006.png,3,1
image_0000554_crop_0000006.png,4,1
image_0000554_crop_0000006.png,5,0
image_0000554_crop_0000007.png,1,1
image_0000554_crop_0000007.png,2,1
image_0000554_crop_0000007.png,3,1
image_0000554_crop_0000007.png,4,1
image_0000554_crop_0000008.png,1,1
image_0000554_crop_0000008.png,2,1
image_0000554_crop_0000008.png,3,1
image_0000554_crop_0000008.png,4,1
image_0000554_crop_0000008.png,5,1
image_0000554_crop_0000008.png,6,1
image_0000554_crop_0000008.png,7,1
image_0000554_crop_0000008.png,8,1
image_0000554_crop_0000008.png,9,1
image_0000554_crop_0000010.png,1,1
image_0000554_crop_0000010.png,2,1
image_0000554_crop_0000010.png,3,1
image_0000554_crop_0000010.png,4,1
image_0000554_crop_0000010.png,5,1
image_0000554_crop_0000011.png,1,1
image_0000554_crop_0000011.png,2,1
image_0000554_crop_0000011.png,3,1
image_0000554_crop_0000011.png,4,1
image_0000556_crop_0000001.png,1,1
image_0000556_crop_0000001.png,2,1
image_0000556_crop_0000004.png,1,0
image_0000556_crop_0000004.png,2,1
image_0000556_crop_0000006.png,1,1
image_0000556_crop_0000006.png,2,1
image_0000557_crop_0000001.png,1,1
image_0000557_crop_0000001.png,2,1
image_0000557_crop_0000003.png,1,1
image_0000557_crop_0000003.png,2,1
image_0000557_crop_0000003.png,3,1
image_0000557_crop_0000003.png,4,1
image_0000557_crop_0000004.png,1,1
image_0000557_crop_0000004.png,2,0
image_0000557_crop_0000004.png,3,1
image_0000557_crop_0000007.png,1,1
image_0000557_crop_0000007.png,2,1
image_0000557_crop_0000008.png,1,1
image_0000557_crop_0000008.png,2,1
image_0000557_crop_0000008.png,3,0
image_0000557_crop_0000008.png,4,1
image_0000557_crop_0000010.png,1,1
image_0000557_crop_0000010.png,2,1
image_0000557_crop_0000010.png,3,1
image_0000557_crop_0000010.png,4,1
image_0000557_crop_0000010.png,5,1
image_0000557_crop_0000011.png,1,0
image_0000557_crop_0000011.png,2,1
image_0000557_crop_0000011.png,3,0
image_0000557_crop_0000013.png,1,1
image_0000557_crop_0000013.png,2,1
image_0000557_crop_0000017.png,1,1
image_0000557_crop_0000017.png,2,1
image_0000558_crop_0000001.png,1,1
image_0000558_crop_0000001.png,2,1
image_0000558_crop_0000001.png,3,1
image_0000558_crop_0000002.png,1,0
image_0000558_crop_0000002.png,2,1
image_0000558_crop_0000002.png,3,1
image_0000558_crop_0000003.png,1,1
image_0000558_crop_0000003.png,2,1
image_0000558_crop_0000003.png,3,1
image_0000558_crop_0000004.png,1,1
image_0000558_crop_0000004.png,2,1
image_0000558_crop_0000006.png,1,1
image_0000558_crop_0000006.png,2,1
image_0000573_crop_0000002.png,1,1
image_0000573_crop_0000002.png,2,1
image_0000573_crop_0000004.png,1,1
image_0000573_crop_0000004.png,2,1
image_0000574_crop_0000003.png,1,1
image_0000574_crop_0000003.png,2,1
image_0000574_crop_0000004.png,1,1
image_0000574_crop_0000004.png,2,1
image_0000574_crop_0000004.png,3,1
image_0000574_crop_0000005.png,1,1
image_0000574_crop_0000005.png,2,1
image_0000575_crop_0000003.png,1,1
image_0000575_crop_0000003.png,2,1
image_0000576_crop_0000001.png,1,1
image_0000576_crop_0000001.png,2,1
image_0000576_crop_0000001.png,3,1
image_0000576_crop_0000001.png,4,1
image_0000576_crop_0000002.png,1,1
image_0000576_crop_0000002.png,2,1
image_0000576_crop_0000004.png,1,1
image_0000576_crop_0000004.png,2,1
image_0000576_crop_0000004.png,3,1
image_0000577_crop_0000001.png,1,1
image_0000577_crop_0000001.png,2,1
image_0000577_crop_0000002.png,1,1
image_0000577_crop_0000002.png,2,1
image_0000577_crop_0000002.png,3,1
image_0000578_crop_0000001.png,1,0
image_0000578_crop_0000001.png,2,0
image_0000581_crop_0000002.png,1,1
image_0000581_crop_0000002.png,2,0
image_0000581_crop_0000004.png,1,1
image_0000581_crop_0000004.png,2,1
image_0000582_crop_0000001.png,1,1
image_0000582_crop_0000001.png,2,1
image_0000582_crop_0000002.png,1,1
image_0000582_crop_0000002.png,2,1
image_0000582_crop_0000002.png,3,1
image_0000582_crop_0000002.png,4,1
image_0000582_crop_0000004.png,1,0
image_0000582_crop_0000004.png,2,1
image_0000582_crop_0000005.png,1,1
image_0000582_crop_0000005.png,2,1
image_0000582_crop_0000006.png,1,1
image_0000582_crop_0000006.png,2,1
image_0000582_crop_0000006.png,3,1
image_0000582_crop_0000007.png,1,1
image_0000582_crop_0000007.png,2,1
image_0000582_crop_0000008.png,1,1
image_0000582_crop_0000008.png,2,1
image_0000582_crop_0000009.png,1,1
image_0000582_crop_0000009.png,2,1
image_0000582_crop_0000010.png,1,0
image_0000582_crop_0000010.png,2,0
image_0000582_crop_0000013.png,1,1
image_0000582_crop_0000013.png,2,1
image_0000582_crop_0000014.png,1,1
image_0000582_crop_0000014.png,2,1
image_0000582_crop_0000017.png,1,0
image_0000582_crop_0000017.png,2,1
image_0000582_crop_0000017.png,3,1
image_0000582_crop_0000018.png,1,1
image_0000582_crop_0000018.png,2,0
image_0000583_crop_0000001.png,1,1
image_0000583_crop_0000001.png,2,1
image_0000583_crop_0000003.png,1,1
image_0000583_crop_0000003.png,2,1
image_0000583_crop_0000003.png,3,1
image_0000583_crop_0000003.png,4,1
image_0000583_crop_0000003.png,5,1
image_0000583_crop_0000004.png,1,1
image_0000583_crop_0000004.png,2,1
image_0000583_crop_0000004.png,3,1
image_0000583_crop_0000005.png,1,1
image_0000583_crop_0000005.png,2,1
image_0000583_crop_0000005.png,3,1
image_0000583_crop_0000006.png,1,1
image_0000583_crop_0000006.png,2,1
image_0000583_crop_0000006.png,3,1
image_0000583_crop_0000006.png,4,1
image_0000583_crop_0000007.png,1,0
image_0000583_crop_0000007.png,2,0
image_0000583_crop_0000007.png,3,0
image_0000585_crop_0000001.png,1,1
image_0000585_crop_0000001.png,2,1
image_0000585_crop_0000001.png,3,1
image_0000585_crop_0000001.png,4,1
image_0000585_crop_0000001.png,5,1
image_0000585_crop_0000001.png,6,1
image_0000585_crop_0000002.png,1,1
image_0000585_crop_0000002.png,2,1
image_0000585_crop_0000002.png,3,1
image_0000589_crop_0000001.png,1,1
image_0000589_crop_0000001.png,2,1
image_0000589_crop_0000002.png,1,1
image_0000589_crop_0000002.png,2,1
image_0000589_crop_0000002.png,3,1
image_0000589_crop_0000002.png,4,1
image_0000589_crop_0000002.png,5,1
image_0000589_crop_0000002.png,6,1
image_0000589_crop_0000005.png,1,0
image_0000589_crop_0000005.png,2,1
image_0000589_crop_0000005.png,3,1
image_0000594_crop_0000003.png,1,1
image_0000594_crop_0000003.png,2,1
image_0000594_crop_0000004.png,1,1
image_0000594_crop_0000004.png,2,1
image_0000594_crop_0000004.png,3,1
image_0000595_crop_0000001.png,1,1
image_0000595_crop_0000001.png,2,1
image_0000595_crop_0000001.png,3,1
image_0000595_crop_0000001.png,4,1
image_0000595_crop_0000001.png,5,1
image_0000595_crop_0000002.png,1,1
image_0000595_crop_0000002.png,2,1
image_0000595_crop_0000002.png,3,1
image_0000595_crop_0000003.png,1,1
image_0000595_crop_0000003.png,2,1
image_0000595_crop_0000003.png,3,1
image_0000595_crop_0000004.png,1,1
image_0000595_crop_0000004.png,2,1
image_0000595_crop_0000004.png,3,0
image_0000596_crop_0000001.png,1,0
image_0000596_crop_0000001.png,2,0
image_0000598_crop_0000002.png,1,1
image_0000598_crop_0000002.png,2,1
image_0000600_crop_0000002.png,1,1
image_0000600_crop_0000002.png,2,1
image_0000600_crop_0000002.png,3,1
image_0000603_crop_0000001.png,1,1
image_0000603_crop_0000001.png,2,1
image_0000603_crop_0000003.png,1,0
image_0000603_crop_0000003.png,2,0
image_0000605_crop_0000001.png,1,1
image_0000605_crop_0000001.png,2,1
image_0000605_crop_0000001.png,3,1
image_0000605_crop_0000001.png,4,1
image_0000605_crop_0000001.png,5,1
image_0000605_crop_0000001.png,6,1
image_0000605_crop_0000002.png,1,1
image_0000605_crop_0000002.png,2,1
image_0000605_crop_0000002.png,3,1
image_0000605_crop_0000002.png,4,1
image_0000605_crop_0000002.png,5,1
image_0000605_crop_0000002.png,6,1
image_0000605_crop_0000002.png,7,1
image_0000605_crop_0000002.png,8,1
image_0000605_crop_0000002.png,9,1
image_0000605_crop_0000002.png,10,1
image_0000605_crop_0000002.png,11,1
image_0000605_crop_0000002.png,12,1
image_0000605_crop_0000003.png,1,0
image_0000605_crop_0000003.png,2,1
image_0000605_crop_0000004.png,1,0
image_0000605_crop_0000004.png,2,1
image_0000605_crop_0000005.png,1,1
image_0000605_crop_0000005.png,2,1
image_0000609_crop_0000001.png,1,0
image_0000609_crop_0000001.png,2,0
image_0000609_crop_0000006.png,1,0
image_0000609_crop_0000006.png,2,1
image_0000612_crop_0000002.png,1,1
image_0000612_crop_0000002.png,2,1
image_0000613_crop_0000005.png,1,1
image_0000613_crop_0000005.png,2,0
image_0000613_crop_0000005.png,3,0
image_0000616_crop_0000001.png,1,1
image_0000616_crop_0000001.png,2,1
image_0000616_crop_0000002.png,1,1
image_0000616_crop_0000002.png,2,1
image_0000620_crop_0000002.png,1,1
image_0000620_crop_0000002.png,2,1
image_0000620_crop_0000003.png,1,1
image_0000620_crop_0000003.png,2,1
image_0000620_crop_0000003.png,3,1
image_0000621_crop_0000001.png,1,1
image_0000621_crop_0000001.png,2,1
image_0000621_crop_0000002.png,1,1
image_0000621_crop_0000002.png,2,1
image_0000621_crop_0000003.png,1,0
image_0000621_crop_0000003.png,2,0
image_0000622_crop_0000002.png,1,1
image_0000622_crop_0000002.png,2,1
image_0000623_crop_0000002.png,1,1
image_0000623_crop_0000002.png,2,1
image_0000623_crop_0000003.png,1,1
image_0000623_crop_0000003.png,2,1
image_0000623_crop_0000003.png,3,0
image_0000623_crop_0000004.png,1,1
image_0000623_crop_0000004.png,2,1
image_0000623_crop_0000004.png,3,1
image_0000623_crop_0000004.png,4,1
image_0000627_crop_0000002.png,1,1
image_0000627_crop_0000002.png,2,1
image_0000627_crop_0000003.png,1,0
image_0000627_crop_0000003.png,2,0
image_0000628_crop_0000001.png,1,1
image_0000628_crop_0000001.png,2,1
image_0000628_crop_0000001.png,3,1
image_0000628_crop_0000001.png,4,1
image_0000628_crop_0000001.png,5,1
image_0000628_crop_0000002.png,1,1
image_0000628_crop_0000002.png,2,1
image_0000628_crop_0000002.png,3,1
image_0000629_crop_0000002.png,1,1
image_0000629_crop_0000002.png,2,1
image_0000629_crop_0000005.png,1,1
image_0000629_crop_0000005.png,2,1
image_0000631_crop_0000001.png,1,1
image_0000631_crop_0000001.png,2,1
image_0000631_crop_0000002.png,1,1
image_0000631_crop_0000002.png,2,1
image_0000640_crop_0000001.png,1,1
image_0000640_crop_0000001.png,2,1
image_0000640_crop_0000002.png,1,1
image_0000640_crop_0000002.png,2,1
image_0000641_crop_0000001.png,1,1
image_0000641_crop_0000001.png,2,1
image_0000641_crop_0000002.png,1,1
image_0000641_crop_0000002.png,2,1
image_0000641_crop_0000004.png,1,1
image_0000641_crop_0000004.png,2,1
image_0000641_crop_0000005.png,1,1
image_0000641_crop_0000005.png,2,1
image_0000643_crop_0000003.png,1,0
image_0000643_crop_0000003.png,2,0
image_0000645_crop_0000001.png,1,1
image_0000645_crop_0000001.png,2,1
image_0000645_crop_0000001.png,3,1
image_0000646_crop_0000001.png,1,1
image_0000646_crop_0000001.png,2,1
image_0000646_crop_0000002.png,1,1
image_0000646_crop_0000002.png,2,1
image_0000646_crop_0000003.png,1,1
image_0000646_crop_0000003.png,2,1
image_0000646_crop_0000003.png,3,1
image_0000648_crop_0000001.png,1,1
image_0000648_crop_0000001.png,2,1
image_0000648_crop_0000002.png,1,1
image_0000648_crop_0000002.png,2,1
image_0000649_crop_0000001.png,1,0
image_0000649_crop_0000001.png,2,1
image_0000652_crop_0000006.png,1,1
image_0000652_crop_0000006.png,2,1
image_0000652_crop_0000006.png,3,1
image_0000652_crop_0000006.png,4,1
image_0000653_crop_0000001.png,1,1
image_0000653_crop_0000001.png,2,1
image_0000653_crop_0000001.png,3,1
image_0000653_crop_0000001.png,4,1
image_0000653_crop_0000002.png,1,1
image_0000653_crop_0000002.png,2,1
image_0000653_crop_0000002.png,3,1
image_0000655_crop_0000001.png,1,1
image_0000655_crop_0000001.png,2,1
image_0000656_crop_0000001.png,1,1
image_0000656_crop_0000001.png,2,1
image_0000656_crop_0000002.png,1,1
image_0000656_crop_0000002.png,2,1
image_0000657_crop_0000002.png,1,1
image_0000657_crop_0000002.png,2,1
image_0000657_crop_0000002.png,3,1
image_0000657_crop_0000002.png,4,1
image_0000657_crop_0000002.png,5,1
image_0000657_crop_0000003.png,1,1
image_0000657_crop_0000003.png,2,0
image_0000657_crop_0000004.png,1,1
image_0000657_crop_0000004.png,2,1
image_0000657_crop_0000004.png,3,1
image_0000657_crop_0000004.png,4,1
image_0000657_crop_0000004.png,5,1
image_0000657_crop_0000004.png,6,1
image_0000657_crop_0000004.png,7,1
image_0000657_crop_0000004.png,8,1
image_0000657_crop_0000004.png,9,1
image_0000659_crop_0000001.png,1,1
image_0000659_crop_0000001.png,2,1
image_0000659_crop_0000002.png,1,1
image_0000659_crop_0000002.png,2,1
image_0000660_crop_0000001.png,1,1
image_0000660_crop_0000001.png,2,1
image_0000660_crop_0000001.png,3,1
image_0000660_crop_0000002.png,1,1
image_0000660_crop_0000002.png,2,1
image_0000660_crop_0000002.png,3,1
image_0000661_crop_0000001.png,1,1
image_0000661_crop_0000001.png,2,1
image_0000661_crop_0000001.png,3,1
image_0000661_crop_0000001.png,4,1
image_0000661_crop_0000002.png,1,0
image_0000661_crop_0000002.png,2,0
image_0000662_crop_0000001.png,1,0
image_0000662_crop_0000001.png,2,0
image_0000665_crop_0000001.png,1,1
image_0000665_crop_0000001.png,2,1
image_0000665_crop_0000003.png,1,1
image_0000665_crop_0000003.png,2,1
image_0000665_crop_0000004.png,1,1
image_0000665_crop_0000004.png,2,1
image_0000673_crop_0000001.png,1,1
image_0000673_crop_0000001.png,2,1
image_0000673_crop_0000002.png,1,1
image_0000673_crop_0000002.png,2,1
image_0000673_crop_0000003.png,1,0
image_0000673_crop_0000003.png,2,0
image_0000673_crop_0000004.png,1,0
image_0000673_crop_0000004.png,2,0
image_0000673_crop_0000006.png,1,1
image_0000673_crop_0000006.png,2,1
image_0000673_crop_0000006.png,3,0
image_0000673_crop_0000006.png,4,0
image_0000673_crop_0000006.png,5,1
image_0000673_crop_0000006.png,6,1
image_0000673_crop_0000006.png,7,1
image_0000673_crop_0000006.png,8,1
image_0000673_crop_0000006.png,9,1
image_0000673_crop_0000007.png,1,1
image_0000673_crop_0000007.png,2,1
image_0000673_crop_0000007.png,3,0
image_0000673_crop_0000007.png,4,0
image_0000673_crop_0000007.png,5,0
image_0000673_crop_0000007.png,6,0
image_0000673_crop_0000007.png,7,0
image_0000673_crop_0000007.png,8,1
image_0000673_crop_0000007.png,9,1
image_0000673_crop_0000007.png,10,1
image_0000673_crop_0000008.png,1,0
image_0000673_crop_0000008.png,2,0
image_0000673_crop_0000008.png,3,0
image_0000673_crop_0000010.png,1,0
image_0000673_crop_0000010.png,2,0
image_0000675_crop_0000001.png,1,1
image_0000675_crop_0000001.png,2,1
image_0000675_crop_0000001.png,3,1
image_0000675_crop_0000001.png,4,1
image_0000675_crop_0000001.png,5,1
image_0000675_crop_0000005.png,1,1
image_0000675_crop_0000005.png,2,1
image_0000675_crop_0000005.png,3,1
image_0000675_crop_0000006.png,1,1
image_0000675_crop_0000006.png,2,1
image_0000675_crop_0000007.png,1,1
image_0000675_crop_0000007.png,2,1
image_0000675_crop_0000007.png,3,1
image_0000675_crop_0000007.png,4,1
image_0000675_crop_0000008.png,1,1
image_0000675_crop_0000008.png,2,1
image_0000683_crop_0000003.png,1,1
image_0000683_crop_0000003.png,2,1
image_0000683_crop_0000004.png,1,1
image_0000683_crop_0000004.png,2,1
image_0000683_crop_0000004.png,3,1
image_0000683_crop_0000004.png,4,1
image_0000683_crop_0000004.png,5,1
image_0000684_crop_0000001.png,1,1
image_0000684_crop_0000001.png,2,1
image_0000684_crop_0000001.png,3,1
image_0000688_crop_0000001.png,1,1
image_0000688_crop_0000001.png,2,1
image_0000688_crop_0000001.png,3,1
image_0000688_crop_0000002.png,1,1
image_0000688_crop_0000002.png,2,1
image_0000688_crop_0000003.png,1,1
image_0000688_crop_0000003.png,2,1
image_0000688_crop_0000003.png,3,1
image_0000688_crop_0000004.png,1,1
image_0000688_crop_0000004.png,2,1
image_0000688_crop_0000004.png,3,1
image_0000688_crop_0000004.png,4,1
image_0000688_crop_0000004.png,5,1
image_0000688_crop_0000004.png,6,1
image_0000690_crop_0000001.png,1,1
image_0000690_crop_0000001.png,2,1
image_0000691_crop_0000003.png,1,1
image_0000691_crop_0000003.png,2,1
image_0000691_crop_0000004.png,1,0
image_0000691_crop_0000004.png,2,0
image_0000692_crop_0000002.png,1,0
image_0000692_crop_0000002.png,2,0
image_0000692_crop_0000002.png,3,0
image_0000692_crop_0000002.png,4,0
image_0000692_crop_0000002.png,5,0
image_0000692_crop_0000002.png,6,0
image_0000692_crop_0000002.png,7,0
image_0000692_crop_0000007.png,1,1
image_0000692_crop_0000007.png,2,1
image_0000693_crop_0000002.png,1,1
image_0000693_crop_0000002.png,2,1
image_0000694_crop_0000001.png,1,1
image_0000694_crop_0000001.png,2,1
image_0000694_crop_0000002.png,1,1
image_0000694_crop_0000002.png,2,1
image_0000694_crop_0000003.png,1,1
image_0000694_crop_0000003.png,2,1
image_0000694_crop_0000004.png,1,1
image_0000694_crop_0000004.png,2,1
image_0000694_crop_0000006.png,1,1
image_0000694_crop_0000006.png,2,1
image_0000699_crop_0000001.png,1,1
image_0000699_crop_0000001.png,2,1
image_0000701_crop_0000001.png,1,1
image_0000701_crop_0000001.png,2,1
image_0000701_crop_0000001.png,3,1
image_0000701_crop_0000004.png,1,1
image_0000701_crop_0000004.png,2,1
image_0000711_crop_0000003.png,1,0
image_0000711_crop_0000003.png,2,0
image_0000711_crop_0000003.png,3,0
image_0000712_crop_0000001.png,1,1
image_0000712_crop_0000001.png,2,1
image_0000712_crop_0000001.png,3,1
image_0000712_crop_0000001.png,4,1
image_0000712_crop_0000002.png,1,1
image_0000712_crop_0000002.png,2,1
image_0000712_crop_0000002.png,3,1
image_0000712_crop_0000003.png,1,1
image_0000712_crop_0000003.png,2,1
image_0000712_crop_0000005.png,1,1
image_0000712_crop_0000005.png,2,1
image_0000712_crop_0000005.png,3,1
image_0000712_crop_0000005.png,4,1
image_0000713_crop_0000001.png,1,0
image_0000713_crop_0000001.png,2,0
image_0000713_crop_0000001.png,3,0
image_0000713_crop_0000001.png,4,0
image_0000713_crop_0000001.png,5,0
image_0000713_crop_0000001.png,6,0
image_0000713_crop_0000001.png,7,0
image_0000713_crop_0000001.png,8,0
image_0000713_crop_0000001.png,9,0
image_0000713_crop_0000001.png,10,0
image_0000713_crop_0000001.png,11,0
image_0000713_crop_0000005.png,1,1
image_0000713_crop_0000005.png,2,1
image_0000713_crop_0000005.png,3,1
image_0000713_crop_0000006.png,1,1
image_0000713_crop_0000006.png,2,1
image_0000713_crop_0000006.png,3,1
image_0000713_crop_0000007.png,1,1
image_0000713_crop_0000007.png,2,1
image_0000713_crop_0000007.png,3,1
image_0000713_crop_0000007.png,4,1
image_0000714_crop_0000001.png,1,0
image_0000714_crop_0000001.png,2,0
image_0000719_crop_0000001.png,1,0
image_0000719_crop_0000001.png,2,0
image_0000719_crop_0000003.png,1,0
image_0000719_crop_0000003.png,2,0
image_0000719_crop_0000003.png,3,0
image_0000719_crop_0000003.png,4,0
image_0000719_crop_0000004.png,1,0
image_0000719_crop_0000004.png,2,0
image_0000721_crop_0000002.png,1,1
image_0000721_crop_0000002.png,2,1
image_0000721_crop_0000004.png,1,1
image_0000721_crop_0000004.png,2,1
image_0000722_crop_0000001.png,1,1
image_0000722_crop_0000001.png,2,1
image_0000722_crop_0000004.png,1,1
image_0000722_crop_0000004.png,2,1
image_0000723_crop_0000005.png,1,0
image_0000723_crop_0000005.png,2,0
image_0000723_crop_0000006.png,1,1
image_0000723_crop_0000006.png,2,1
image_0000723_crop_0000007.png,1,0
image_0000723_crop_0000007.png,2,0
image_0000723_crop_0000008.png,1,0
image_0000723_crop_0000008.png,2,0
image_0000723_crop_0000008.png,3,0
image_0000723_crop_0000008.png,4,0
image_0000726_crop_0000001.png,1,1
image_0000726_crop_0000001.png,2,1
image_0000726_crop_0000001.png,3,1
image_0000726_crop_0000001.png,4,1
image_0000726_crop_0000001.png,5,1
image_0000726_crop_0000001.png,6,1
image_0000726_crop_0000002.png,1,1
image_0000726_crop_0000002.png,2,1
image_0000726_crop_0000002.png,3,1
image_0000726_crop_0000002.png,4,1
image_0000726_crop_0000003.png,1,1
image_0000726_crop_0000003.png,2,1
image_0000726_crop_0000003.png,3,1
image_0000726_crop_0000003.png,4,1
image_0000726_crop_0000004.png,1,0
image_0000726_crop_0000004.png,2,1
image_0000726_crop_0000005.png,1,1
image_0000726_crop_0000005.png,2,1
image_0000726_crop_0000008.png,1,1
image_0000726_crop_0000008.png,2,1
image_0000726_crop_0000008.png,3,1
image_0000726_crop_0000008.png,4,1
image_0000726_crop_0000008.png,5,0
image_0000726_crop_0000008.png,6,0
image_0000726_crop_0000009.png,1,1
image_0000726_crop_0000009.png,2,1
image_0000726_crop_0000009.png,3,1
image_0000726_crop_0000009.png,4,1
image_0000726_crop_0000009.png,5,1
image_0000726_crop_0000010.png,1,1
image_0000726_crop_0000010.png,2,1
image_0000726_crop_0000010.png,3,0
image_0000726_crop_0000011.png,1,1
image_0000726_crop_0000011.png,2,1
image_0000726_crop_0000011.png,3,1
image_0000726_crop_0000013.png,1,1
image_0000726_crop_0000013.png,2,1
image_0000726_crop_0000013.png,3,1
image_0000726_crop_0000013.png,4,1
image_0000728_crop_0000003.png,1,0
image_0000728_crop_0000003.png,2,0
image_0000728_crop_0000004.png,1,1
image_0000728_crop_0000004.png,2,1
image_0000728_crop_0000005.png,1,1
image_0000728_crop_0000005.png,2,1
image_0000728_crop_0000006.png,1,1
image_0000728_crop_0000006.png,2,1
image_0000728_crop_0000006.png,3,1
image_0000731_crop_0000001.png,1,0
image_0000731_crop_0000001.png,2,0
image_0000731_crop_0000001.png,3,0
image_0000731_crop_0000001.png,4,0
image_0000731_crop_0000001.png,5,0
image_0000731_crop_0000001.png,6,0
image_0000731_crop_0000001.png,7,0
image_0000731_crop_0000001.png,8,0
image_0000731_crop_0000001.png,9,0
image_0000731_crop_0000001.png,10,0
image_0000731_crop_0000001.png,11,0
image_0000731_crop_0000001.png,12,0
image_0000731_crop_0000001.png,13,0
image_0000731_crop_0000002.png,1,1
image_0000731_crop_0000002.png,2,1
image_0000731_crop_0000002.png,3,1
image_0000731_crop_0000002.png,4,1
image_0000731_crop_0000002.png,5,1
image_0000731_crop_0000003.png,1,1
image_0000731_crop_0000003.png,2,1
image_0000735_crop_0000001.png,1,0
image_0000735_crop_0000001.png,2,1
image_0000735_crop_0000001.png,3,1
image_0000735_crop_0000002.png,1,1
image_0000735_crop_0000002.png,2,1
image_0000737_crop_0000001.png,1,1
image_0000737_crop_0000001.png,2,1
image_0000737_crop_0000001.png,3,1
image_0000737_crop_0000001.png,4,1
image_0000737_crop_0000002.png,1,1
image_0000737_crop_0000002.png,2,1
image_0000737_crop_0000002.png,3,1
image_0000737_crop_0000002.png,4,1
image_0000737_crop_0000002.png,5,0
image_0000737_crop_0000002.png,6,1
image_0000737_crop_0000003.png,1,1
image_0000737_crop_0000003.png,2,1
image_0000737_crop_0000003.png,3,1
image_0000737_crop_0000003.png,4,1
image_0000737_crop_0000004.png,1,1
image_0000737_crop_0000004.png,2,1
image_0000737_crop_0000004.png,3,1
image_0000737_crop_0000004.png,4,0
image_0000739_crop_0000002.png,1,1
image_0000739_crop_0000002.png,2,1
image_0000744_crop_0000001.png,1,1
image_0000744_crop_0000001.png,2,1
image_0000744_crop_0000002.png,1,1
image_0000744_crop_0000002.png,2,1
image_0000744_crop_0000002.png,3,1
image_0000744_crop_0000004.png,1,1
image_0000744_crop_0000004.png,2,1
image_0000744_crop_0000007.png,1,1
image_0000744_crop_0000007.png,2,1
image_0000744_crop_0000009.png,1,1
image_0000744_crop_0000009.png,2,1
image_0000744_crop_0000011.png,1,1
image_0000744_crop_0000011.png,2,1
image_0000745_crop_0000003.png,1,1
image_0000745_crop_0000003.png,2,1
image_0000745_crop_0000003.png,3,1
image_0000745_crop_0000003.png,4,1
image_0000745_crop_0000004.png,1,0
image_0000745_crop_0000004.png,2,0
image_0000745_crop_0000006.png,1,1
image_0000745_crop_0000006.png,2,0
image_0000745_crop_0000008.png,1,1
image_0000745_crop_0000008.png,2,1
image_0000745_crop_0000008.png,3,1
image_0000745_crop_0000008.png,4,1
image_0000745_crop_0000009.png,1,1
image_0000745_crop_0000009.png,2,1
image_0000745_crop_0000010.png,1,1
image_0000745_crop_0000010.png,2,1
image_0000747_crop_0000001.png,1,1
image_0000747_crop_0000001.png,2,1
image_0000747_crop_0000001.png,3,1
image_0000748_crop_0000001.png,1,0
image_0000748_crop_0000001.png,2,1
image_0000748_crop_0000001.png,3,1
image_0000748_crop_0000002.png,1,1
image_0000748_crop_0000002.png,2,1
image_0000748_crop_0000008.png,1,0
image_0000748_crop_0000008.png,2,0
image_0000753_crop_0000002.png,1,0
image_0000753_crop_0000002.png,2,0
image_0000753_crop_0000006.png,1,1
image_0000753_crop_0000006.png,2,1
image_0000753_crop_0000006.png,3,1
image_0000753_crop_0000007.png,1,1
image_0000753_crop_0000007.png,2,1
image_0000759_crop_0000005.png,1,1
image_0000759_crop_0000005.png,2,1
image_0000761_crop_0000001.png,1,1
image_0000761_crop_0000001.png,2,1
image_0000761_crop_0000002.png,1,1
image_0000761_crop_0000002.png,2,1
image_0000761_crop_0000002.png,3,1
image_0000761_crop_0000007.png,1,1
image_0000761_crop_0000007.png,2,1
image_0000761_crop_0000009.png,1,1
image_0000761_crop_0000009.png,2,1
image_0000761_crop_0000010.png,1,1
image_0000761_crop_0000010.png,2,1
image_0000761_crop_0000012.png,1,1
image_0000761_crop_0000012.png,2,1
image_0000761_crop_0000013.png,1,1
image_0000761_crop_0000013.png,2,1
image_0000761_crop_0000015.png,1,1
image_0000761_crop_0000015.png,2,1
image_0000761_crop_0000016.png,1,1
image_0000761_crop_0000016.png,2,1
image_0000761_crop_0000016.png,3,1
image_0000761_crop_0000017.png,1,1
image_0000761_crop_0000017.png,2,1
image_0000761_crop_0000017.png,3,1
image_0000761_crop_0000017.png,4,1
image_0000761_crop_0000017.png,5,1
image_0000761_crop_0000017.png,6,0
image_0000761_crop_0000018.png,1,1
image_0000761_crop_0000018.png,2,1
image_0000761_crop_0000018.png,3,0
image_0000762_crop_0000002.png,1,1
image_0000762_crop_0000002.png,2,1
image_0000765_crop_0000001.png,1,1
image_0000765_crop_0000001.png,2,1
image_0000765_crop_0000001.png,3,1
image_0000765_crop_0000001.png,4,1
image_0000765_crop_0000001.png,5,1
image_0000765_crop_0000001.png,6,1
image_0000765_crop_0000002.png,1,1
image_0000765_crop_0000002.png,2,1
image_0000765_crop_0000002.png,3,1
image_0000765_crop_0000004.png,1,1
image_0000765_crop_0000004.png,2,1
image_0000765_crop_0000005.png,1,0
image_0000765_crop_0000005.png,2,1
image_0000765_crop_0000006.png,1,1
image_0000765_crop_0000006.png,2,1
image_0000765_crop_0000007.png,1,0
image_0000765_crop_0000007.png,2,1
image_0000765_crop_0000007.png,3,1
image_0000765_crop_0000007.png,4,1
image_0000767_crop_0000001.png,1,1
image_0000767_crop_0000001.png,2,0
image_0000768_crop_0000001.png,1,1
image_0000768_crop_0000001.png,2,1
image_0000768_crop_0000001.png,3,1
image_0000768_crop_0000002.png,1,1
image_0000768_crop_0000002.png,2,1
image_0000768_crop_0000002.png,3,1
image_0000768_crop_0000002.png,4,0
image_0000768_crop_0000004.png,1,1
image_0000768_crop_0000004.png,2,1
image_0000768_crop_0000005.png,1,0
image_0000768_crop_0000005.png,2,0
image_0000768_crop_0000005.png,3,0
image_0000768_crop_0000005.png,4,0
image_0000768_crop_0000005.png,5,0
image_0000768_crop_0000006.png,1,1
image_0000768_crop_0000006.png,2,1
image_0000768_crop_0000006.png,3,1
image_0000768_crop_0000007.png,1,0
image_0000768_crop_0000007.png,2,1
image_0000769_crop_0000003.png,1,1
image_0000769_crop_0000003.png,2,1
image_0000771_crop_0000001.png,1,0
image_0000771_crop_0000001.png,2,0
image_0000771_crop_0000003.png,1,1
image_0000771_crop_0000003.png,2,1
image_0000771_crop_0000005.png,1,1
image_0000771_crop_0000005.png,2,1
image_0000771_crop_0000006.png,1,0
image_0000771_crop_0000006.png,2,0
image_0000772_crop_0000004.png,1,0
image_0000772_crop_0000004.png,2,0
image_0000773_crop_0000001.png,1,0
image_0000773_crop_0000001.png,2,0
image_0000773_crop_0000001.png,3,0
image_0000773_crop_0000001.png,4,0
image_0000773_crop_0000001.png,5,0
image_0000775_crop_0000002.png,1,1
image_0000775_crop_0000002.png,2,1
image_0000775_crop_0000003.png,1,1
image_0000775_crop_0000003.png,2,1
image_0000775_crop_0000003.png,3,1
image_0000781_crop_0000001.png,1,1
image_0000781_crop_0000001.png,2,1
image_0000782_crop_0000001.png,1,1
image_0000782_crop_0000001.png,2,1
image_0000782_crop_0000001.png,3,1
image_0000782_crop_0000001.png,4,1
image_0000782_crop_0000003.png,1,1
image_0000782_crop_0000003.png,2,1
image_0000782_crop_0000003.png,3,1
image_0000782_crop_0000003.png,4,1
image_0000782_crop_0000004.png,1,1
image_0000782_crop_0000004.png,2,1
image_0000782_crop_0000006.png,1,1
image_0000782_crop_0000006.png,2,1
image_0000782_crop_0000006.png,3,1
image_0000783_crop_0000001.png,1,0
image_0000783_crop_0000001.png,2,1
image_0000785_crop_0000001.png,1,1
image_0000785_crop_0000001.png,2,1
image_0000785_crop_0000001.png,3,1
image_0000785_crop_0000001.png,4,1
image_0000785_crop_0000002.png,1,1
image_0000785_crop_0000002.png,2,1
image_0000785_crop_0000002.png,3,1
image_0000785_crop_0000002.png,4,1
image_0000785_crop_0000002.png,5,1
image_0000785_crop_0000004.png,1,1
image_0000785_crop_0000004.png,2,1
image_0000785_crop_0000008.png,1,1
image_0000785_crop_0000008.png,2,1
image_0000785_crop_0000009.png,1,1
image_0000785_crop_0000009.png,2,1
image_0000811_crop_0000003.png,1,0
image_0000811_crop_0000003.png,2,0
image_0000832_crop_0000001.png,1,0
image_0000832_crop_0000001.png,2,0
image_0000920_crop_0000001.png,1,1
image_0000920_crop_0000001.png,2,1
image_0000920_crop_0000002.png,1,1
image_0000920_crop_0000002.png,2,1
image_0000920_crop_0000002.png,3,1
image_0000920_crop_0000004.png,1,1
image_0000920_crop_0000004.png,2,1
image_0000927_crop_0000001.png,1,1
image_0000927_crop_0000001.png,2,1
image_0000957_crop_0000001.png,1,1
image_0000957_crop_0000001.png,2,1
image_0000957_crop_0000002.png,1,1
image_0000957_crop_0000002.png,2,1
image_0000957_crop_0000003.png,1,1
image_0000957_crop_0000003.png,2,1
image_0000957_crop_0000004.png,1,1
image_0000957_crop_0000004.png,2,1
image_0000957_crop_0000005.png,1,1
image_0000957_crop_0000005.png,2,1
image_0000957_crop_0000006.png,1,1
image_0000957_crop_0000006.png,2,1
image_0000957_crop_0000007.png,1,1
image_0000957_crop_0000007.png,2,1
image_0000957_crop_0000007.png,3,1
image_0000957_crop_0000008.png,1,1
image_0000957_crop_0000008.png,2,1
image_0000957_crop_0000009.png,1,1
image_0000957_crop_0000009.png,2,1
image_0000957_crop_0000010.png,1,1
image_0000957_crop_0000010.png,2,1
image_0000957_crop_0000011.png,1,1
image_0000957_crop_0000011.png,2,1
image_0000967_crop_0000001.png,1,1
image_0000967_crop_0000001.png,2,1
image_0000967_crop_0000003.png,1,0
image_0000967_crop_0000003.png,2,0
image_0000975_crop_0000001.png,1,1
image_0000975_crop_0000001.png,2,1
image_0000975_crop_0000001.png,3,1
image_0000975_crop_0000001.png,4,0
image_0000975_crop_0000002.png,1,1
image_0000975_crop_0000002.png,2,1
image_0000975_crop_0000002.png,3,1
image_0000975_crop_0000003.png,1,1
image_0000975_crop_0000003.png,2,1
image_0000975_crop_0000004.png,1,1
image_0000975_crop_0000004.png,2,1
image_0000975_crop_0000005.png,1,1
image_0000975_crop_0000005.png,2,1
image_0000975_crop_0000006.png,1,1
image_0000975_crop_0000006.png,2,1
image_0000983_crop_0000002.png,1,1
image_0000983_crop_0000002.png,2,1
image_0000983_crop_0000003.png,1,1
image_0000983_crop_0000003.png,2,1
image_0000983_crop_0000004.png,1,1
image_0000983_crop_0000004.png,2,1
image_0000983_crop_0000005.png,1,1
image_0000983_crop_0000005.png,2,1
image_0000984_crop_0000001.png,1,1
image_0000984_crop_0000001.png,2,1
image_0000984_crop_0000001.png,3,0
image_0000984_crop_0000002.png,1,1
image_0000984_crop_0000002.png,2,1
image_0000987_crop_0000002.png,1,1
image_0000987_crop_0000002.png,2,1
image_0000987_crop_0000004.png,1,1
image_0000987_crop_0000004.png,2,1
image_0000987_crop_0000006.png,1,1
image_0000987_crop_0000006.png,2,1
image_0000987_crop_0000007.png,1,1
image_0000987_crop_0000007.png,2,1
image_0000987_crop_0000008.png,1,1
image_0000987_crop_0000008.png,2,1
image_0000987_crop_0000009.png,1,0
image_0000987_crop_0000009.png,2,1
image_0000987_crop_0000010.png,1,1
image_0000987_crop_0000010.png,2,1
image_0000987_crop_0000011.png,1,1
image_0000987_crop_0000011.png,2,1
image_0000987_crop_0000013.png,1,0
image_0000987_crop_0000013.png,2,1
image_0000987_crop_0000014.png,1,0
image_0000987_crop_0000014.png,2,1
image_0000987_crop_0000015.png,1,0
image_0000987_crop_0000015.png,2,0
image_0000987_crop_0000016.png,1,1
image_0000987_crop_0000016.png,2,1
image_0000987_crop_0000017.png,1,1
image_0000987_crop_0000017.png,2,0
image_0000987_crop_0000018.png,1,1
image_0000987_crop_0000018.png,2,1
image_0000987_crop_0000020.png,1,1
image_0000987_crop_0000020.png,2,1
image_0000987_crop_0000021.png,1,1
image_0000987_crop_0000021.png,2,1
image_0000987_crop_0000022.png,1,1
image_0000987_crop_0000022.png,2,1
image_0000987_crop_0000022.png,3,1
image_0000987_crop_0000023.png,1,1
image_0000987_crop_0000023.png,2,1
image_0000987_crop_0000025.png,1,1
image_0000987_crop_0000025.png,2,1
image_0000987_crop_0000026.png,1,1
image_0000987_crop_0000026.png,2,1
image_0000987_crop_0000029.png,1,0
image_0000987_crop_0000029.png,2,1
image_0000987_crop_0000030.png,1,0
image_0000987_crop_0000030.png,2,1
image_0000987_crop_0000032.png,1,1
image_0000987_crop_0000032.png,2,1
image_0000987_crop_0000032.png,3,1
image_0000987_crop_0000034.png,1,1
image_0000987_crop_0000034.png,2,1
image_0000987_crop_0000035.png,1,0
image_0000987_crop_0000035.png,2,1
image_0000987_crop_0000036.png,1,1
image_0000987_crop_0000036.png,2,1
image_0000987_crop_0000038.png,1,1
image_0000987_crop_0000038.png,2,0
image_0000987_crop_0000040.png,1,1
image_0000987_crop_0000040.png,2,1
image_0000987_crop_0000041.png,1,0
image_0000987_crop_0000041.png,2,1
image_0000987_crop_0000041.png,3,0
image_0000987_crop_0000044.png,1,1
image_0000987_crop_0000044.png,2,1
image_0000987_crop_0000046.png,1,1
image_0000987_crop_0000046.png,2,0
image_0000987_crop_0000048.png,1,1
image_0000987_crop_0000048.png,2,1
image_0000990_crop_0000001.png,1,1
image_0000990_crop_0000001.png,2,1
image_0000990_crop_0000001.png,3,0
image_0000990_crop_0000002.png,1,1
image_0000990_crop_0000002.png,2,1
image_0000990_crop_0000002.png,3,1
image_0000990_crop_0000003.png,1,0
image_0000990_crop_0000003.png,2,0
image_0000990_crop_0000004.png,1,1
image_0000990_crop_0000004.png,2,1
image_0000995_crop_0000001.png,1,0
image_0000995_crop_0000001.png,2,1
image_0000995_crop_0000001.png,3,0
image_0000995_crop_0000002.png,1,0
image_0000995_crop_0000002.png,2,1
image_0000996_crop_0000001.png,1,1
image_0000996_crop_0000001.png,2,1
image_0000996_crop_0000002.png,1,1
image_0000996_crop_0000002.png,2,1
image_0000996_crop_0000002.png,3,1
image_0000996_crop_0000003.png,1,1
image_0000996_crop_0000003.png,2,1
image_0000999_crop_0000002.png,1,1
image_0000999_crop_0000002.png,2,1
image_0000999_crop_0000003.png,1,1
image_0000999_crop_0000003.png,2,1
image_0000999_crop_0000004.png,1,1
image_0000999_crop_0000004.png,2,1
image_0000999_crop_0000006.png,1,1
image_0000999_crop_0000006.png,2,1
image_0000999_crop_0000010.png,1,0
image_0000999_crop_0000010.png,2,1
image_0000999_crop_0000010.png,3,1
image_0000999_crop_0000011.png,1,0
image_0000999_crop_0000011.png,2,1
image_0000999_crop_0000013.png,1,1
image_0000999_crop_0000013.png,2,1
image_0000999_crop_0000014.png,1,1
image_0000999_crop_0000014.png,2,1
image_0000999_crop_0000016.png,1,1
image_0000999_crop_0000016.png,2,1
image_0000999_crop_0000017.png,1,0
image_0000999_crop_0000017.png,2,1
image_0000999_crop_0000018.png,1,1
image_0000999_crop_0000018.png,2,1
image_0000999_crop_0000019.png,1,1
image_0000999_crop_0000019.png,2,1
image_0000999_crop_0000019.png,3,0
image_0000999_crop_0000020.png,1,1
image_0000999_crop_0000020.png,2,1
image_0000999_crop_0000021.png,1,1
image_0000999_crop_0000021.png,2,1
image_0001000_crop_0000002.png,1,1
image_0001000_crop_0000002.png,2,1
image_0001000_crop_0000002.png,3,1
image_0001000_crop_0000003.png,1,1
image_0001000_crop_0000003.png,2,1
image_0001007_crop_0000003.png,1,1
image_0001007_crop_0000003.png,2,1
image_0001010_crop_0000001.png,1,1
image_0001010_crop_0000001.png,2,1
image_0001010_crop_0000002.png,1,1
image_0001010_crop_0000002.png,2,1
image_0001010_crop_0000003.png,1,1
image_0001010_crop_0000003.png,2,1
image_0001010_crop_0000004.png,1,1
image_0001010_crop_0000004.png,2,1
image_0001010_crop_0000006.png,1,1
image_0001010_crop_0000006.png,2,1
image_0001010_crop_0000007.png,1,1
image_0001010_crop_0000007.png,2,1
image_0001010_crop_0000008.png,1,1
image_0001010_crop_0000008.png,2,1
image_0001010_crop_0000009.png,1,1
image_0001010_crop_0000009.png,2,1
image_0001010_crop_0000009.png,3,1
image_0001010_crop_0000010.png,1,1
image_0001010_crop_0000010.png,2,0
image_0001010_crop_0000011.png,1,1
image_0001010_crop_0000011.png,2,1
image_0001010_crop_0000011.png,3,1
image_0001010_crop_0000012.png,1,1
image_0001010_crop_0000012.png,2,1
image_0001010_crop_0000013.png,1,1
image_0001010_crop_0000013.png,2,1
image_0001010_crop_0000017.png,1,1
image_0001010_crop_0000017.png,2,1
image_0001020_crop_0000001.png,1,1
image_0001020_crop_0000001.png,2,1
image_0001020_crop_0000003.png,1,1
image_0001020_crop_0000003.png,2,1
image_0001020_crop_0000004.png,1,1
image_0001020_crop_0000004.png,2,1
image_0001020_crop_0000006.png,1,1
image_0001020_crop_0000006.png,2,1
image_0001020_crop_0000006.png,3,1
image_0001020_crop_0000007.png,1,1
image_0001020_crop_0000007.png,2,1
image_0001020_crop_0000008.png,1,1
image_0001020_crop_0000008.png,2,1
image_0001020_crop_0000009.png,1,1
image_0001020_crop_0000009.png,2,1
image_0001020_crop_0000010.png,1,1
image_0001020_crop_0000010.png,2,1
image_0001020_crop_0000011.png,1,1
image_0001020_crop_0000011.png,2,1
image_0001020_crop_0000012.png,1,1
image_0001020_crop_0000012.png,2,1
image_0001020_crop_0000012.png,3,1
image_0001020_crop_0000013.png,1,0
image_0001020_crop_0000013.png,2,0
image_0001020_crop_0000014.png,1,1
image_0001020_crop_0000014.png,2,1
image_0001020_crop_0000014.png,3,1
image_0001020_crop_0000022.png,1,1
image_0001020_crop_0000022.png,2,1
image_0001022_crop_0000002.png,1,1
image_0001022_crop_0000002.png,2,1
image_0001022_crop_0000003.png,1,1
image_0001022_crop_0000003.png,2,1
image_0001022_crop_0000005.png,1,1
image_0001022_crop_0000005.png,2,1
image_0001022_crop_0000005.png,3,1
image_0001031_crop_0000002.png,1,1
image_0001031_crop_0000002.png,2,1
image_0001031_crop_0000003.png,1,1
image_0001031_crop_0000003.png,2,1
image_0001031_crop_0000004.png,1,1
image_0001031_crop_0000004.png,2,1
image_0001034_crop_0000001.png,1,1
image_0001034_crop_0000001.png,2,1
image_0001034_crop_0000001.png,3,1
image_0001034_crop_0000004.png,1,0
image_0001034_crop_0000004.png,2,1
image_0001034_crop_0000004.png,3,1
image_0001034_crop_0000006.png,1,1
image_0001034_crop_0000006.png,2,1
image_0001034_crop_0000007.png,1,1
image_0001034_crop_0000007.png,2,0
image_0001034_crop_0000007.png,3,1
image_0001034_crop_0000009.png,1,1
image_0001034_crop_0000009.png,2,1
image_0001045_crop_0000001.png,1,1
image_0001045_crop_0000001.png,2,1
image_0001045_crop_0000002.png,1,1
image_0001045_crop_0000002.png,2,1
image_0001045_crop_0000003.png,1,0
image_0001045_crop_0000003.png,2,0
image_0001045_crop_0000003.png,3,1
image_0001049_crop_0000001.png,1,1
image_0001049_crop_0000001.png,2,1
image_0001049_crop_0000001.png,3,1
image_0001049_crop_0000001.png,4,0
image_0001051_crop_0000002.png,1,1
image_0001051_crop_0000002.png,2,1
image_0001051_crop_0000004.png,1,1
image_0001051_crop_0000004.png,2,1
image_0001051_crop_0000005.png,1,0
image_0001051_crop_0000005.png,2,1
image_0001051_crop_0000006.png,1,0
image_0001051_crop_0000006.png,2,0
image_0001051_crop_0000007.png,1,1
image_0001051_crop_0000007.png,2,1
image_0001051_crop_0000008.png,1,1
image_0001051_crop_0000008.png,2,1
image_0001051_crop_0000009.png,1,1
image_0001051_crop_0000009.png,2,1
image_0001051_crop_0000010.png,1,1
image_0001051_crop_0000010.png,2,1
image_0001051_crop_0000012.png,1,1
image_0001051_crop_0000012.png,2,1
image_0001059_crop_0000001.png,1,1
image_0001059_crop_0000001.png,2,1
image_0001060_crop_0000001.png,1,1
image_0001060_crop_0000001.png,2,1
image_0001060_crop_0000001.png,3,1
image_0001060_crop_0000006.png,1,1
image_0001060_crop_0000006.png,2,0
image_0001060_crop_0000007.png,1,1
image_0001060_crop_0000007.png,2,1
image_0001063_crop_0000001.png,1,1
image_0001063_crop_0000001.png,2,1
image_0001063_crop_0000003.png,1,1
image_0001063_crop_0000003.png,2,1
image_0001063_crop_0000008.png,1,1
image_0001063_crop_0000008.png,2,1
image_0001063_crop_0000009.png,1,1
image_0001063_crop_0000009.png,2,1
image_0001063_crop_0000010.png,1,1
image_0001063_crop_0000010.png,2,1
image_0001063_crop_0000012.png,1,1
image_0001063_crop_0000012.png,2,1
image_0001064_crop_0000001.png,1,1
image_0001064_crop_0000001.png,2,1
image_0001064_crop_0000002.png,1,0
image_0001064_crop_0000002.png,2,0
image_0001064_crop_0000003.png,1,1
image_0001064_crop_0000003.png,2,1
image_0001064_crop_0000003.png,3,1
image_0001066_crop_0000001.png,1,1
image_0001066_crop_0000001.png,2,1
image_0001066_crop_0000002.png,1,1
image_0001066_crop_0000002.png,2,1
image_0001066_crop_0000002.png,3,1
image_0001066_crop_0000003.png,1,1
image_0001066_crop_0000003.png,2,1
image_0001066_crop_0000003.png,3,1
image_0001066_crop_0000005.png,1,1
image_0001066_crop_0000005.png,2,1
image_0001066_crop_0000005.png,3,1
image_0001066_crop_0000007.png,1,1
image_0001066_crop_0000007.png,2,1
image_0001066_crop_0000007.png,3,1
image_0001066_crop_0000007.png,4,1
image_0001066_crop_0000009.png,1,1
image_0001066_crop_0000009.png,2,1
image_0001066_crop_0000009.png,3,1
image_0001066_crop_0000009.png,4,1
image_0001066_crop_0000010.png,1,1
image_0001066_crop_0000010.png,2,1
image_0001070_crop_0000003.png,1,1
image_0001070_crop_0000003.png,2,1
image_0001070_crop_0000004.png,1,1
image_0001070_crop_0000004.png,2,1
image_0001070_crop_0000008.png,1,1
image_0001070_crop_0000008.png,2,1
image_0001070_crop_0000010.png,1,1
image_0001070_crop_0000010.png,2,1
image_0001070_crop_0000011.png,1,1
image_0001070_crop_0000011.png,2,1
image_0001071_crop_0000003.png,1,1
image_0001071_crop_0000003.png,2,1
image_0001071_crop_0000003.png,3,1
image_0001071_crop_0000005.png,1,0
image_0001071_crop_0000005.png,2,0
image_0001071_crop_0000006.png,1,1
image_0001071_crop_0000006.png,2,1
image_0001071_crop_0000007.png,1,1
image_0001071_crop_0000007.png,2,1
image_0001071_crop_0000007.png,3,1
image_0001072_crop_0000003.png,1,1
image_0001072_crop_0000003.png,2,1
image_0001072_crop_0000003.png,3,1
image_0001073_crop_0000001.png,1,1
image_0001073_crop_0000001.png,2,1
image_0001073_crop_0000001.png,3,1
image_0001073_crop_0000002.png,1,1
image_0001073_crop_0000002.png,2,1
image_0001073_crop_0000002.png,3,1
image_0001073_crop_0000002.png,4,1
image_0001073_crop_0000002.png,5,1
image_0001073_crop_0000003.png,1,1
image_0001073_crop_0000003.png,2,1
image_0001073_crop_0000003.png,3,1
image_0001073_crop_0000003.png,4,1
image_0001073_crop_0000003.png,5,1
image_0001073_crop_0000003.png,6,1
image_0001073_crop_0000004.png,1,1
image_0001073_crop_0000004.png,2,1
image_0001073_crop_0000004.png,3,1
image_0001073_crop_0000004.png,4,1
image_0001073_crop_0000005.png,1,1
image_0001073_crop_0000005.png,2,1
image_0001073_crop_0000005.png,3,1
image_0001073_crop_0000005.png,4,1
image_0001073_crop_0000005.png,5,1
image_0001075_crop_0000002.png,1,1
image_0001075_crop_0000002.png,2,1
image_0001075_crop_0000003.png,1,1
image_0001075_crop_0000003.png,2,1
image_0001075_crop_0000004.png,1,1
image_0001075_crop_0000004.png,2,1
image_0001083_crop_0000001.png,1,1
image_0001083_crop_0000001.png,2,1
image_0001083_crop_0000001.png,3,1
image_0001083_crop_0000002.png,1,0
image_0001083_crop_0000002.png,2,0
image_0001083_crop_0000006.png,1,1
image_0001083_crop_0000006.png,2,1
image_0001083_crop_0000006.png,3,1
image_0001083_crop_0000006.png,4,1
image_0001083_crop_0000010.png,1,0
image_0001083_crop_0000010.png,2,0
image_0001083_crop_0000010.png,3,0
image_0001083_crop_0000010.png,4,0
image_0001085_crop_0000006.png,1,0
image_0001085_crop_0000006.png,2,0
image_0001087_crop_0000003.png,1,1
image_0001087_crop_0000003.png,2,1
image_0001087_crop_0000003.png,3,1
image_0001087_crop_0000004.png,1,1
image_0001087_crop_0000004.png,2,1
image_0001087_crop_0000004.png,3,1
image_0001088_crop_0000001.png,1,1
image_0001088_crop_0000001.png,2,1
image_0001088_crop_0000001.png,3,1
image_0001088_crop_0000001.png,4,1
image_0001089_crop_0000001.png,1,1
image_0001089_crop_0000001.png,2,1
image_0001089_crop_0000001.png,3,1
image_0001089_crop_0000002.png,1,1
image_0001089_crop_0000002.png,2,1
image_0001095_crop_0000001.png,1,1
image_0001095_crop_0000001.png,2,1
image_0001095_crop_0000001.png,3,1
image_0001095_crop_0000001.png,4,1
image_0001095_crop_0000003.png,1,1
image_0001095_crop_0000003.png,2,1
image_0001095_crop_0000003.png,3,1
image_0001095_crop_0000003.png,4,1
image_0001095_crop_0000004.png,1,1
image_0001095_crop_0000004.png,2,1
image_0001095_crop_0000005.png,1,1
image_0001095_crop_0000005.png,2,0
image_0001095_crop_0000006.png,1,1
image_0001095_crop_0000006.png,2,1
image_0001095_crop_0000007.png,1,1
image_0001095_crop_0000007.png,2,1
image_0001095_crop_0000007.png,3,1
image_0001097_crop_0000002.png,1,1
image_0001097_crop_0000002.png,2,1
image_0001097_crop_0000002.png,3,1
image_0001097_crop_0000004.png,1,1
image_0001097_crop_0000004.png,2,1
image_0001097_crop_0000004.png,3,1
image_0001097_crop_0000006.png,1,1
image_0001097_crop_0000006.png,2,1
image_0001097_crop_0000006.png,3,1
image_0001097_crop_0000009.png,1,0
image_0001097_crop_0000009.png,2,0
image_0001098_crop_0000006.png,1,1
image_0001098_crop_0000006.png,2,1
image_0001098_crop_0000007.png,1,1
image_0001098_crop_0000007.png,2,1
image_0001098_crop_0000008.png,1,1
image_0001098_crop_0000008.png,2,1
image_0001098_crop_0000009.png,1,0
image_0001098_crop_0000009.png,2,1
image_0001098_crop_0000010.png,1,1
image_0001098_crop_0000010.png,2,1
image_0001098_crop_0000011.png,1,1
image_0001098_crop_0000011.png,2,1
image_0001099_crop_0000001.png,1,0
image_0001099_crop_0000001.png,2,0
image_0001099_crop_0000005.png,1,0
image_0001099_crop_0000005.png,2,0
image_0001100_crop_0000001.png,1,1
image_0001100_crop_0000001.png,2,1
image_0001100_crop_0000002.png,1,1
image_0001100_crop_0000002.png,2,1
image_0001100_crop_0000003.png,1,1
image_0001100_crop_0000003.png,2,1
image_0001100_crop_0000004.png,1,1
image_0001100_crop_0000004.png,2,1
image_0001102_crop_0000001.png,1,1
image_0001102_crop_0000001.png,2,1
image_0001102_crop_0000002.png,1,1
image_0001102_crop_0000002.png,2,1
image_0001102_crop_0000002.png,3,1
image_0001102_crop_0000003.png,1,0
image_0001102_crop_0000003.png,2,0
image_0001103_crop_0000001.png,1,1
image_0001103_crop_0000001.png,2,1
image_0001103_crop_0000001.png,3,1
image_0001103_crop_0000001.png,4,1
image_0001103_crop_0000001.png,5,1
image_0001103_crop_0000001.png,6,1
image_0001103_crop_0000003.png,1,1
image_0001103_crop_0000003.png,2,1
image_0001103_crop_0000004.png,1,1
image_0001103_crop_0000004.png,2,0
image_0001106_crop_0000001.png,1,1
image_0001106_crop_0000001.png,2,1
image_0001106_crop_0000002.png,1,1
image_0001106_crop_0000002.png,2,1
image_0001106_crop_0000002.png,3,1
image_0001108_crop_0000001.png,1,1
image_0001108_crop_0000001.png,2,1
image_0001108_crop_0000002.png,1,1
image_0001108_crop_0000002.png,2,1
image_0001109_crop_0000002.png,1,1
image_0001109_crop_0000002.png,2,1
image_0001109_crop_0000003.png,1,1
image_0001109_crop_0000003.png,2,1
image_0001109_crop_0000004.png,1,0
image_0001109_crop_0000004.png,2,1
image_0001109_crop_0000005.png,1,1
image_0001109_crop_0000005.png,2,1
image_0001110_crop_0000001.png,1,1
image_0001110_crop_0000001.png,2,1
image_0001111_crop_0000002.png,1,1
image_0001111_crop_0000002.png,2,1
image_0001111_crop_0000003.png,1,1
image_0001111_crop_0000003.png,2,1
image_0001114_crop_0000001.png,1,1
image_0001114_crop_0000001.png,2,0
image_0001114_crop_0000001.png,3,1
image_0001114_crop_0000001.png,4,1
image_0001114_crop_0000002.png,1,1
image_0001114_crop_0000002.png,2,1
image_0001114_crop_0000002.png,3,1
image_0001114_crop_0000002.png,4,1
image_0001114_crop_0000005.png,1,1
image_0001114_crop_0000005.png,2,1
image_0001114_crop_0000006.png,1,1
image_0001114_crop_0000006.png,2,1
image_0001114_crop_0000007.png,1,1
image_0001114_crop_0000007.png,2,1
image_0001115_crop_0000002.png,1,1
image_0001115_crop_0000002.png,2,1
image_0001115_crop_0000002.png,3,1
image_0001115_crop_0000002.png,4,1
image_0001115_crop_0000005.png,1,1
image_0001115_crop_0000005.png,2,1
image_0001115_crop_0000006.png,1,1
image_0001115_crop_0000006.png,2,1
image_0001115_crop_0000007.png,1,0
image_0001115_crop_0000007.png,2,1
image_0001115_crop_0000009.png,1,1
image_0001115_crop_0000009.png,2,1
image_0001115_crop_0000010.png,1,1
image_0001115_crop_0000010.png,2,1
image_0001115_crop_0000011.png,1,1
image_0001115_crop_0000011.png,2,1
image_0001115_crop_0000012.png,1,1
image_0001115_crop_0000012.png,2,1
image_0001115_crop_0000012.png,3,1
image_0001115_crop_0000012.png,4,1
image_0001117_crop_0000002.png,1,1
image_0001117_crop_0000002.png,2,1
image_0001117_crop_0000003.png,1,1
image_0001117_crop_0000003.png,2,1
image_0001117_crop_0000004.png,1,1
image_0001117_crop_0000004.png,2,1
image_0001118_crop_0000001.png,1,1
image_0001118_crop_0000001.png,2,1
image_0001118_crop_0000004.png,1,0
image_0001118_crop_0000004.png,2,0
image_0001118_crop_0000006.png,1,0
image_0001118_crop_0000006.png,2,1
image_0001118_crop_0000006.png,3,1
image_0001118_crop_0000008.png,1,0
image_0001118_crop_0000008.png,2,0
image_0001118_crop_0000009.png,1,0
image_0001118_crop_0000009.png,2,0
image_0001118_crop_0000009.png,3,1
image_0001118_crop_0000010.png,1,1
image_0001118_crop_0000010.png,2,1
image_0001118_crop_0000013.png,1,0
image_0001118_crop_0000013.png,2,0
image_0001124_crop_0000001.png,1,1
image_0001124_crop_0000001.png,2,1
image_0001124_crop_0000001.png,3,1
image_0001124_crop_0000001.png,4,1
image_0001124_crop_0000002.png,1,1
image_0001124_crop_0000002.png,2,1
image_0001124_crop_0000003.png,1,1
image_0001124_crop_0000003.png,2,1
image_0001125_crop_0000001.png,1,0
image_0001125_crop_0000001.png,2,1
image_0001125_crop_0000002.png,1,0
image_0001125_crop_0000002.png,2,1
image_0001125_crop_0000003.png,1,0
image_0001125_crop_0000003.png,2,1
image_0001125_crop_0000003.png,3,1
image_0001125_crop_0000004.png,1,1
image_0001125_crop_0000004.png,2,1
image_0001125_crop_0000004.png,3,1
image_0001125_crop_0000005.png,1,0
image_0001125_crop_0000005.png,2,0
image_0001125_crop_0000005.png,3,1
image_0001125_crop_0000005.png,4,0
image_0001125_crop_0000006.png,1,1
image_0001125_crop_0000006.png,2,1
image_0001125_crop_0000006.png,3,0
image_0001125_crop_0000007.png,1,1
image_0001125_crop_0000007.png,2,1
image_0001125_crop_0000007.png,3,1
image_0001125_crop_0000008.png,1,0
image_0001125_crop_0000008.png,2,0
image_0001125_crop_0000009.png,1,0
image_0001125_crop_0000009.png,2,0
image_0001125_crop_0000010.png,1,0
image_0001125_crop_0000010.png,2,1
image_0001126_crop_0000003.png,1,1
image_0001126_crop_0000003.png,2,1
image_0001126_crop_0000004.png,1,0
image_0001126_crop_0000004.png,2,1
image_0001126_crop_0000006.png,1,1
image_0001126_crop_0000006.png,2,1
image_0001126_crop_0000007.png,1,0
image_0001126_crop_0000007.png,2,0
image_0001126_crop_0000007.png,3,0
image_0001126_crop_0000007.png,4,0
image_0001128_crop_0000003.png,1,1
image_0001128_crop_0000003.png,2,1
image_0001128_crop_0000004.png,1,1
image_0001128_crop_0000004.png,2,1
image_0001128_crop_0000005.png,1,1
image_0001128_crop_0000005.png,2,1
image_0001128_crop_0000007.png,1,1
image_0001128_crop_0000007.png,2,1
image_0001128_crop_0000008.png,1,1
image_0001128_crop_0000008.png,2,1
image_0001129_crop_0000005.png,1,1
image_0001129_crop_0000005.png,2,1
image_0001130_crop_0000003.png,1,0
image_0001130_crop_0000003.png,2,1
image_0001130_crop_0000003.png,3,1
image_0001132_crop_0000001.png,1,1
image_0001132_crop_0000001.png,2,1
image_0001132_crop_0000003.png,1,0
image_0001132_crop_0000003.png,2,0
image_0001134_crop_0000001.png,1,1
image_0001134_crop_0000001.png,2,1
image_0001135_crop_0000001.png,1,1
image_0001135_crop_0000001.png,2,1
image_0001135_crop_0000002.png,1,1
image_0001135_crop_0000002.png,2,1
image_0001135_crop_0000002.png,3,1
image_0001135_crop_0000003.png,1,1
image_0001135_crop_0000003.png,2,1
image_0001135_crop_0000004.png,1,1
image_0001135_crop_0000004.png,2,1
image_0001135_crop_0000004.png,3,0
image_0001135_crop_0000006.png,1,1
image_0001135_crop_0000006.png,2,1
image_0001135_crop_0000007.png,1,1
image_0001135_crop_0000007.png,2,1
image_0001136_crop_0000004.png,1,1
image_0001136_crop_0000004.png,2,1
image_0001136_crop_0000005.png,1,1
image_0001136_crop_0000005.png,2,1
image_0001136_crop_0000005.png,3,1
image_0001137_crop_0000001.png,1,1
image_0001137_crop_0000001.png,2,1
image_0001137_crop_0000001.png,3,1
image_0001137_crop_0000001.png,4,1
image_0001137_crop_0000001.png,5,1
image_0001137_crop_0000002.png,1,1
image_0001137_crop_0000002.png,2,1
image_0001137_crop_0000002.png,3,1
image_0001137_crop_0000003.png,1,1
image_0001137_crop_0000003.png,2,1
image_0001137_crop_0000004.png,1,1
image_0001137_crop_0000004.png,2,1
image_0001138_crop_0000003.png,1,1
image_0001138_crop_0000003.png,2,1
image_0001138_crop_0000007.png,1,1
image_0001138_crop_0000007.png,2,1
image_0001139_crop_0000003.png,1,0
image_0001139_crop_0000003.png,2,0
image_0001139_crop_0000006.png,1,0
image_0001139_crop_0000006.png,2,0
image_0001140_crop_0000005.png,1,1
image_0001140_crop_0000005.png,2,1
image_0001140_crop_0000005.png,3,1
image_0001140_crop_0000007.png,1,1
image_0001140_crop_0000007.png,2,1
image_0001143_crop_0000001.png,1,1
image_0001143_crop_0000001.png,2,1
image_0001143_crop_0000001.png,3,1
image_0001143_crop_0000001.png,4,1
image_0001143_crop_0000002.png,1,1
image_0001143_crop_0000002.png,2,1
image_0001144_crop_0000002.png,1,1
image_0001144_crop_0000002.png,2,1
image_0001144_crop_0000005.png,1,1
image_0001144_crop_0000005.png,2,1
image_0001147_crop_0000003.png,1,0
image_0001147_crop_0000003.png,2,0
image_0001148_crop_0000001.png,1,1
image_0001148_crop_0000001.png,2,1
image_0001148_crop_0000001.png,3,1
image_0001148_crop_0000002.png,1,1
image_0001148_crop_0000002.png,2,1
image_0001148_crop_0000003.png,1,1
image_0001148_crop_0000003.png,2,1
image_0001148_crop_0000003.png,3,1
image_0001148_crop_0000004.png,1,1
image_0001148_crop_0000004.png,2,1
image_0001151_crop_0000001.png,1,1
image_0001151_crop_0000001.png,2,1
image_0001156_crop_0000002.png,1,0
image_0001156_crop_0000002.png,2,0
image_0001156_crop_0000002.png,3,0
image_0001156_crop_0000004.png,1,1
image_0001156_crop_0000004.png,2,1
image_0001156_crop_0000004.png,3,1
image_0001156_crop_0000004.png,4,1
image_0001156_crop_0000006.png,1,1
image_0001156_crop_0000006.png,2,1
image_0001156_crop_0000007.png,1,1
image_0001156_crop_0000007.png,2,1
image_0001156_crop_0000010.png,1,0
image_0001156_crop_0000010.png,2,0
image_0001156_crop_0000010.png,3,1
image_0001156_crop_0000010.png,4,0
image_0001156_crop_0000011.png,1,0
image_0001156_crop_0000011.png,2,0
image_0001156_crop_0000013.png,1,1
image_0001156_crop_0000013.png,2,1
image_0001165_crop_0000001.png,1,0
image_0001165_crop_0000001.png,2,0
image_0001165_crop_0000004.png,1,1
image_0001165_crop_0000004.png,2,1
image_0001165_crop_0000005.png,1,1
image_0001165_crop_0000005.png,2,1
image_0001165_crop_0000006.png,1,1
image_0001165_crop_0000006.png,2,1
image_0001166_crop_0000001.png,1,1
image_0001166_crop_0000001.png,2,1
image_0001166_crop_0000001.png,3,1
image_0001166_crop_0000001.png,4,1
image_0001166_crop_0000002.png,1,1
image_0001166_crop_0000002.png,2,1
image_0001166_crop_0000002.png,3,1
image_0001166_crop_0000003.png,1,1
image_0001166_crop_0000003.png,2,1
image_0001166_crop_0000004.png,1,1
image_0001166_crop_0000004.png,2,1
image_0001166_crop_0000005.png,1,0
image_0001166_crop_0000005.png,2,1
image_0001167_crop_0000001.png,1,0
image_0001167_crop_0000001.png,2,1
image_0001167_crop_0000002.png,1,1
image_0001167_crop_0000002.png,2,1
image_0001167_crop_0000004.png,1,1
image_0001167_crop_0000004.png,2,1
image_0001167_crop_0000004.png,3,1
image_0001172_crop_0000001.png,1,1
image_0001172_crop_0000001.png,2,1
image_0001172_crop_0000001.png,3,1
image_0001172_crop_0000004.png,1,1
image_0001172_crop_0000004.png,2,1
image_0001172_crop_0000004.png,3,1
image_0001173_crop_0000001.png,1,1
image_0001173_crop_0000001.png,2,1
image_0001173_crop_0000001.png,3,1
image_0001173_crop_0000003.png,1,1
image_0001173_crop_0000003.png,2,1
image_0001173_crop_0000003.png,3,1
image_0001173_crop_0000003.png,4,1
image_0001173_crop_0000004.png,1,1
image_0001173_crop_0000004.png,2,1
image_0001173_crop_0000004.png,3,1
image_0001173_crop_0000005.png,1,1
image_0001173_crop_0000005.png,2,1
image_0001177_crop_0000001.png,1,0
image_0001177_crop_0000001.png,2,0
image_0001177_crop_0000003.png,1,0
image_0001177_crop_0000003.png,2,0
image_0001177_crop_0000004.png,1,0
image_0001177_crop_0000004.png,2,0
image_0001177_crop_0000005.png,1,0
image_0001177_crop_0000005.png,2,0
image_0001177_crop_0000006.png,1,0
image_0001177_crop_0000006.png,2,0
image_0001178_crop_0000001.png,1,1
image_0001178_crop_0000001.png,2,1
image_0001178_crop_0000002.png,1,1
image_0001178_crop_0000002.png,2,1
image_0001178_crop_0000002.png,3,1
image_0001178_crop_0000005.png,1,1
image_0001178_crop_0000005.png,2,1
image_0001178_crop_0000007.png,1,0
image_0001178_crop_0000007.png,2,0
image_0001178_crop_0000008.png,1,1
image_0001178_crop_0000008.png,2,1
image_0001178_crop_0000009.png,1,1
image_0001178_crop_0000009.png,2,1
image_0001178_crop_0000010.png,1,1
image_0001178_crop_0000010.png,2,0
image_0001178_crop_0000010.png,3,1
image_0001180_crop_0000003.png,1,1
image_0001180_crop_0000003.png,2,1
image_0001180_crop_0000003.png,3,1
image_0001180_crop_0000003.png,4,1
image_0001180_crop_0000003.png,5,1
image_0001180_crop_0000006.png,1,1
image_0001180_crop_0000006.png,2,1
image_0001180_crop_0000006.png,3,1
image_0001180_crop_0000006.png,4,1
image_0001181_crop_0000001.png,1,1
image_0001181_crop_0000001.png,2,1
image_0001181_crop_0000001.png,3,1
image_0001181_crop_0000002.png,1,1
image_0001181_crop_0000002.png,2,1
image_0001181_crop_0000002.png,3,1
image_0001181_crop_0000003.png,1,1
image_0001181_crop_0000003.png,2,1
image_0001181_crop_0000003.png,3,1
image_0001181_crop_0000004.png,1,1
image_0001181_crop_0000004.png,2,1
image_0001181_crop_0000004.png,3,1
image_0001183_crop_0000002.png,1,0
image_0001183_crop_0000002.png,2,0
image_0001183_crop_0000002.png,3,0
image_0001183_crop_0000003.png,1,0
image_0001183_crop_0000003.png,2,0
image_0001183_crop_0000004.png,1,0
image_0001183_crop_0000004.png,2,0
image_0001183_crop_0000006.png,1,0
image_0001183_crop_0000006.png,2,0
image_0001183_crop_0000007.png,1,0
image_0001183_crop_0000007.png,2,0
image_0001183_crop_0000007.png,3,0
image_0001183_crop_0000008.png,1,0
image_0001183_crop_0000008.png,2,0
image_0001183_crop_0000009.png,1,0
image_0001183_crop_0000009.png,2,0
image_0001183_crop_0000010.png,1,1
image_0001183_crop_0000010.png,2,0
image_0001184_crop_0000002.png,1,1
image_0001184_crop_0000002.png,2,1
image_0001184_crop_0000002.png,3,1
image_0001184_crop_0000002.png,4,1
image_0001184_crop_0000002.png,5,1
image_0001184_crop_0000002.png,6,1
image_0001184_crop_0000002.png,7,1
image_0001184_crop_0000003.png,1,1
image_0001184_crop_0000003.png,2,1
image_0001184_crop_0000003.png,3,1
image_0001184_crop_0000003.png,4,1
image_0001184_crop_0000003.png,5,1
image_0001184_crop_0000003.png,6,1
image_0001184_crop_0000003.png,7,1
image_0001184_crop_0000009.png,1,1
image_0001184_crop_0000009.png,2,1
image_0001184_crop_0000009.png,3,1
image_0001184_crop_0000009.png,4,1
image_0001184_crop_0000009.png,5,1
image_0001185_crop_0000001.png,1,1
image_0001185_crop_0000001.png,2,1
image_0001187_crop_0000004.png,1,0
image_0001187_crop_0000004.png,2,0
image_0001187_crop_0000005.png,1,0
image_0001187_crop_0000005.png,2,0
image_0001188_crop_0000003.png,1,1
image_0001188_crop_0000003.png,2,1
image_0001188_crop_0000005.png,1,1
image_0001188_crop_0000005.png,2,1
image_0001188_crop_0000005.png,3,1
image_0001188_crop_0000006.png,1,1
image_0001188_crop_0000006.png,2,1
image_0001188_crop_0000008.png,1,1
image_0001188_crop_0000008.png,2,1
image_0001188_crop_0000010.png,1,1
image_0001188_crop_0000010.png,2,1
image_0001188_crop_0000011.png,1,1
image_0001188_crop_0000011.png,2,1
image_0001188_crop_0000014.png,1,1
image_0001188_crop_0000014.png,2,1
image_0001188_crop_0000014.png,3,1
image_0001188_crop_0000014.png,4,1
image_0001188_crop_0000014.png,5,1
image_0001188_crop_0000017.png,1,1
image_0001188_crop_0000017.png,2,1
image_0001188_crop_0000018.png,1,1
image_0001188_crop_0000018.png,2,1
image_0001189_crop_0000008.png,1,1
image_0001189_crop_0000008.png,2,1
image_0001189_crop_0000010.png,1,1
image_0001189_crop_0000010.png,2,1
image_0001191_crop_0000001.png,1,1
image_0001191_crop_0000001.png,2,1
image_0001193_crop_0000001.png,1,1
image_0001193_crop_0000001.png,2,1
image_0001193_crop_0000001.png,3,1
image_0001193_crop_0000001.png,4,1
image_0001193_crop_0000002.png,1,1
image_0001193_crop_0000002.png,2,1
image_0001193_crop_0000003.png,1,1
image_0001193_crop_0000003.png,2,1
image_0001193_crop_0000004.png,1,1
image_0001193_crop_0000004.png,2,1
image_0001193_crop_0000005.png,1,1
image_0001193_crop_0000005.png,2,1
image_0001193_crop_0000006.png,1,0
image_0001193_crop_0000006.png,2,0
image_0001194_crop_0000002.png,1,1
image_0001194_crop_0000002.png,2,1
image_0001194_crop_0000004.png,1,1
image_0001194_crop_0000004.png,2,1
image_0001194_crop_0000010.png,1,1
image_0001194_crop_0000010.png,2,1
image_0001195_crop_0000005.png,1,1
image_0001195_crop_0000005.png,2,1
image_0001195_crop_0000005.png,3,1
image_0001195_crop_0000005.png,4,1
image_0001195_crop_0000006.png,1,1
image_0001195_crop_0000006.png,2,1
image_0001195_crop_0000006.png,3,1
image_0001195_crop_0000009.png,1,0
image_0001195_crop_0000009.png,2,0
image_0001199_crop_0000001.png,1,0
image_0001199_crop_0000001.png,2,1
image_0001199_crop_0000001.png,3,1
image_0001199_crop_0000002.png,1,1
image_0001199_crop_0000002.png,2,1
image_0001199_crop_0000002.png,3,1
image_0001203_crop_0000005.png,1,0
image_0001203_crop_0000005.png,2,0
image_0001203_crop_0000007.png,1,0
image_0001203_crop_0000007.png,2,0
image_0001203_crop_0000009.png,1,0
image_0001203_crop_0000009.png,2,0
image_0001203_crop_0000011.png,1,0
image_0001203_crop_0000011.png,2,0
image_0001203_crop_0000012.png,1,0
image_0001203_crop_0000012.png,2,0
image_0001207_crop_0000002.png,1,1
image_0001207_crop_0000002.png,2,1
image_0001207_crop_0000002.png,3,1
image_0001207_crop_0000003.png,1,1
image_0001207_crop_0000003.png,2,1
image_0001210_crop_0000001.png,1,1
image_0001210_crop_0000001.png,2,1
image_0001211_crop_0000001.png,1,1
image_0001211_crop_0000001.png,2,1
image_0001211_crop_0000004.png,1,1
image_0001211_crop_0000004.png,2,1
image_0001211_crop_0000006.png,1,1
image_0001211_crop_0000006.png,2,1
image_0001214_crop_0000007.png,1,0
image_0001214_crop_0000007.png,2,0
image_0001214_crop_0000007.png,3,0
image_0001218_crop_0000002.png,1,1
image_0001218_crop_0000002.png,2,1
image_0001218_crop_0000002.png,3,1
image_0001218_crop_0000003.png,1,1
image_0001218_crop_0000003.png,2,1
image_0001218_crop_0000005.png,1,1
image_0001218_crop_0000005.png,2,1
image_0001218_crop_0000006.png,1,1
image_0001218_crop_0000006.png,2,1
image_0001218_crop_0000009.png,1,1
image_0001218_crop_0000009.png,2,1
image_0001218_crop_0000012.png,1,1
image_0001218_crop_0000012.png,2,1
image_0001218_crop_0000015.png,1,1
image_0001218_crop_0000015.png,2,1
image_0001218_crop_0000015.png,3,1
image_0001218_crop_0000017.png,1,0
image_0001218_crop_0000017.png,2,1
image_0001218_crop_0000018.png,1,1
image_0001218_crop_0000018.png,2,0
image_0001218_crop_0000019.png,1,0
image_0001218_crop_0000019.png,2,1
image_0001218_crop_0000020.png,1,0
image_0001218_crop_0000020.png,2,1
image_0001218_crop_0000021.png,1,1
image_0001218_crop_0000021.png,2,1
image_0001218_crop_0000023.png,1,1
image_0001218_crop_0000023.png,2,1
image_0001219_crop_0000001.png,1,1
image_0001219_crop_0000001.png,2,1
image_0001219_crop_0000007.png,1,0
image_0001219_crop_0000007.png,2,0
image_0001219_crop_0000007.png,3,0
image_0001224_crop_0000001.png,1,0
image_0001224_crop_0000001.png,2,1
image_0001224_crop_0000002.png,1,1
image_0001224_crop_0000002.png,2,1
image_0001224_crop_0000004.png,1,0
image_0001224_crop_0000004.png,2,0
image_0001226_crop_0000001.png,1,1
image_0001226_crop_0000001.png,2,1
image_0001226_crop_0000002.png,1,1
image_0001226_crop_0000002.png,2,0
image_0001226_crop_0000002.png,3,1
image_0001226_crop_0000003.png,1,1
image_0001226_crop_0000003.png,2,0
image_0001226_crop_0000004.png,1,0
image_0001226_crop_0000004.png,2,0
image_0001226_crop_0000005.png,1,1
image_0001226_crop_0000005.png,2,1
image_0001226_crop_0000005.png,3,1
image_0001226_crop_0000005.png,4,0
image_0001226_crop_0000006.png,1,1
image_0001226_crop_0000006.png,2,1
image_0001226_crop_0000006.png,3,1
image_0001226_crop_0000007.png,1,1
image_0001226_crop_0000007.png,2,1
image_0001226_crop_0000010.png,1,0
image_0001226_crop_0000010.png,2,0
image_0001226_crop_0000010.png,3,0
image_0001226_crop_0000010.png,4,0
image_0001226_crop_0000010.png,5,0
image_0001227_crop_0000001.png,1,0
image_0001227_crop_0000001.png,2,0
image_0001227_crop_0000002.png,1,1
image_0001227_crop_0000002.png,2,1
image_0001227_crop_0000002.png,3,1
image_0001230_crop_0000001.png,1,1
image_0001230_crop_0000001.png,2,1
image_0001230_crop_0000002.png,1,1
image_0001230_crop_0000002.png,2,1
image_0001230_crop_0000003.png,1,1
image_0001230_crop_0000003.png,2,1
image_0001230_crop_0000003.png,3,1
image_0001230_crop_0000005.png,1,0
image_0001230_crop_0000005.png,2,0
image_0001230_crop_0000006.png,1,0
image_0001230_crop_0000006.png,2,0
image_0001232_crop_0000001.png,1,1
image_0001232_crop_0000001.png,2,1
image_0001232_crop_0000001.png,3,1
image_0001232_crop_0000002.png,1,1
image_0001232_crop_0000002.png,2,1
image_0001232_crop_0000002.png,3,1
image_0001232_crop_0000002.png,4,1
image_0001232_crop_0000002.png,5,1
image_0001232_crop_0000002.png,6,1
image_0001232_crop_0000004.png,1,1
image_0001232_crop_0000004.png,2,1
image_0001232_crop_0000004.png,3,1
image_0001232_crop_0000005.png,1,0
image_0001232_crop_0000005.png,2,0
image_0001232_crop_0000006.png,1,1
image_0001232_crop_0000006.png,2,1
image_0001233_crop_0000001.png,1,0
image_0001233_crop_0000001.png,2,0
image_0001233_crop_0000009.png,1,0
image_0001233_crop_0000009.png,2,0
image_0001237_crop_0000001.png,1,1
image_0001237_crop_0000001.png,2,1
image_0001237_crop_0000002.png,1,1
image_0001237_crop_0000002.png,2,1
image_0001237_crop_0000002.png,3,1
image_0001237_crop_0000006.png,1,1
image_0001237_crop_0000006.png,2,1
image_0001238_crop_0000001.png,1,1
image_0001238_crop_0000001.png,2,1
image_0001240_crop_0000001.png,1,1
image_0001240_crop_0000001.png,2,1
image_0001240_crop_0000001.png,3,1
image_0001240_crop_0000002.png,1,1
image_0001240_crop_0000002.png,2,1
image_0001242_crop_0000001.png,1,1
image_0001242_crop_0000001.png,2,1
image_0001242_crop_0000001.png,3,1
image_0001242_crop_0000001.png,4,1
image_0001242_crop_0000002.png,1,1
image_0001242_crop_0000002.png,2,0
image_0001242_crop_0000003.png,1,1
image_0001242_crop_0000003.png,2,1
image_0001242_crop_0000004.png,1,1
image_0001242_crop_0000004.png,2,0
image_0001242_crop_0000005.png,1,1
image_0001242_crop_0000005.png,2,0
image_0001242_crop_0000005.png,3,0
image_0001246_crop_0000001.png,1,1
image_0001246_crop_0000001.png,2,1
image_0001246_crop_0000001.png,3,1
image_0001246_crop_0000003.png,1,1
image_0001246_crop_0000003.png,2,1
image_0001246_crop_0000004.png,1,1
image_0001246_crop_0000004.png,2,1
image_0001246_crop_0000004.png,3,1
image_0001246_crop_0000004.png,4,1
image_0001246_crop_0000005.png,1,1
image_0001246_crop_0000005.png,2,1
image_0001246_crop_0000005.png,3,1
image_0001246_crop_0000005.png,4,1
image_0001246_crop_0000005.png,5,1
image_0001246_crop_0000006.png,1,1
image_0001246_crop_0000006.png,2,0
image_0001246_crop_0000007.png,1,1
image_0001246_crop_0000007.png,2,1
image_0001246_crop_0000007.png,3,1
image_0001246_crop_0000007.png,4,1
image_0001246_crop_0000007.png,5,1
image_0001246_crop_0000007.png,6,1
image_0001249_crop_0000001.png,1,0
image_0001249_crop_0000001.png,2,0
image_0001249_crop_0000001.png,3,0
image_0001249_crop_0000002.png,1,1
image_0001249_crop_0000002.png,2,1
image_0001249_crop_0000002.png,3,1
image_0001249_crop_0000003.png,1,1
image_0001249_crop_0000003.png,2,1
image_0001249_crop_0000004.png,1,1
image_0001249_crop_0000004.png,2,1
image_0001249_crop_0000004.png,3,1
image_0001249_crop_0000004.png,4,0
image_0001249_crop_0000005.png,1,1
image_0001249_crop_0000005.png,2,1
image_0001249_crop_0000005.png,3,1
image_0001249_crop_0000008.png,1,0
image_0001249_crop_0000008.png,2,1
image_0001249_crop_0000008.png,3,1
image_0001249_crop_0000009.png,1,1
image_0001249_crop_0000009.png,2,1
image_0001249_crop_0000009.png,3,0
image_0001249_crop_0000009.png,4,0
image_0001251_crop_0000001.png,1,1
image_0001251_crop_0000001.png,2,1
image_0001251_crop_0000003.png,1,1
image_0001251_crop_0000003.png,2,1
image_0001251_crop_0000004.png,1,1
image_0001251_crop_0000004.png,2,1
image_0001251_crop_0000004.png,3,1
image_0001253_crop_0000002.png,1,1
image_0001253_crop_0000002.png,2,1
image_0001253_crop_0000003.png,1,1
image_0001253_crop_0000003.png,2,1
image_0001253_crop_0000003.png,3,1
image_0001253_crop_0000008.png,1,1
image_0001253_crop_0000008.png,2,1
image_0001253_crop_0000009.png,1,1
image_0001253_crop_0000009.png,2,1
image_0001253_crop_0000010.png,1,1
image_0001253_crop_0000010.png,2,0
image_0001253_crop_0000011.png,1,0
image_0001253_crop_0000011.png,2,0
image_0001253_crop_0000011.png,3,0
image_0001253_crop_0000012.png,1,1
image_0001253_crop_0000012.png,2,1
image_0001253_crop_0000013.png,1,1
image_0001253_crop_0000013.png,2,1
image_0001253_crop_0000014.png,1,1
image_0001253_crop_0000014.png,2,1
image_0001253_crop_0000015.png,1,1
image_0001253_crop_0000015.png,2,1
image_0001253_crop_0000018.png,1,0
image_0001253_crop_0000018.png,2,0
image_0001253_crop_0000018.png,3,0
image_0001254_crop_0000001.png,1,1
image_0001254_crop_0000001.png,2,1
image_0001254_crop_0000002.png,1,1
image_0001254_crop_0000002.png,2,1
image_0001254_crop_0000003.png,1,1
image_0001254_crop_0000003.png,2,1
image_0001254_crop_0000007.png,1,1
image_0001254_crop_0000007.png,2,1
image_0001254_crop_0000008.png,1,1
image_0001254_crop_0000008.png,2,1
image_0001254_crop_0000008.png,3,1
image_0001254_crop_0000009.png,1,1
image_0001254_crop_0000009.png,2,1
image_0001254_crop_0000011.png,1,1
image_0001254_crop_0000011.png,2,1
image_0001259_crop_0000001.png,1,1
image_0001259_crop_0000001.png,2,1
image_0001259_crop_0000001.png,3,1
image_0001259_crop_0000002.png,1,1
image_0001259_crop_0000002.png,2,1
image_0001259_crop_0000002.png,3,1
image_0001259_crop_0000003.png,1,1
image_0001259_crop_0000003.png,2,1
image_0001259_crop_0000003.png,3,1
image_0001259_crop_0000005.png,1,0
image_0001259_crop_0000005.png,2,0
image_0001259_crop_0000006.png,1,0
image_0001259_crop_0000006.png,2,0
image_0001261_crop_0000005.png,1,1
image_0001261_crop_0000005.png,2,1
image_0001261_crop_0000006.png,1,1
image_0001261_crop_0000006.png,2,1
image_0001262_crop_0000001.png,1,1
image_0001262_crop_0000001.png,2,1
image_0001262_crop_0000001.png,3,1
image_0001262_crop_0000002.png,1,1
image_0001262_crop_0000002.png,2,1
image_0001262_crop_0000002.png,3,1
image_0001262_crop_0000003.png,1,1
image_0001262_crop_0000003.png,2,1
image_0001262_crop_0000003.png,3,1
image_0001262_crop_0000004.png,1,1
image_0001262_crop_0000004.png,2,1
image_0001262_crop_0000005.png,1,1
image_0001262_crop_0000005.png,2,1
image_0001262_crop_0000009.png,1,0
image_0001262_crop_0000009.png,2,0
image_0001262_crop_0000010.png,1,1
image_0001262_crop_0000010.png,2,1
image_0001265_crop_0000001.png,1,1
image_0001265_crop_0000001.png,2,1
image_0001265_crop_0000001.png,3,1
image_0001265_crop_0000003.png,1,1
image_0001265_crop_0000003.png,2,1
image_0001265_crop_0000003.png,3,1
image_0001265_crop_0000004.png,1,1
image_0001265_crop_0000004.png,2,1
image_0001265_crop_0000005.png,1,1
image_0001265_crop_0000005.png,2,1
image_0001265_crop_0000005.png,3,0
image_0001265_crop_0000006.png,1,1
image_0001265_crop_0000006.png,2,1
image_0001265_crop_0000007.png,1,1
image_0001265_crop_0000007.png,2,1
image_0001265_crop_0000008.png,1,1
image_0001265_crop_0000008.png,2,1
image_0001265_crop_0000009.png,1,1
image_0001265_crop_0000009.png,2,1
image_0001268_crop_0000001.png,1,1
image_0001268_crop_0000001.png,2,1
image_0001268_crop_0000001.png,3,1
image_0001268_crop_0000001.png,4,1
image_0001268_crop_0000002.png,1,0
image_0001268_crop_0000002.png,2,0
image_0001268_crop_0000002.png,3,1
image_0001268_crop_0000003.png,1,1
image_0001268_crop_0000003.png,2,1
image_0001268_crop_0000003.png,3,1
image_0001268_crop_0000003.png,4,1
image_0001268_crop_0000004.png,1,1
image_0001268_crop_0000004.png,2,1
image_0001268_crop_0000005.png,1,0
image_0001268_crop_0000005.png,2,0
image_0001271_crop_0000002.png,1,0
image_0001271_crop_0000002.png,2,0
image_0001271_crop_0000009.png,1,0
image_0001271_crop_0000009.png,2,0
image_0001271_crop_0000009.png,3,0
image_0001273_crop_0000003.png,1,0
image_0001273_crop_0000003.png,2,0
image_0001273_crop_0000005.png,1,0
image_0001273_crop_0000005.png,2,0
image_0001273_crop_0000007.png,1,1
image_0001273_crop_0000007.png,2,1
image_0001277_crop_0000002.png,1,1
image_0001277_crop_0000002.png,2,1
image_0001277_crop_0000002.png,3,1
image_0001277_crop_0000003.png,1,1
image_0001277_crop_0000003.png,2,1
image_0001277_crop_0000004.png,1,1
image_0001277_crop_0000004.png,2,1
image_0001277_crop_0000005.png,1,1
image_0001277_crop_0000005.png,2,1
image_0001277_crop_0000005.png,3,0
image_0001277_crop_0000005.png,4,0
image_0001278_crop_0000001.png,1,0
image_0001278_crop_0000001.png,2,0
image_0001278_crop_0000002.png,1,0
image_0001278_crop_0000002.png,2,0
image_0001278_crop_0000003.png,1,0
image_0001278_crop_0000003.png,2,0
image_0001278_crop_0000004.png,1,0
image_0001278_crop_0000004.png,2,0
image_0001278_crop_0000004.png,3,0
image_0001278_crop_0000005.png,1,0
image_0001278_crop_0000005.png,2,0
image_0001278_crop_0000005.png,3,0
image_0001278_crop_0000005.png,4,0
image_0001279_crop_0000001.png,1,1
image_0001279_crop_0000001.png,2,1
image_0001279_crop_0000002.png,1,1
image_0001279_crop_0000002.png,2,1
image_0001279_crop_0000002.png,3,1
image_0001279_crop_0000003.png,1,1
image_0001279_crop_0000003.png,2,1
image_0001279_crop_0000003.png,3,1
image_0001279_crop_0000003.png,4,1
image_0001281_crop_0000002.png,1,1
image_0001281_crop_0000002.png,2,1
image_0001281_crop_0000002.png,3,1
image_0001281_crop_0000002.png,4,1
image_0001281_crop_0000004.png,1,1
image_0001281_crop_0000004.png,2,1
image_0001281_crop_0000006.png,1,1
image_0001281_crop_0000006.png,2,1
image_0001281_crop_0000007.png,1,1
image_0001281_crop_0000007.png,2,1
image_0001283_crop_0000003.png,1,1
image_0001283_crop_0000003.png,2,1
image_0001283_crop_0000004.png,1,1
image_0001283_crop_0000004.png,2,0
image_0001283_crop_0000006.png,1,1
image_0001283_crop_0000006.png,2,1
image_0001283_crop_0000007.png,1,0
image_0001283_crop_0000007.png,2,1
image_0001283_crop_0000007.png,3,1
image_0001283_crop_0000008.png,1,1
image_0001283_crop_0000008.png,2,1
image_0001283_crop_0000008.png,3,1
image_0001289_crop_0000010.png,1,0
image_0001289_crop_0000010.png,2,0
image_0001289_crop_0000010.png,3,0
image_0001289_crop_0000015.png,1,0
image_0001289_crop_0000015.png,2,0
image_0001293_crop_0000001.png,1,1
image_0001293_crop_0000001.png,2,1
image_0001293_crop_0000001.png,3,1
image_0001293_crop_0000002.png,1,1
image_0001293_crop_0000002.png,2,1
image_0001293_crop_0000003.png,1,0
image_0001293_crop_0000003.png,2,0
image_0001293_crop_0000003.png,3,0
image_0001294_crop_0000002.png,1,0
image_0001294_crop_0000002.png,2,1
image_0001294_crop_0000003.png,1,0
image_0001294_crop_0000003.png,2,1
image_0001294_crop_0000004.png,1,1
image_0001294_crop_0000004.png,2,1
image_0001294_crop_0000004.png,3,1
image_0001294_crop_0000004.png,4,1
image_0001294_crop_0000004.png,5,1
image_0001294_crop_0000005.png,1,1
image_0001294_crop_0000005.png,2,1
image_0001294_crop_0000007.png,1,0
image_0001294_crop_0000007.png,2,1
image_0001294_crop_0000007.png,3,0
image_0001294_crop_0000007.png,4,0
image_0001294_crop_0000009.png,1,1
image_0001294_crop_0000009.png,2,1
image_0001294_crop_0000010.png,1,1
image_0001294_crop_0000010.png,2,1
image_0001294_crop_0000011.png,1,1
image_0001294_crop_0000011.png,2,1
image_0001294_crop_0000011.png,3,1
image_0001294_crop_0000012.png,1,1
image_0001294_crop_0000012.png,2,1
image_0001294_crop_0000012.png,3,1
image_0001294_crop_0000012.png,4,1
image_0001295_crop_0000006.png,1,0
image_0001295_crop_0000006.png,2,1
image_0001299_crop_0000001.png,1,0
image_0001299_crop_0000001.png,2,1
image_0001299_crop_0000002.png,1,1
image_0001299_crop_0000002.png,2,1
image_0001299_crop_0000002.png,3,1
image_0001299_crop_0000003.png,1,0
image_0001299_crop_0000003.png,2,0
image_0001299_crop_0000004.png,1,1
image_0001299_crop_0000004.png,2,0
image_0001299_crop_0000005.png,1,1
image_0001299_crop_0000005.png,2,1
image_0001299_crop_0000006.png,1,0
image_0001299_crop_0000006.png,2,1
image_0001299_crop_0000009.png,1,0
image_0001299_crop_0000009.png,2,0
image_0001299_crop_0000010.png,1,0
image_0001299_crop_0000010.png,2,0
image_0001300_crop_0000002.png,1,0
image_0001300_crop_0000002.png,2,0
image_0001300_crop_0000002.png,3,0
image_0001300_crop_0000003.png,1,1
image_0001300_crop_0000003.png,2,1
image_0001301_crop_0000001.png,1,1
image_0001301_crop_0000001.png,2,1
image_0001301_crop_0000001.png,3,1
image_0001301_crop_0000002.png,1,1
image_0001301_crop_0000002.png,2,1
image_0001301_crop_0000002.png,3,1
image_0001301_crop_0000002.png,4,1
image_0001301_crop_0000003.png,1,1
image_0001301_crop_0000003.png,2,1
image_0001301_crop_0000003.png,3,1
image_0001301_crop_0000005.png,1,1
image_0001301_crop_0000005.png,2,1
image_0001301_crop_0000006.png,1,1
image_0001301_crop_0000006.png,2,1
image_0001301_crop_0000006.png,3,1
image_0001301_crop_0000006.png,4,1
image_0001301_crop_0000007.png,1,0
image_0001301_crop_0000007.png,2,0
image_0001301_crop_0000007.png,3,0
image_0001301_crop_0000008.png,1,1
image_0001301_crop_0000008.png,2,1
image_0001301_crop_0000008.png,3,1
image_0001301_crop_0000009.png,1,0
image_0001301_crop_0000009.png,2,0
image_0001301_crop_0000009.png,3,0
image_0001301_crop_0000009.png,4,0
image_0001304_crop_0000002.png,1,0
image_0001304_crop_0000002.png,2,1
image_0001304_crop_0000005.png,1,1
image_0001304_crop_0000005.png,2,1
image_0001304_crop_0000006.png,1,1
image_0001304_crop_0000006.png,2,1
image_0001306_crop_0000002.png,1,1
image_0001306_crop_0000002.png,2,1
image_0001306_crop_0000002.png,3,1
image_0001308_crop_0000001.png,1,1
image_0001308_crop_0000001.png,2,0
image_0001308_crop_0000001.png,3,0
image_0001308_crop_0000001.png,4,0
image_0001308_crop_0000002.png,1,1
image_0001308_crop_0000002.png,2,0
image_0001308_crop_0000003.png,1,1
image_0001308_crop_0000003.png,2,0
image_0001308_crop_0000006.png,1,0
image_0001308_crop_0000006.png,2,0
image_0001308_crop_0000009.png,1,0
image_0001308_crop_0000009.png,2,0
image_0001308_crop_0000010.png,1,0
image_0001308_crop_0000010.png,2,0
image_0001310_crop_0000001.png,1,1
image_0001310_crop_0000001.png,2,1
image_0001310_crop_0000003.png,1,0
image_0001310_crop_0000003.png,2,1
image_0001313_crop_0000001.png,1,1
image_0001313_crop_0000001.png,2,0
image_0001313_crop_0000002.png,1,0
image_0001313_crop_0000002.png,2,0
image_0001313_crop_0000002.png,3,0
image_0001313_crop_0000003.png,1,0
image_0001313_crop_0000003.png,2,0
image_0001313_crop_0000004.png,1,1
image_0001313_crop_0000004.png,2,1
image_0001314_crop_0000001.png,1,1
image_0001314_crop_0000001.png,2,1
image_0001314_crop_0000002.png,1,1
image_0001314_crop_0000002.png,2,1
image_0001314_crop_0000003.png,1,1
image_0001314_crop_0000003.png,2,1
image_0001314_crop_0000006.png,1,1
image_0001314_crop_0000006.png,2,1
image_0001314_crop_0000007.png,1,1
image_0001314_crop_0000007.png,2,1
image_0001314_crop_0000008.png,1,1
image_0001314_crop_0000008.png,2,1
image_0001314_crop_0000012.png,1,0
image_0001314_crop_0000012.png,2,0
image_0001314_crop_0000012.png,3,0
image_0001314_crop_0000013.png,1,1
image_0001314_crop_0000013.png,2,1
image_0001314_crop_0000013.png,3,1
image_0001314_crop_0000014.png,1,1
image_0001314_crop_0000014.png,2,1
image_0001318_crop_0000002.png,1,1
image_0001318_crop_0000002.png,2,1
image_0001318_crop_0000002.png,3,1
image_0001318_crop_0000002.png,4,1
image_0001318_crop_0000003.png,1,1
image_0001318_crop_0000003.png,2,1
image_0001318_crop_0000004.png,1,1
image_0001318_crop_0000004.png,2,1
image_0001318_crop_0000004.png,3,1
image_0001318_crop_0000004.png,4,1
image_0001318_crop_0000005.png,1,1
image_0001318_crop_0000005.png,2,1
image_0001318_crop_0000005.png,3,1
image_0001318_crop_0000006.png,1,1
image_0001318_crop_0000006.png,2,1
image_0001318_crop_0000006.png,3,1
image_0001318_crop_0000007.png,1,1
image_0001318_crop_0000007.png,2,1
image_0001318_crop_0000007.png,3,1
image_0001321_crop_0000001.png,1,1
image_0001321_crop_0000001.png,2,1
image_0001321_crop_0000003.png,1,1
image_0001321_crop_0000003.png,2,1
image_0001321_crop_0000005.png,1,1
image_0001321_crop_0000005.png,2,1
image_0001321_crop_0000005.png,3,1
image_0001321_crop_0000006.png,1,1
image_0001321_crop_0000006.png,2,1
image_0001321_crop_0000007.png,1,1
image_0001321_crop_0000007.png,2,1
image_0001321_crop_0000010.png,1,1
image_0001321_crop_0000010.png,2,1
image_0001321_crop_0000011.png,1,1
image_0001321_crop_0000011.png,2,1
image_0001321_crop_0000012.png,1,1
image_0001321_crop_0000012.png,2,1
image_0001321_crop_0000014.png,1,1
image_0001321_crop_0000014.png,2,0
image_0001321_crop_0000017.png,1,0
image_0001321_crop_0000017.png,2,0
image_0001321_crop_0000017.png,3,1
image_0001321_crop_0000018.png,1,1
image_0001321_crop_0000018.png,2,1
image_0001322_crop_0000002.png,1,1
image_0001322_crop_0000002.png,2,1
image_0001322_crop_0000003.png,1,1
image_0001322_crop_0000003.png,2,1
image_0001322_crop_0000006.png,1,0
image_0001322_crop_0000006.png,2,0
image_0001323_crop_0000001.png,1,1
image_0001323_crop_0000001.png,2,1
image_0001323_crop_0000001.png,3,1
image_0001325_crop_0000003.png,1,1
image_0001325_crop_0000003.png,2,1
image_0001325_crop_0000004.png,1,1
image_0001325_crop_0000004.png,2,1
image_0001325_crop_0000004.png,3,0
image_0001325_crop_0000005.png,1,1
image_0001325_crop_0000005.png,2,1
image_0001325_crop_0000006.png,1,0
image_0001325_crop_0000006.png,2,0
image_0001325_crop_0000006.png,3,0
image_0001326_crop_0000002.png,1,1
image_0001326_crop_0000002.png,2,1
image_0001327_crop_0000001.png,1,1
image_0001327_crop_0000001.png,2,1
image_0001327_crop_0000004.png,1,1
image_0001327_crop_0000004.png,2,1
image_0001327_crop_0000005.png,1,1
image_0001327_crop_0000005.png,2,1
image_0001327_crop_0000005.png,3,1
image_0001327_crop_0000007.png,1,1
image_0001327_crop_0000007.png,2,1
image_0001327_crop_0000007.png,3,1
image_0001327_crop_0000008.png,1,0
image_0001327_crop_0000008.png,2,0
image_0001327_crop_0000008.png,3,1
image_0001327_crop_0000010.png,1,1
image_0001327_crop_0000010.png,2,1
image_0001327_crop_0000011.png,1,1
image_0001327_crop_0000011.png,2,1
image_0001327_crop_0000011.png,3,1
image_0001327_crop_0000012.png,1,1
image_0001327_crop_0000012.png,2,1
image_0001327_crop_0000012.png,3,1
image_0001328_crop_0000001.png,1,0
image_0001328_crop_0000001.png,2,0
image_0001328_crop_0000002.png,1,1
image_0001328_crop_0000002.png,2,1
image_0001328_crop_0000002.png,3,1
image_0001328_crop_0000002.png,4,1
image_0001328_crop_0000004.png,1,1
image_0001328_crop_0000004.png,2,1
image_0001328_crop_0000004.png,3,0
image_0001328_crop_0000004.png,4,0
image_0001328_crop_0000006.png,1,1
image_0001328_crop_0000006.png,2,1
image_0001328_crop_0000008.png,1,1
image_0001328_crop_0000008.png,2,1
image_0001329_crop_0000001.png,1,0
image_0001329_crop_0000001.png,2,1
image_0001329_crop_0000001.png,3,1
image_0001329_crop_0000002.png,1,0
image_0001329_crop_0000002.png,2,0
image_0001329_crop_0000002.png,3,0
image_0001329_crop_0000003.png,1,0
image_0001329_crop_0000003.png,2,0
image_0001329_crop_0000004.png,1,0
image_0001329_crop_0000004.png,2,0
image_0001329_crop_0000006.png,1,1
image_0001329_crop_0000006.png,2,0
image_0001329_crop_0000007.png,1,0
image_0001329_crop_0000007.png,2,0
image_0001331_crop_0000003.png,1,1
image_0001331_crop_0000003.png,2,1
image_0001331_crop_0000004.png,1,1
image_0001331_crop_0000004.png,2,1
image_0001331_crop_0000005.png,1,1
image_0001331_crop_0000005.png,2,1
image_0001331_crop_0000005.png,3,1
image_0001331_crop_0000005.png,4,1
image_0001331_crop_0000009.png,1,1
image_0001331_crop_0000009.png,2,1
image_0001333_crop_0000002.png,1,1
image_0001333_crop_0000002.png,2,1
image_0001333_crop_0000002.png,3,1
image_0001333_crop_0000003.png,1,1
image_0001333_crop_0000003.png,2,0
image_0001335_crop_0000003.png,1,0
image_0001335_crop_0000003.png,2,0
image_0001337_crop_0000001.png,1,0
image_0001337_crop_0000001.png,2,0
image_0001340_crop_0000002.png,1,0
image_0001340_crop_0000002.png,2,1
image_0001340_crop_0000003.png,1,1
image_0001340_crop_0000003.png,2,1
image_0001340_crop_0000003.png,3,1
image_0001340_crop_0000003.png,4,0
image_0001340_crop_0000004.png,1,0
image_0001340_crop_0000004.png,2,0
image_0001341_crop_0000001.png,1,1
image_0001341_crop_0000001.png,2,1
image_0001341_crop_0000001.png,3,1
image_0001341_crop_0000002.png,1,1
image_0001341_crop_0000002.png,2,1
image_0001341_crop_0000002.png,3,1
image_0001341_crop_0000006.png,1,0
image_0001341_crop_0000006.png,2,0
image_0001341_crop_0000006.png,3,0
image_0001344_crop_0000002.png,1,1
image_0001344_crop_0000002.png,2,1
image_0001344_crop_0000003.png,1,1
image_0001344_crop_0000003.png,2,1
image_0001344_crop_0000003.png,3,1
image_0001344_crop_0000003.png,4,1
image_0001344_crop_0000004.png,1,0
image_0001344_crop_0000004.png,2,1
image_0001344_crop_0000005.png,1,1
image_0001344_crop_0000005.png,2,1
image_0001344_crop_0000006.png,1,1
image_0001344_crop_0000006.png,2,1
image_0001344_crop_0000007.png,1,1
image_0001344_crop_0000007.png,2,0
image_0001346_crop_0000001.png,1,0
image_0001346_crop_0000001.png,2,0
image_0001346_crop_0000002.png,1,1
image_0001346_crop_0000002.png,2,1
image_0001346_crop_0000002.png,3,1
image_0001346_crop_0000003.png,1,0
image_0001346_crop_0000003.png,2,0
image_0001346_crop_0000005.png,1,0
image_0001346_crop_0000005.png,2,0
image_0001346_crop_0000005.png,3,0
image_0001346_crop_0000007.png,1,1
image_0001346_crop_0000007.png,2,1
image_0001346_crop_0000008.png,1,0
image_0001346_crop_0000008.png,2,0
image_0001348_crop_0000010.png,1,0
image_0001348_crop_0000010.png,2,0
image_0001348_crop_0000013.png,1,1
image_0001348_crop_0000013.png,2,1
image_0001352_crop_0000001.png,1,1
image_0001352_crop_0000001.png,2,1
image_0001352_crop_0000002.png,1,1
image_0001352_crop_0000002.png,2,1
image_0001352_crop_0000002.png,3,1
image_0001352_crop_0000002.png,4,1
image_0001352_crop_0000002.png,5,1
image_0001352_crop_0000003.png,1,1
image_0001352_crop_0000003.png,2,1
image_0001352_crop_0000004.png,1,0
image_0001352_crop_0000004.png,2,0
image_0001352_crop_0000009.png,1,1
image_0001352_crop_0000009.png,2,1
image_0001352_crop_0000016.png,1,1
image_0001352_crop_0000016.png,2,1
image_0001352_crop_0000016.png,3,1
image_0001352_crop_0000016.png,4,1
image_0001352_crop_0000016.png,5,1
image_0001352_crop_0000016.png,6,1
image_0001352_crop_0000017.png,1,0
image_0001352_crop_0000017.png,2,0
image_0001352_crop_0000017.png,3,0
image_0001352_crop_0000017.png,4,0
image_0001352_crop_0000017.png,5,0
image_0001352_crop_0000017.png,6,0
image_0001352_crop_0000017.png,7,0
image_0001352_crop_0000017.png,8,0
image_0001357_crop_0000001.png,1,1
image_0001357_crop_0000001.png,2,1
image_0001358_crop_0000001.png,1,1
image_0001358_crop_0000001.png,2,1
image_0001358_crop_0000001.png,3,1
image_0001358_crop_0000002.png,1,1
image_0001358_crop_0000002.png,2,1
image_0001358_crop_0000002.png,3,1
image_0001358_crop_0000002.png,4,0
image_0001358_crop_0000002.png,5,1
image_0001358_crop_0000002.png,6,1
image_0001358_crop_0000003.png,1,0
image_0001358_crop_0000003.png,2,1
image_0001358_crop_0000003.png,3,1
image_0001358_crop_0000003.png,4,1
image_0001358_crop_0000003.png,5,1
image_0001358_crop_0000003.png,6,1
image_0001358_crop_0000004.png,1,1
image_0001358_crop_0000004.png,2,1
image_0001358_crop_0000004.png,3,1
image_0001358_crop_0000005.png,1,1
image_0001358_crop_0000005.png,2,0
image_0001358_crop_0000005.png,3,1
image_0001358_crop_0000005.png,4,0
image_0001358_crop_0000006.png,1,1
image_0001358_crop_0000006.png,2,1
image_0001358_crop_0000007.png,1,1
image_0001358_crop_0000007.png,2,1
image_0001358_crop_0000007.png,3,1
image_0001358_crop_0000007.png,4,0
image_0001365_crop_0000002.png,1,1
image_0001365_crop_0000002.png,2,1
image_0001365_crop_0000002.png,3,1
image_0001366_crop_0000001.png,1,1
image_0001366_crop_0000001.png,2,1
image_0001366_crop_0000001.png,3,1
image_0001366_crop_0000003.png,1,1
image_0001366_crop_0000003.png,2,1
image_0001366_crop_0000004.png,1,1
image_0001366_crop_0000004.png,2,1
image_0001367_crop_0000002.png,1,1
image_0001367_crop_0000002.png,2,1
image_0001367_crop_0000003.png,1,0
image_0001367_crop_0000003.png,2,0
image_0001367_crop_0000003.png,3,0
image_0001367_crop_0000004.png,1,0
image_0001367_crop_0000004.png,2,0
image_0001368_crop_0000001.png,1,0
image_0001368_crop_0000001.png,2,0
image_0001368_crop_0000001.png,3,0
image_0001368_crop_0000002.png,1,0
image_0001368_crop_0000002.png,2,0
image_0001368_crop_0000002.png,3,0
image_0001368_crop_0000002.png,4,0
image_0001368_crop_0000003.png,1,0
image_0001368_crop_0000003.png,2,0
image_0001368_crop_0000004.png,1,0
image_0001368_crop_0000004.png,2,0
image_0001368_crop_0000005.png,1,0
image_0001368_crop_0000005.png,2,0
image_0001368_crop_0000006.png,1,0
image_0001368_crop_0000006.png,2,0
image_0001368_crop_0000007.png,1,0
image_0001368_crop_0000007.png,2,0
image_0001368_crop_0000008.png,1,0
image_0001368_crop_0000008.png,2,0
image_0001370_crop_0000014.png,1,1
image_0001370_crop_0000014.png,2,1
image_0001370_crop_0000014.png,3,1
image_0001370_crop_0000018.png,1,1
image_0001370_crop_0000018.png,2,1
image_0001370_crop_0000018.png,3,1
image_0001370_crop_0000019.png,1,1
image_0001370_crop_0000019.png,2,1
image_0001370_crop_0000019.png,3,1
image_0001370_crop_0000019.png,4,1
image_0001370_crop_0000020.png,1,1
image_0001370_crop_0000020.png,2,1
image_0001370_crop_0000021.png,1,0
image_0001370_crop_0000021.png,2,0
image_0001371_crop_0000001.png,1,1
image_0001371_crop_0000001.png,2,1
image_0001371_crop_0000001.png,3,1
image_0001371_crop_0000002.png,1,1
image_0001371_crop_0000002.png,2,1
image_0001371_crop_0000004.png,1,1
image_0001371_crop_0000004.png,2,1
image_0001371_crop_0000004.png,3,1
image_0001371_crop_0000004.png,4,1
image_0001371_crop_0000005.png,1,0
image_0001371_crop_0000005.png,2,0
image_0001372_crop_0000003.png,1,1
image_0001372_crop_0000003.png,2,1
image_0001372_crop_0000004.png,1,1
image_0001372_crop_0000004.png,2,1
image_0001372_crop_0000004.png,3,0
image_0001372_crop_0000004.png,4,1
image_0001372_crop_0000005.png,1,1
image_0001372_crop_0000005.png,2,1
image_0001372_crop_0000005.png,3,1
image_0001372_crop_0000006.png,1,1
image_0001372_crop_0000006.png,2,1
image_0001372_crop_0000006.png,3,1
image_0001372_crop_0000007.png,1,0
image_0001372_crop_0000007.png,2,1
image_0001372_crop_0000007.png,3,1
image_0001372_crop_0000008.png,1,1
image_0001372_crop_0000008.png,2,1
image_0001372_crop_0000008.png,3,1
image_0001372_crop_0000009.png,1,1
image_0001372_crop_0000009.png,2,1
image_0001372_crop_0000009.png,3,1
image_0001372_crop_0000009.png,4,1
image_0001376_crop_0000001.png,1,0
image_0001376_crop_0000001.png,2,0
image_0001376_crop_0000001.png,3,1
image_0001376_crop_0000001.png,4,1
image_0001377_crop_0000004.png,1,1
image_0001377_crop_0000004.png,2,1
image_0001377_crop_0000004.png,3,1
image_0001377_crop_0000005.png,1,1
image_0001377_crop_0000005.png,2,1
image_0001377_crop_0000005.png,3,1
image_0001377_crop_0000006.png,1,1
image_0001377_crop_0000006.png,2,1
image_0001377_crop_0000006.png,3,1
image_0001377_crop_0000006.png,4,1
image_0001377_crop_0000007.png,1,0
image_0001377_crop_0000007.png,2,0
image_0001377_crop_0000007.png,3,1
image_0001377_crop_0000008.png,1,0
image_0001377_crop_0000008.png,2,0
image_0001377_crop_0000008.png,3,0
image_0001377_crop_0000008.png,4,0
image_0001377_crop_0000008.png,5,0
image_0001377_crop_0000008.png,6,0
image_0001377_crop_0000008.png,7,0
image_0001377_crop_0000008.png,8,0
image_0001378_crop_0000001.png,1,1
image_0001378_crop_0000001.png,2,1
image_0001378_crop_0000001.png,3,1
image_0001379_crop_0000002.png,1,1
image_0001379_crop_0000002.png,2,1
image_0001379_crop_0000002.png,3,1
image_0001379_crop_0000003.png,1,1
image_0001379_crop_0000003.png,2,1
image_0001379_crop_0000004.png,1,0
image_0001379_crop_0000004.png,2,0
image_0001379_crop_0000005.png,1,1
image_0001379_crop_0000005.png,2,1
image_0001380_crop_0000001.png,1,1
image_0001380_crop_0000001.png,2,1
image_0001380_crop_0000002.png,1,0
image_0001380_crop_0000002.png,2,1
image_0001380_crop_0000003.png,1,1
image_0001380_crop_0000003.png,2,1
image_0001380_crop_0000004.png,1,1
image_0001380_crop_0000004.png,2,1
image_0001380_crop_0000006.png,1,1
image_0001380_crop_0000006.png,2,1
image_0001381_crop_0000002.png,1,0
image_0001381_crop_0000002.png,2,0
image_0001382_crop_0000002.png,1,1
image_0001382_crop_0000002.png,2,1
image_0001382_crop_0000002.png,3,1
image_0001382_crop_0000003.png,1,1
image_0001382_crop_0000003.png,2,1
image_0001382_crop_0000003.png,3,1
image_0001382_crop_0000004.png,1,1
image_0001382_crop_0000004.png,2,1
image_0001382_crop_0000005.png,1,1
image_0001382_crop_0000005.png,2,1
image_0001382_crop_0000006.png,1,0
image_0001382_crop_0000006.png,2,1
image_0001382_crop_0000007.png,1,1
image_0001382_crop_0000007.png,2,1
image_0001382_crop_0000009.png,1,1
image_0001382_crop_0000009.png,2,1
image_0001382_crop_0000010.png,1,1
image_0001382_crop_0000010.png,2,1
image_0001382_crop_0000011.png,1,1
image_0001382_crop_0000011.png,2,1
image_0001382_crop_0000012.png,1,1
image_0001382_crop_0000012.png,2,1
image_0001382_crop_0000012.png,3,0
image_0001382_crop_0000013.png,1,1
image_0001382_crop_0000013.png,2,1
image_0001384_crop_0000001.png,1,0
image_0001384_crop_0000001.png,2,0
image_0001384_crop_0000001.png,3,0
image_0001384_crop_0000004.png,1,0
image_0001384_crop_0000004.png,2,0
image_0001384_crop_0000007.png,1,1
image_0001384_crop_0000007.png,2,1
image_0001384_crop_0000008.png,1,0
image_0001384_crop_0000008.png,2,0
image_0001384_crop_0000015.png,1,0
image_0001384_crop_0000015.png,2,0
image_0001386_crop_0000002.png,1,0
image_0001386_crop_0000002.png,2,0
image_0001386_crop_0000010.png,1,0
image_0001386_crop_0000010.png,2,1
image_0001386_crop_0000011.png,1,1
image_0001386_crop_0000011.png,2,1
image_0001386_crop_0000012.png,1,1
image_0001386_crop_0000012.png,2,1
image_0001386_crop_0000014.png,1,1
image_0001386_crop_0000014.png,2,1
image_0001386_crop_0000014.png,3,1
image_0001386_crop_0000015.png,1,1
image_0001386_crop_0000015.png,2,1
image_0001386_crop_0000015.png,3,1
image_0001386_crop_0000017.png,1,1
image_0001386_crop_0000017.png,2,1
image_0001388_crop_0000001.png,1,1
image_0001388_crop_0000001.png,2,1
image_0001388_crop_0000002.png,1,1
image_0001388_crop_0000002.png,2,1
image_0001388_crop_0000002.png,3,1
image_0001388_crop_0000004.png,1,1
image_0001388_crop_0000004.png,2,1
image_0001388_crop_0000005.png,1,1
image_0001388_crop_0000005.png,2,1
image_0001388_crop_0000005.png,3,1
image_0001388_crop_0000006.png,1,1
image_0001388_crop_0000006.png,2,1
image_0001388_crop_0000007.png,1,1
image_0001388_crop_0000007.png,2,1
image_0001388_crop_0000007.png,3,1
image_0001388_crop_0000008.png,1,1
image_0001388_crop_0000008.png,2,1
image_0001390_crop_0000001.png,1,1
image_0001390_crop_0000001.png,2,1
image_0001392_crop_0000001.png,1,1
image_0001392_crop_0000001.png,2,1
image_0001392_crop_0000002.png,1,1
image_0001392_crop_0000002.png,2,1
image_0001392_crop_0000008.png,1,1
image_0001392_crop_0000008.png,2,1
image_0001394_crop_0000004.png,1,1
image_0001394_crop_0000004.png,2,1
image_0001394_crop_0000004.png,3,1
image_0001394_crop_0000004.png,4,0
image_0001395_crop_0000004.png,1,1
image_0001395_crop_0000004.png,2,1
image_0001395_crop_0000007.png,1,1
image_0001395_crop_0000007.png,2,1
image_0001395_crop_0000009.png,1,1
image_0001395_crop_0000009.png,2,1
image_0001395_crop_0000015.png,1,1
image_0001395_crop_0000015.png,2,1
image_0001395_crop_0000016.png,1,1
image_0001395_crop_0000016.png,2,1
image_0001395_crop_0000016.png,3,1
image_0001395_crop_0000016.png,4,1
image_0001395_crop_0000017.png,1,0
image_0001395_crop_0000017.png,2,0
image_0001396_crop_0000002.png,1,1
image_0001396_crop_0000002.png,2,1
image_0001396_crop_0000003.png,1,1
image_0001396_crop_0000003.png,2,1
image_0001396_crop_0000003.png,3,1
image_0001396_crop_0000006.png,1,1
image_0001396_crop_0000006.png,2,1
image_0001398_crop_0000002.png,1,1
image_0001398_crop_0000002.png,2,1
image_0001398_crop_0000004.png,1,0
image_0001398_crop_0000004.png,2,0
image_0001398_crop_0000005.png,1,1
image_0001398_crop_0000005.png,2,1
image_0001398_crop_0000006.png,1,1
image_0001398_crop_0000006.png,2,1
image_0001398_crop_0000007.png,1,0
image_0001398_crop_0000007.png,2,0
image_0001398_crop_0000008.png,1,1
image_0001398_crop_0000008.png,2,1
image_0001398_crop_0000009.png,1,1
image_0001398_crop_0000009.png,2,1
image_0001400_crop_0000001.png,1,0
image_0001400_crop_0000001.png,2,0
image_0001402_crop_0000003.png,1,1
image_0001402_crop_0000003.png,2,1
image_0001402_crop_0000004.png,1,1
image_0001402_crop_0000004.png,2,1
image_0001402_crop_0000005.png,1,1
image_0001402_crop_0000005.png,2,0
image_0001406_crop_0000001.png,1,0
image_0001406_crop_0000001.png,2,0
image_0001406_crop_0000002.png,1,0
image_0001406_crop_0000002.png,2,0
image_0001406_crop_0000002.png,3,0
image_0001407_crop_0000001.png,1,1
image_0001407_crop_0000001.png,2,1
image_0001407_crop_0000001.png,3,1
image_0001407_crop_0000003.png,1,0
image_0001407_crop_0000003.png,2,0
image_0001407_crop_0000004.png,1,0
image_0001407_crop_0000004.png,2,0
image_0001407_crop_0000004.png,3,0
image_0001407_crop_0000005.png,1,0
image_0001407_crop_0000005.png,2,0
image_0001407_crop_0000005.png,3,0
image_0001408_crop_0000001.png,1,1
image_0001408_crop_0000001.png,2,1
image_0001408_crop_0000002.png,1,1
image_0001408_crop_0000002.png,2,1
image_0001408_crop_0000003.png,1,1
image_0001408_crop_0000003.png,2,1
image_0001408_crop_0000005.png,1,1
image_0001408_crop_0000005.png,2,1
image_0001408_crop_0000008.png,1,0
image_0001408_crop_0000008.png,2,0
image_0001409_crop_0000001.png,1,0
image_0001409_crop_0000001.png,2,0
image_0001409_crop_0000002.png,1,0
image_0001409_crop_0000002.png,2,0
image_0001409_crop_0000003.png,1,0
image_0001409_crop_0000003.png,2,0
image_0001409_crop_0000004.png,1,0
image_0001409_crop_0000004.png,2,0
image_0001413_crop_0000001.png,1,1
image_0001413_crop_0000001.png,2,1
image_0001413_crop_0000001.png,3,1
image_0001413_crop_0000002.png,1,1
image_0001413_crop_0000002.png,2,1
image_0001413_crop_0000002.png,3,1
image_0001413_crop_0000003.png,1,1
image_0001413_crop_0000003.png,2,1
image_0001413_crop_0000003.png,3,0
image_0001413_crop_0000007.png,1,0
image_0001413_crop_0000007.png,2,0
image_0001413_crop_0000007.png,3,0
image_0001415_crop_0000003.png,1,1
image_0001415_crop_0000003.png,2,1
image_0001415_crop_0000009.png,1,1
image_0001415_crop_0000009.png,2,0
image_0001419_crop_0000001.png,1,1
image_0001419_crop_0000001.png,2,1
image_0001419_crop_0000001.png,3,1
image_0001420_crop_0000002.png,1,1
image_0001420_crop_0000002.png,2,1
image_0001420_crop_0000003.png,1,1
image_0001420_crop_0000003.png,2,1
image_0001421_crop_0000003.png,1,1
image_0001421_crop_0000003.png,2,1
image_0001421_crop_0000003.png,3,1
image_0001421_crop_0000007.png,1,0
image_0001421_crop_0000007.png,2,0
image_0001421_crop_0000009.png,1,1
image_0001421_crop_0000009.png,2,0
image_0001423_crop_0000001.png,1,1
image_0001423_crop_0000001.png,2,1
image_0001424_crop_0000001.png,1,1
image_0001424_crop_0000001.png,2,1
image_0001424_crop_0000001.png,3,1
image_0001424_crop_0000001.png,4,1
image_0001424_crop_0000002.png,1,1
image_0001424_crop_0000002.png,2,1
image_0001424_crop_0000007.png,1,0
image_0001424_crop_0000007.png,2,0
image_0001424_crop_0000007.png,3,0
image_0001424_crop_0000007.png,4,0
image_0001424_crop_0000008.png,1,0
image_0001424_crop_0000008.png,2,0
image_0001425_crop_0000005.png,1,1
image_0001425_crop_0000005.png,2,1
image_0001425_crop_0000007.png,1,0
image_0001425_crop_0000007.png,2,0
image_0001427_crop_0000005.png,1,1
image_0001427_crop_0000005.png,2,1
image_0001430_crop_0000001.png,1,1
image_0001430_crop_0000001.png,2,1
image_0001430_crop_0000002.png,1,1
image_0001430_crop_0000002.png,2,1
image_0001433_crop_0000001.png,1,1
image_0001433_crop_0000001.png,2,1
image_0001433_crop_0000001.png,3,1
image_0001433_crop_0000002.png,1,1
image_0001433_crop_0000002.png,2,1
image_0001433_crop_0000003.png,1,1
image_0001433_crop_0000003.png,2,1
image_0001433_crop_0000003.png,3,1
image_0001433_crop_0000007.png,1,1
image_0001433_crop_0000007.png,2,1
image_0001433_crop_0000008.png,1,1
image_0001433_crop_0000008.png,2,1
image_0001433_crop_0000009.png,1,1
image_0001433_crop_0000009.png,2,1
image_0001433_crop_0000013.png,1,1
image_0001433_crop_0000013.png,2,1
image_0001433_crop_0000013.png,3,1
image_0001434_crop_0000001.png,1,1
image_0001434_crop_0000001.png,2,1
image_0001434_crop_0000001.png,3,1
image_0001434_crop_0000001.png,4,1
image_0001434_crop_0000002.png,1,1
image_0001434_crop_0000002.png,2,1
image_0001434_crop_0000003.png,1,1
image_0001434_crop_0000003.png,2,1
image_0001434_crop_0000003.png,3,0
image_0001434_crop_0000003.png,4,0
image_0001434_crop_0000003.png,5,1
image_0001434_crop_0000003.png,6,1
image_0001434_crop_0000004.png,1,1
image_0001434_crop_0000004.png,2,1
image_0001434_crop_0000005.png,1,1
image_0001434_crop_0000005.png,2,1
image_0001434_crop_0000006.png,1,1
image_0001434_crop_0000006.png,2,1
image_0001434_crop_0000006.png,3,1
image_0001434_crop_0000006.png,4,1
image_0001434_crop_0000007.png,1,1
image_0001434_crop_0000007.png,2,0
image_0001434_crop_0000008.png,1,1
image_0001434_crop_0000008.png,2,1
image_0001434_crop_0000012.png,1,1
image_0001434_crop_0000012.png,2,1
image_0001434_crop_0000012.png,3,1
image_0001439_crop_0000001.png,1,1
image_0001439_crop_0000001.png,2,1
image_0001439_crop_0000002.png,1,1
image_0001439_crop_0000002.png,2,1
image_0001439_crop_0000003.png,1,1
image_0001439_crop_0000003.png,2,1
image_0001439_crop_0000004.png,1,1
image_0001439_crop_0000004.png,2,1
image_0001439_crop_0000004.png,3,1
image_0001439_crop_0000005.png,1,1
image_0001439_crop_0000005.png,2,1
image_0001439_crop_0000005.png,3,1
image_0001439_crop_0000005.png,4,1
image_0001439_crop_0000006.png,1,1
image_0001439_crop_0000006.png,2,1
image_0001439_crop_0000006.png,3,1
image_0001439_crop_0000007.png,1,1
image_0001439_crop_0000007.png,2,1
image_0001439_crop_0000008.png,1,1
image_0001439_crop_0000008.png,2,1
image_0001439_crop_0000009.png,1,1
image_0001439_crop_0000009.png,2,1
image_0001439_crop_0000010.png,1,0
image_0001439_crop_0000010.png,2,0
image_0001439_crop_0000012.png,1,1
image_0001439_crop_0000012.png,2,1
image_0001439_crop_0000013.png,1,1
image_0001439_crop_0000013.png,2,1
image_0001440_crop_0000001.png,1,1
image_0001440_crop_0000001.png,2,1
image_0001440_crop_0000001.png,3,1
image_0001440_crop_0000002.png,1,1
image_0001440_crop_0000002.png,2,1
image_0001440_crop_0000002.png,3,1
image_0001440_crop_0000003.png,1,1
image_0001440_crop_0000003.png,2,1
image_0001440_crop_0000004.png,1,1
image_0001440_crop_0000004.png,2,1
image_0001441_crop_0000001.png,1,0
image_0001441_crop_0000001.png,2,0
image_0001443_crop_0000001.png,1,1
image_0001443_crop_0000001.png,2,1
image_0001443_crop_0000003.png,1,1
image_0001443_crop_0000003.png,2,1
image_0001443_crop_0000003.png,3,1
image_0001443_crop_0000005.png,1,1
image_0001443_crop_0000005.png,2,1
image_0001443_crop_0000005.png,3,1
image_0001443_crop_0000007.png,1,1
image_0001443_crop_0000007.png,2,1
image_0001444_crop_0000001.png,1,1
image_0001444_crop_0000001.png,2,1
image_0001444_crop_0000001.png,3,1
image_0001444_crop_0000002.png,1,0
image_0001444_crop_0000002.png,2,1
image_0001444_crop_0000002.png,3,1
image_0001444_crop_0000003.png,1,0
image_0001444_crop_0000003.png,2,1
image_0001444_crop_0000007.png,1,1
image_0001444_crop_0000007.png,2,1
image_0001444_crop_0000007.png,3,1
image_0001444_crop_0000007.png,4,1
image_0001445_crop_0000002.png,1,1
image_0001445_crop_0000002.png,2,1
image_0001445_crop_0000003.png,1,1
image_0001445_crop_0000003.png,2,1
image_0001445_crop_0000003.png,3,1
image_0001445_crop_0000003.png,4,1
image_0001448_crop_0000002.png,1,0
image_0001448_crop_0000002.png,2,0
image_0001448_crop_0000002.png,3,1
image_0001448_crop_0000002.png,4,0
image_0001448_crop_0000002.png,5,1
image_0001448_crop_0000003.png,1,0
image_0001448_crop_0000003.png,2,1
image_0001448_crop_0000005.png,1,0
image_0001448_crop_0000005.png,2,0
image_0001448_crop_0000005.png,3,0
image_0001448_crop_0000005.png,4,0
image_0001448_crop_0000006.png,1,1
image_0001448_crop_0000006.png,2,1
image_0001448_crop_0000006.png,3,1
image_0001448_crop_0000006.png,4,1
image_0001449_crop_0000002.png,1,1
image_0001449_crop_0000002.png,2,0
image_0001449_crop_0000003.png,1,1
image_0001449_crop_0000003.png,2,1
image_0001449_crop_0000005.png,1,0
image_0001449_crop_0000005.png,2,1
image_0001449_crop_0000005.png,3,1
image_0001449_crop_0000005.png,4,1
image_0001449_crop_0000005.png,5,1
image_0001451_crop_0000001.png,1,1
image_0001451_crop_0000001.png,2,1
image_0001452_crop_0000002.png,1,1
image_0001452_crop_0000002.png,2,1
image_0001452_crop_0000002.png,3,1
image_0001452_crop_0000002.png,4,1
image_0001452_crop_0000003.png,1,1
image_0001452_crop_0000003.png,2,1
image_0001452_crop_0000005.png,1,1
image_0001452_crop_0000005.png,2,1
image_0001452_crop_0000006.png,1,1
image_0001452_crop_0000006.png,2,0
image_0001452_crop_0000006.png,3,0
image_0001452_crop_0000007.png,1,0
image_0001452_crop_0000007.png,2,1
image_0001452_crop_0000009.png,1,1
image_0001452_crop_0000009.png,2,1
image_0001452_crop_0000010.png,1,1
image_0001452_crop_0000010.png,2,1
image_0001455_crop_0000004.png,1,0
image_0001455_crop_0000004.png,2,0
image_0001455_crop_0000005.png,1,0
image_0001455_crop_0000005.png,2,1
image_0001456_crop_0000001.png,1,1
image_0001456_crop_0000001.png,2,1
image_0001459_crop_0000001.png,1,1
image_0001459_crop_0000001.png,2,1
image_0001459_crop_0000001.png,3,1
image_0001459_crop_0000001.png,4,1
image_0001459_crop_0000002.png,1,1
image_0001459_crop_0000002.png,2,1
image_0001459_crop_0000002.png,3,1
image_0001459_crop_0000003.png,1,1
image_0001459_crop_0000003.png,2,1
image_0001459_crop_0000003.png,3,1
image_0001459_crop_0000003.png,4,1
image_0001459_crop_0000004.png,1,1
image_0001459_crop_0000004.png,2,1
image_0001459_crop_0000004.png,3,1
image_0001459_crop_0000004.png,4,1
image_0001459_crop_0000004.png,5,1
image_0001459_crop_0000005.png,1,1
image_0001459_crop_0000005.png,2,1
image_0001459_crop_0000006.png,1,1
image_0001459_crop_0000006.png,2,1
image_0001459_crop_0000006.png,3,1
image_0001459_crop_0000006.png,4,1
image_0001459_crop_0000006.png,5,1
image_0001459_crop_0000006.png,6,0
image_0001459_crop_0000007.png,1,1
image_0001459_crop_0000007.png,2,1
image_0001459_crop_0000007.png,3,1
image_0001459_crop_0000008.png,1,1
image_0001459_crop_0000008.png,2,1
image_0001459_crop_0000008.png,3,1
image_0001459_crop_0000008.png,4,0
image_0001459_crop_0000009.png,1,1
image_0001459_crop_0000009.png,2,1
image_0001459_crop_0000009.png,3,1
image_0001459_crop_0000011.png,1,1
image_0001459_crop_0000011.png,2,1
image_0001463_crop_0000003.png,1,1
image_0001463_crop_0000003.png,2,1
image_0001463_crop_0000005.png,1,1
image_0001463_crop_0000005.png,2,0
image_0001467_crop_0000001.png,1,1
image_0001467_crop_0000001.png,2,1
image_0001467_crop_0000002.png,1,1
image_0001467_crop_0000002.png,2,1
image_0001467_crop_0000003.png,1,1
image_0001467_crop_0000003.png,2,1
image_0001467_crop_0000003.png,3,1
image_0001467_crop_0000004.png,1,0
image_0001467_crop_0000004.png,2,0
image_0001467_crop_0000006.png,1,1
image_0001467_crop_0000006.png,2,1
image_0001467_crop_0000006.png,3,1
image_0001468_crop_0000001.png,1,0
image_0001468_crop_0000001.png,2,1
image_0001468_crop_0000001.png,3,1
image_0001471_crop_0000001.png,1,1
image_0001471_crop_0000001.png,2,1
image_0001471_crop_0000001.png,3,1
image_0001471_crop_0000002.png,1,1
image_0001471_crop_0000002.png,2,1
image_0001471_crop_0000003.png,1,1
image_0001471_crop_0000003.png,2,1
image_0001471_crop_0000003.png,3,1
image_0001471_crop_0000004.png,1,1
image_0001471_crop_0000004.png,2,1
image_0001471_crop_0000004.png,3,1
image_0001472_crop_0000004.png,1,1
image_0001472_crop_0000004.png,2,1
image_0001472_crop_0000005.png,1,1
image_0001472_crop_0000005.png,2,0
image_0001472_crop_0000005.png,3,0
image_0001472_crop_0000009.png,1,0
image_0001472_crop_0000009.png,2,1
image_0001473_crop_0000001.png,1,1
image_0001473_crop_0000001.png,2,1
image_0001473_crop_0000003.png,1,1
image_0001473_crop_0000003.png,2,1
image_0001473_crop_0000003.png,3,1
image_0001473_crop_0000004.png,1,1
image_0001473_crop_0000004.png,2,1
image_0001473_crop_0000004.png,3,1
image_0001473_crop_0000004.png,4,1
image_0001473_crop_0000005.png,1,1
image_0001473_crop_0000005.png,2,1
image_0001473_crop_0000006.png,1,1
image_0001473_crop_0000006.png,2,1
image_0001474_crop_0000002.png,1,1
image_0001474_crop_0000002.png,2,1
image_0001474_crop_0000002.png,3,1
image_0001475_crop_0000001.png,1,1
image_0001475_crop_0000001.png,2,1
image_0001475_crop_0000003.png,1,1
image_0001475_crop_0000003.png,2,1
image_0001475_crop_0000004.png,1,1
image_0001475_crop_0000004.png,2,1
image_0001475_crop_0000005.png,1,1
image_0001475_crop_0000005.png,2,1
image_0001475_crop_0000008.png,1,1
image_0001475_crop_0000008.png,2,1
image_0001475_crop_0000010.png,1,1
image_0001475_crop_0000010.png,2,1
image_0001475_crop_0000012.png,1,0
image_0001475_crop_0000012.png,2,0
image_0001475_crop_0000013.png,1,1
image_0001475_crop_0000013.png,2,1
image_0001475_crop_0000014.png,1,1
image_0001475_crop_0000014.png,2,1
image_0001475_crop_0000014.png,3,1
image_0001475_crop_0000016.png,1,1
image_0001475_crop_0000016.png,2,1
image_0001475_crop_0000017.png,1,1
image_0001475_crop_0000017.png,2,1
image_0001475_crop_0000018.png,1,1
image_0001475_crop_0000018.png,2,1
image_0001476_crop_0000001.png,1,1
image_0001476_crop_0000001.png,2,1
image_0001476_crop_0000003.png,1,1
image_0001476_crop_0000003.png,2,1
image_0001476_crop_0000004.png,1,1
image_0001476_crop_0000004.png,2,1
image_0001476_crop_0000006.png,1,1
image_0001476_crop_0000006.png,2,1
image_0001476_crop_0000007.png,1,1
image_0001476_crop_0000007.png,2,1
image_0001476_crop_0000007.png,3,1
image_0001478_crop_0000001.png,1,0
image_0001478_crop_0000001.png,2,0
image_0001478_crop_0000001.png,3,0
image_0001478_crop_0000001.png,4,0
image_0001478_crop_0000002.png,1,0
image_0001478_crop_0000002.png,2,0
image_0001478_crop_0000002.png,3,0
image_0001478_crop_0000003.png,1,0
image_0001478_crop_0000003.png,2,0
image_0001478_crop_0000006.png,1,1
image_0001478_crop_0000006.png,2,0
image_0001479_crop_0000001.png,1,1
image_0001479_crop_0000001.png,2,1
image_0001479_crop_0000001.png,3,1
image_0001479_crop_0000002.png,1,1
image_0001479_crop_0000002.png,2,1
image_0001479_crop_0000006.png,1,1
image_0001479_crop_0000006.png,2,1
image_0001479_crop_0000008.png,1,0
image_0001479_crop_0000008.png,2,1
image_0001479_crop_0000008.png,3,1
image_0001480_crop_0000001.png,1,1
image_0001480_crop_0000001.png,2,1
image_0001480_crop_0000001.png,3,1
image_0001480_crop_0000002.png,1,1
image_0001480_crop_0000002.png,2,1
image_0001480_crop_0000002.png,3,1
image_0001480_crop_0000003.png,1,1
image_0001480_crop_0000003.png,2,1
image_0001480_crop_0000003.png,3,1
image_0001480_crop_0000003.png,4,1
image_0001480_crop_0000004.png,1,1
image_0001480_crop_0000004.png,2,1
image_0001480_crop_0000004.png,3,1
image_0001480_crop_0000006.png,1,0
image_0001480_crop_0000006.png,2,0
image_0001480_crop_0000006.png,3,0
image_0001480_crop_0000007.png,1,1
image_0001480_crop_0000007.png,2,1
image_0001480_crop_0000007.png,3,1
image_0001481_crop_0000001.png,1,1
image_0001481_crop_0000001.png,2,1
image_0001481_crop_0000002.png,1,1
image_0001481_crop_0000002.png,2,1
image_0001481_crop_0000002.png,3,1
image_0001481_crop_0000002.png,4,1
image_0001481_crop_0000003.png,1,1
image_0001481_crop_0000003.png,2,1
image_0001481_crop_0000004.png,1,1
image_0001481_crop_0000004.png,2,1
image_0001482_crop_0000001.png,1,1
image_0001482_crop_0000001.png,2,1
image_0001482_crop_0000001.png,3,1
image_0001482_crop_0000001.png,4,1
image_0001482_crop_0000004.png,1,1
image_0001482_crop_0000004.png,2,1
image_0001482_crop_0000004.png,3,1
image_0001482_crop_0000004.png,4,1
image_0001482_crop_0000004.png,5,1
image_0001482_crop_0000004.png,6,1
image_0001482_crop_0000005.png,1,1
image_0001482_crop_0000005.png,2,1
image_0001482_crop_0000005.png,3,1
image_0001482_crop_0000005.png,4,1
image_0001485_crop_0000001.png,1,1
image_0001485_crop_0000001.png,2,1
image_0001485_crop_0000003.png,1,1
image_0001485_crop_0000003.png,2,1
image_0001485_crop_0000003.png,3,1
image_0001485_crop_0000003.png,4,1
image_0001485_crop_0000003.png,5,1
image_0001485_crop_0000007.png,1,1
image_0001485_crop_0000007.png,2,1
image_0001486_crop_0000002.png,1,1
image_0001486_crop_0000002.png,2,1
image_0001486_crop_0000002.png,3,1
image_0001486_crop_0000002.png,4,1
image_0001486_crop_0000002.png,5,1
image_0001486_crop_0000003.png,1,1
image_0001486_crop_0000003.png,2,0
image_0001486_crop_0000003.png,3,1
image_0001487_crop_0000002.png,1,1
image_0001487_crop_0000002.png,2,1
image_0001487_crop_0000002.png,3,1
image_0001487_crop_0000002.png,4,1
image_0001487_crop_0000004.png,1,1
image_0001487_crop_0000004.png,2,1
image_0001487_crop_0000005.png,1,1
image_0001487_crop_0000005.png,2,1
image_0001487_crop_0000005.png,3,1
image_0001487_crop_0000006.png,1,1
image_0001487_crop_0000006.png,2,1
image_0001487_crop_0000008.png,1,1
image_0001487_crop_0000008.png,2,0
image_0001487_crop_0000008.png,3,0
image_0001487_crop_0000008.png,4,0
image_0001487_crop_0000008.png,5,0
image_0001488_crop_0000001.png,1,0
image_0001488_crop_0000001.png,2,0
image_0001488_crop_0000005.png,1,1
image_0001488_crop_0000005.png,2,1
image_0001488_crop_0000006.png,1,1
image_0001488_crop_0000006.png,2,1
image_0001490_crop_0000001.png,1,1
image_0001490_crop_0000001.png,2,1
image_0001490_crop_0000002.png,1,1
image_0001490_crop_0000002.png,2,1
image_0001490_crop_0000003.png,1,1
image_0001490_crop_0000003.png,2,1
image_0001490_crop_0000004.png,1,1
image_0001490_crop_0000004.png,2,1
image_0001490_crop_0000007.png,1,0
image_0001490_crop_0000007.png,2,0
image_0001491_crop_0000001.png,1,0
image_0001491_crop_0000001.png,2,0
image_0001491_crop_0000001.png,3,0
image_0001491_crop_0000004.png,1,1
image_0001491_crop_0000004.png,2,1
image_0001491_crop_0000005.png,1,0
image_0001491_crop_0000005.png,2,0
image_0001491_crop_0000005.png,3,0
image_0001491_crop_0000006.png,1,0
image_0001491_crop_0000006.png,2,0
image_0001491_crop_0000006.png,3,0
image_0001493_crop_0000001.png,1,1
image_0001493_crop_0000001.png,2,1
image_0001493_crop_0000001.png,3,1
image_0001494_crop_0000001.png,1,1
image_0001494_crop_0000001.png,2,1
image_0001495_crop_0000002.png,1,1
image_0001495_crop_0000002.png,2,1
image_0001495_crop_0000002.png,3,1
image_0001495_crop_0000002.png,4,1
image_0001495_crop_0000002.png,5,1
image_0001495_crop_0000002.png,6,1
image_0001495_crop_0000002.png,7,1
image_0001495_crop_0000003.png,1,1
image_0001495_crop_0000003.png,2,1
image_0001495_crop_0000003.png,3,1
image_0001495_crop_0000003.png,4,1
image_0001495_crop_0000003.png,5,1
image_0001495_crop_0000003.png,6,1
image_0001495_crop_0000004.png,1,1
image_0001495_crop_0000004.png,2,1
image_0001495_crop_0000005.png,1,1
image_0001495_crop_0000005.png,2,1
image_0001495_crop_0000005.png,3,1
image_0001495_crop_0000005.png,4,1
image_0001495_crop_0000005.png,5,1
image_0001495_crop_0000005.png,6,1
image_0001495_crop_0000006.png,1,1
image_0001495_crop_0000006.png,2,1
image_0001495_crop_0000006.png,3,1
image_0001495_crop_0000006.png,4,1
image_0001495_crop_0000006.png,5,1
image_0001495_crop_0000006.png,6,1
image_0001495_crop_0000006.png,7,1
image_0001495_crop_0000006.png,8,1
image_0001495_crop_0000006.png,9,1
image_0001495_crop_0000009.png,1,1
image_0001495_crop_0000009.png,2,1
image_0001495_crop_0000010.png,1,1
image_0001495_crop_0000010.png,2,1
image_0001495_crop_0000010.png,3,1
image_0001495_crop_0000011.png,1,1
image_0001495_crop_0000011.png,2,1
image_0001496_crop_0000001.png,1,1
image_0001496_crop_0000001.png,2,1
image_0001496_crop_0000002.png,1,1
image_0001496_crop_0000002.png,2,1
image_0001496_crop_0000003.png,1,0
image_0001496_crop_0000003.png,2,1
image_0001496_crop_0000006.png,1,1
image_0001496_crop_0000006.png,2,0
image_0001496_crop_0000008.png,1,1
image_0001496_crop_0000008.png,2,1
image_0001497_crop_0000005.png,1,1
image_0001497_crop_0000005.png,2,1
image_0001497_crop_0000005.png,3,1
image_0001497_crop_0000006.png,1,1
image_0001497_crop_0000006.png,2,1
image_0001497_crop_0000006.png,3,1
image_0001497_crop_0000008.png,1,1
image_0001497_crop_0000008.png,2,1
image_0001497_crop_0000010.png,1,1
image_0001497_crop_0000010.png,2,1
image_0001497_crop_0000010.png,3,1
image_0001497_crop_0000011.png,1,1
image_0001497_crop_0000011.png,2,1
image_0001499_crop_0000001.png,1,1
image_0001499_crop_0000001.png,2,1
image_0001499_crop_0000002.png,1,1
image_0001499_crop_0000002.png,2,1
image_0001499_crop_0000002.png,3,0
image_0001499_crop_0000003.png,1,0
image_0001499_crop_0000003.png,2,1
image_0001505_crop_0000001.png,1,1
image_0001505_crop_0000001.png,2,1
image_0001505_crop_0000001.png,3,1
image_0001505_crop_0000003.png,1,1
image_0001505_crop_0000003.png,2,1
image_0001505_crop_0000003.png,3,1
image_0001505_crop_0000003.png,4,1
image_0001505_crop_0000004.png,1,1
image_0001505_crop_0000004.png,2,1
image_0001505_crop_0000005.png,1,1
image_0001505_crop_0000005.png,2,1
image_0001506_crop_0000001.png,1,1
image_0001506_crop_0000001.png,2,1
image_0001506_crop_0000001.png,3,1
image_0001506_crop_0000003.png,1,0
image_0001506_crop_0000003.png,2,0
image_0001506_crop_0000003.png,3,1
image_0001506_crop_0000003.png,4,1
image_0001506_crop_0000003.png,5,1
image_0001506_crop_0000003.png,6,1
image_0001506_crop_0000005.png,1,1
image_0001506_crop_0000005.png,2,1
image_0001506_crop_0000008.png,1,1
image_0001506_crop_0000008.png,2,0
image_0001506_crop_0000009.png,1,1
image_0001506_crop_0000009.png,2,1
image_0001506_crop_0000010.png,1,1
image_0001506_crop_0000010.png,2,1
image_0001506_crop_0000016.png,1,1
image_0001506_crop_0000016.png,2,0
image_0001506_crop_0000017.png,1,0
image_0001506_crop_0000017.png,2,0
image_0001508_crop_0000001.png,1,1
image_0001508_crop_0000001.png,2,1
image_0001508_crop_0000001.png,3,1
image_0001508_crop_0000007.png,1,1
image_0001508_crop_0000007.png,2,1
image_0001508_crop_0000010.png,1,1
image_0001508_crop_0000010.png,2,1
image_0001508_crop_0000012.png,1,1
image_0001508_crop_0000012.png,2,1
image_0001508_crop_0000013.png,1,0
image_0001508_crop_0000013.png,2,1
image_0001508_crop_0000013.png,3,0
image_0001510_crop_0000001.png,1,1
image_0001510_crop_0000001.png,2,1
image_0001510_crop_0000003.png,1,1
image_0001510_crop_0000003.png,2,1
image_0001510_crop_0000005.png,1,1
image_0001510_crop_0000005.png,2,1
image_0001510_crop_0000005.png,3,1
image_0001510_crop_0000006.png,1,1
image_0001510_crop_0000006.png,2,1
image_0001510_crop_0000011.png,1,1
image_0001510_crop_0000011.png,2,1
image_0001510_crop_0000011.png,3,1
image_0001514_crop_0000001.png,1,1
image_0001514_crop_0000001.png,2,1
image_0001514_crop_0000001.png,3,1
image_0001514_crop_0000001.png,4,1
image_0001514_crop_0000001.png,5,1
image_0001514_crop_0000002.png,1,1
image_0001514_crop_0000002.png,2,1
image_0001514_crop_0000002.png,3,1
image_0001514_crop_0000004.png,1,1
image_0001514_crop_0000004.png,2,1
image_0001514_crop_0000005.png,1,1
image_0001514_crop_0000005.png,2,1
image_0001514_crop_0000006.png,1,1
image_0001514_crop_0000006.png,2,1
image_0001514_crop_0000006.png,3,1
image_0001514_crop_0000006.png,4,0
image_0001516_crop_0000002.png,1,1
image_0001516_crop_0000002.png,2,1
image_0001517_crop_0000001.png,1,1
image_0001517_crop_0000001.png,2,1
image_0001517_crop_0000001.png,3,1
image_0001517_crop_0000001.png,4,1
image_0001517_crop_0000002.png,1,0
image_0001517_crop_0000002.png,2,0
image_0001517_crop_0000003.png,1,1
image_0001517_crop_0000003.png,2,1
image_0001522_crop_0000001.png,1,1
image_0001522_crop_0000001.png,2,1
image_0001522_crop_0000002.png,1,1
image_0001522_crop_0000002.png,2,1
image_0001522_crop_0000002.png,3,1
image_0001523_crop_0000001.png,1,0
image_0001523_crop_0000001.png,2,0
image_0001523_crop_0000002.png,1,1
image_0001523_crop_0000002.png,2,1
image_0001523_crop_0000002.png,3,1
image_0001523_crop_0000002.png,4,1
image_0001524_crop_0000001.png,1,1
image_0001524_crop_0000001.png,2,1
image_0001527_crop_0000001.png,1,1
image_0001527_crop_0000001.png,2,1
image_0001527_crop_0000002.png,1,1
image_0001527_crop_0000002.png,2,1
image_0001527_crop_0000003.png,1,1
image_0001527_crop_0000003.png,2,1
image_0001527_crop_0000003.png,3,1
image_0001527_crop_0000003.png,4,1
image_0001527_crop_0000003.png,5,1
image_0001527_crop_0000004.png,1,1
image_0001527_crop_0000004.png,2,1
image_0001527_crop_0000006.png,1,0
image_0001527_crop_0000006.png,2,1
image_0001529_crop_0000001.png,1,1
image_0001529_crop_0000001.png,2,1
image_0001529_crop_0000001.png,3,1
image_0001529_crop_0000002.png,1,0
image_0001529_crop_0000002.png,2,0
image_0001529_crop_0000002.png,3,0
image_0001530_crop_0000004.png,1,1
image_0001530_crop_0000004.png,2,1
image_0001530_crop_0000006.png,1,1
image_0001530_crop_0000006.png,2,1
image_0001530_crop_0000006.png,3,1
image_0001530_crop_0000007.png,1,1
image_0001530_crop_0000007.png,2,0
image_0001530_crop_0000008.png,1,1
image_0001530_crop_0000008.png,2,1
image_0001530_crop_0000008.png,3,1
image_0001530_crop_0000010.png,1,0
image_0001530_crop_0000010.png,2,0
image_0001530_crop_0000010.png,3,1
image_0001530_crop_0000010.png,4,1
image_0001534_crop_0000002.png,1,1
image_0001534_crop_0000002.png,2,1
image_0001534_crop_0000002.png,3,1
image_0001535_crop_0000002.png,1,1
image_0001535_crop_0000002.png,2,1
image_0001535_crop_0000005.png,1,1
image_0001535_crop_0000005.png,2,1
image_0001537_crop_0000002.png,1,0
image_0001537_crop_0000002.png,2,0
image_0001537_crop_0000005.png,1,0
image_0001537_crop_0000005.png,2,0
image_0001537_crop_0000006.png,1,0
image_0001537_crop_0000006.png,2,0
image_0001542_crop_0000001.png,1,1
image_0001542_crop_0000001.png,2,1
image_0001542_crop_0000002.png,1,0
image_0001542_crop_0000002.png,2,0
image_0001542_crop_0000003.png,1,1
image_0001542_crop_0000003.png,2,1
image_0001542_crop_0000003.png,3,1
image_0001543_crop_0000002.png,1,1
image_0001543_crop_0000002.png,2,1
image_0001543_crop_0000004.png,1,1
image_0001543_crop_0000004.png,2,1
image_0001544_crop_0000001.png,1,1
image_0001544_crop_0000001.png,2,1
image_0001544_crop_0000001.png,3,1
image_0001544_crop_0000001.png,4,1
image_0001544_crop_0000002.png,1,0
image_0001544_crop_0000002.png,2,0
image_0001544_crop_0000002.png,3,0
image_0001544_crop_0000003.png,1,0
image_0001544_crop_0000003.png,2,0
image_0001546_crop_0000003.png,1,1
image_0001546_crop_0000003.png,2,1
image_0001547_crop_0000001.png,1,1
image_0001547_crop_0000001.png,2,1
image_0001547_crop_0000001.png,3,1
image_0001547_crop_0000001.png,4,1
image_0001547_crop_0000004.png,1,1
image_0001547_crop_0000004.png,2,1
image_0001547_crop_0000004.png,3,1
image_0001547_crop_0000004.png,4,1
image_0001548_crop_0000009.png,1,1
image_0001548_crop_0000009.png,2,1
image_0001548_crop_0000013.png,1,0
image_0001548_crop_0000013.png,2,0
image_0001550_crop_0000001.png,1,0
image_0001550_crop_0000001.png,2,0
image_0001550_crop_0000006.png,1,0
image_0001550_crop_0000006.png,2,0
image_0001550_crop_0000007.png,1,0
image_0001550_crop_0000007.png,2,0
image_0001550_crop_0000009.png,1,0
image_0001550_crop_0000009.png,2,0
image_0001550_crop_0000010.png,1,0
image_0001550_crop_0000010.png,2,0
image_0001552_crop_0000001.png,1,0
image_0001552_crop_0000001.png,2,0
image_0001552_crop_0000001.png,3,0
image_0001552_crop_0000002.png,1,0
image_0001552_crop_0000002.png,2,0
image_0001552_crop_0000003.png,1,0
image_0001552_crop_0000003.png,2,0
image_0001552_crop_0000004.png,1,0
image_0001552_crop_0000004.png,2,0
image_0001552_crop_0000004.png,3,0
image_0001552_crop_0000005.png,1,0
image_0001552_crop_0000005.png,2,0
image_0001552_crop_0000006.png,1,0
image_0001552_crop_0000006.png,2,0
image_0001553_crop_0000004.png,1,1
image_0001553_crop_0000004.png,2,1
image_0001555_crop_0000001.png,1,0
image_0001555_crop_0000001.png,2,0
image_0001555_crop_0000002.png,1,1
image_0001555_crop_0000002.png,2,1
image_0001555_crop_0000002.png,3,1
image_0001555_crop_0000005.png,1,1
image_0001555_crop_0000005.png,2,1
image_0001555_crop_0000005.png,3,1
image_0001555_crop_0000005.png,4,1
image_0001555_crop_0000008.png,1,1
image_0001555_crop_0000008.png,2,1
image_0001555_crop_0000009.png,1,0
image_0001555_crop_0000009.png,2,0
image_0001555_crop_0000010.png,1,0
image_0001555_crop_0000010.png,2,0
image_0001555_crop_0000011.png,1,1
image_0001555_crop_0000011.png,2,1
image_0001555_crop_0000011.png,3,1
image_0001555_crop_0000011.png,4,1
image_0001555_crop_0000012.png,1,1
image_0001555_crop_0000012.png,2,1
image_0001555_crop_0000013.png,1,0
image_0001555_crop_0000013.png,2,0
image_0001555_crop_0000016.png,1,0
image_0001555_crop_0000016.png,2,0
image_0001557_crop_0000001.png,1,0
image_0001557_crop_0000001.png,2,1
image_0001557_crop_0000002.png,1,1
image_0001557_crop_0000002.png,2,1
image_0001557_crop_0000002.png,3,1
image_0001557_crop_0000003.png,1,0
image_0001557_crop_0000003.png,2,1
image_0001557_crop_0000003.png,3,1
image_0001557_crop_0000004.png,1,0
image_0001557_crop_0000004.png,2,0
image_0001557_crop_0000005.png,1,0
image_0001557_crop_0000005.png,2,0
image_0001557_crop_0000006.png,1,0
image_0001557_crop_0000006.png,2,0
image_0001557_crop_0000007.png,1,1
image_0001557_crop_0000007.png,2,0
image_0001557_crop_0000008.png,1,1
image_0001557_crop_0000008.png,2,1
image_0001557_crop_0000008.png,3,1
image_0001557_crop_0000008.png,4,1
image_0001557_crop_0000009.png,1,1
image_0001557_crop_0000009.png,2,1
image_0001557_crop_0000011.png,1,0
image_0001557_crop_0000011.png,2,0
image_0001557_crop_0000012.png,1,0
image_0001557_crop_0000012.png,2,0
image_0001557_crop_0000013.png,1,1
image_0001557_crop_0000013.png,2,1
image_0001557_crop_0000014.png,1,0
image_0001557_crop_0000014.png,2,1
image_0001557_crop_0000016.png,1,1
image_0001557_crop_0000016.png,2,1
image_0001558_crop_0000001.png,1,1
image_0001558_crop_0000001.png,2,1
image_0001558_crop_0000001.png,3,1
image_0001558_crop_0000002.png,1,1
image_0001558_crop_0000002.png,2,1
image_0001558_crop_0000003.png,1,1
image_0001558_crop_0000003.png,2,1
image_0001558_crop_0000004.png,1,1
image_0001558_crop_0000004.png,2,1
image_0001558_crop_0000004.png,3,1
image_0001560_crop_0000001.png,1,1
image_0001560_crop_0000001.png,2,1
image_0001560_crop_0000001.png,3,1
image_0001560_crop_0000002.png,1,1
image_0001560_crop_0000002.png,2,1
image_0001560_crop_0000002.png,3,1
image_0001560_crop_0000003.png,1,1
image_0001560_crop_0000003.png,2,1
image_0001560_crop_0000003.png,3,1
image_0001560_crop_0000003.png,4,1
image_0001560_crop_0000004.png,1,0
image_0001560_crop_0000004.png,2,0
image_0001560_crop_0000004.png,3,0
image_0001560_crop_0000004.png,4,0
image_0001560_crop_0000005.png,1,0
image_0001560_crop_0000005.png,2,0
image_0001560_crop_0000005.png,3,0
image_0001561_crop_0000003.png,1,1
image_0001561_crop_0000003.png,2,1
image_0001561_crop_0000003.png,3,1
image_0001561_crop_0000004.png,1,1
image_0001561_crop_0000004.png,2,1
image_0001561_crop_0000005.png,1,1
image_0001561_crop_0000005.png,2,1
image_0001563_crop_0000002.png,1,0
image_0001563_crop_0000002.png,2,0
image_0001563_crop_0000002.png,3,0
image_0001563_crop_0000002.png,4,0
image_0001564_crop_0000001.png,1,1
image_0001564_crop_0000001.png,2,1
image_0001564_crop_0000002.png,1,1
image_0001564_crop_0000002.png,2,1
image_0001564_crop_0000002.png,3,1
image_0001564_crop_0000002.png,4,1
image_0001564_crop_0000003.png,1,1
image_0001564_crop_0000003.png,2,1
image_0001564_crop_0000004.png,1,0
image_0001564_crop_0000004.png,2,0
image_0001566_crop_0000001.png,1,1
image_0001566_crop_0000001.png,2,1
image_0001566_crop_0000002.png,1,1
image_0001566_crop_0000002.png,2,0
image_0001566_crop_0000003.png,1,1
image_0001566_crop_0000003.png,2,1
image_0001566_crop_0000003.png,3,1
image_0001566_crop_0000004.png,1,1
image_0001566_crop_0000004.png,2,1
image_0001566_crop_0000010.png,1,1
image_0001566_crop_0000010.png,2,1
image_0001566_crop_0000012.png,1,1
image_0001566_crop_0000012.png,2,1
image_0001566_crop_0000018.png,1,1
image_0001566_crop_0000018.png,2,1
image_0001566_crop_0000019.png,1,1
image_0001566_crop_0000019.png,2,1
image_0001566_crop_0000022.png,1,1
image_0001566_crop_0000022.png,2,1
image_0001566_crop_0000022.png,3,1
image_0001567_crop_0000001.png,1,0
image_0001567_crop_0000001.png,2,0
image_0001567_crop_0000002.png,1,1
image_0001567_crop_0000002.png,2,1
image_0001567_crop_0000002.png,3,1
image_0001567_crop_0000003.png,1,1
image_0001567_crop_0000003.png,2,1
image_0001567_crop_0000003.png,3,1
image_0001567_crop_0000004.png,1,1
image_0001567_crop_0000004.png,2,1
image_0001567_crop_0000004.png,3,1
image_0001567_crop_0000004.png,4,1
image_0001567_crop_0000004.png,5,1
image_0001567_crop_0000005.png,1,1
image_0001567_crop_0000005.png,2,1
image_0001567_crop_0000005.png,3,1
image_0001569_crop_0000001.png,1,1
image_0001569_crop_0000001.png,2,1
image_0001569_crop_0000001.png,3,1
image_0001569_crop_0000002.png,1,0
image_0001569_crop_0000002.png,2,0
image_0001569_crop_0000003.png,1,1
image_0001569_crop_0000003.png,2,1
image_0001569_crop_0000007.png,1,0
image_0001569_crop_0000007.png,2,0
image_0001569_crop_0000008.png,1,0
image_0001569_crop_0000008.png,2,0
image_0001569_crop_0000010.png,1,0
image_0001569_crop_0000010.png,2,0
image_0001573_crop_0000002.png,1,1
image_0001573_crop_0000002.png,2,1
image_0001573_crop_0000007.png,1,1
image_0001573_crop_0000007.png,2,1
image_0001573_crop_0000007.png,3,1
image_0001573_crop_0000010.png,1,1
image_0001573_crop_0000010.png,2,0
image_0001577_crop_0000001.png,1,1
image_0001577_crop_0000001.png,2,1
image_0001577_crop_0000001.png,3,1
image_0001577_crop_0000001.png,4,1
image_0001582_crop_0000001.png,1,0
image_0001582_crop_0000001.png,2,0
image_0001582_crop_0000002.png,1,0
image_0001582_crop_0000002.png,2,0
image_0001582_crop_0000004.png,1,0
image_0001582_crop_0000004.png,2,0
image_0001582_crop_0000005.png,1,0
image_0001582_crop_0000005.png,2,0
image_0001582_crop_0000005.png,3,0
image_0001583_crop_0000002.png,1,1
image_0001583_crop_0000002.png,2,1
image_0001583_crop_0000002.png,3,1
image_0001583_crop_0000002.png,4,0
image_0001583_crop_0000002.png,5,1
image_0001583_crop_0000003.png,1,0
image_0001583_crop_0000003.png,2,0
image_0001583_crop_0000005.png,1,1
image_0001583_crop_0000005.png,2,1
image_0001588_crop_0000001.png,1,1
image_0001588_crop_0000001.png,2,1
image_0001588_crop_0000001.png,3,1
image_0001588_crop_0000002.png,1,1
image_0001588_crop_0000002.png,2,1
image_0001588_crop_0000002.png,3,1
image_0001588_crop_0000003.png,1,1
image_0001588_crop_0000003.png,2,1
image_0001588_crop_0000003.png,3,1
image_0001588_crop_0000004.png,1,0
image_0001588_crop_0000004.png,2,0
image_0001588_crop_0000004.png,3,0
image_0001588_crop_0000006.png,1,0
image_0001588_crop_0000006.png,2,0
image_0001588_crop_0000007.png,1,0
image_0001588_crop_0000007.png,2,0
image_0001589_crop_0000001.png,1,1
image_0001589_crop_0000001.png,2,1
image_0001589_crop_0000004.png,1,0
image_0001589_crop_0000004.png,2,0
image_0001589_crop_0000005.png,1,1
image_0001589_crop_0000005.png,2,1
image_0001589_crop_0000008.png,1,0
image_0001589_crop_0000008.png,2,0
image_0001592_crop_0000002.png,1,1
image_0001592_crop_0000002.png,2,1
image_0001592_crop_0000003.png,1,1
image_0001592_crop_0000003.png,2,1
image_0001592_crop_0000004.png,1,1
image_0001592_crop_0000004.png,2,1
image_0001592_crop_0000004.png,3,1
image_0001592_crop_0000009.png,1,1
image_0001592_crop_0000009.png,2,1
image_0001594_crop_0000001.png,1,1
image_0001594_crop_0000001.png,2,1
image_0001594_crop_0000006.png,1,0
image_0001594_crop_0000006.png,2,1
image_0001595_crop_0000001.png,1,1
image_0001595_crop_0000001.png,2,1
image_0001595_crop_0000001.png,3,1
image_0001595_crop_0000002.png,1,0
image_0001595_crop_0000002.png,2,0
image_0001595_crop_0000003.png,1,1
image_0001595_crop_0000003.png,2,1
image_0001595_crop_0000004.png,1,1
image_0001595_crop_0000004.png,2,1
image_0001595_crop_0000005.png,1,1
image_0001595_crop_0000005.png,2,1
image_0001595_crop_0000005.png,3,1
image_0001596_crop_0000003.png,1,1
image_0001596_crop_0000003.png,2,1
image_0001596_crop_0000003.png,3,1
image_0001596_crop_0000004.png,1,1
image_0001596_crop_0000004.png,2,1
image_0001596_crop_0000005.png,1,1
image_0001596_crop_0000005.png,2,1
image_0001599_crop_0000001.png,1,0
image_0001599_crop_0000001.png,2,0
image_0001599_crop_0000002.png,1,0
image_0001599_crop_0000002.png,2,0
image_0001599_crop_0000002.png,3,0
image_0001599_crop_0000004.png,1,0
image_0001599_crop_0000004.png,2,0
image_0001599_crop_0000005.png,1,1
image_0001599_crop_0000005.png,2,1
image_0001599_crop_0000007.png,1,0
image_0001599_crop_0000007.png,2,0
image_0001599_crop_0000007.png,3,0
image_0001599_crop_0000007.png,4,0
