name,label,source_id,split
image_0000005_crop_0000001.png,0,image_0000005,train
image_0000005_crop_0000002.png,0,image_0000005,train
image_0000028_crop_0000001.png,0,image_0000028,val
image_0000034_crop_0000001.png,0,image_0000034,train
image_0000034_crop_0000002.png,1,image_0000034,train
image_0000046_crop_0000001.png,1,image_0000046,train
image_0000050_crop_0000001.png,1,image_0000050,train
image_0000052_crop_0000001.png,0,image_0000052,train
image_0000054_crop_0000001.png,0,image_0000054,test
image_0000077_crop_0000001.png,0,image_0000077,train
image_0000083_crop_0000001.png,0,image_0000083,train
image_0000085_crop_0000001.png,1,image_0000085,train
image_0000087_crop_0000001.png,0,image_0000087,val
image_0000087_crop_0000002.png,0,image_0000087,val
image_0000088_crop_0000001.png,0,image_0000088,train
image_0000088_crop_0000002.png,0,image_0000088,train
image_0000089_crop_0000001.png,0,image_0000089,test
image_0000092_crop_0000001.png,0,image_0000092,val
image_0000097_crop_0000002.png,0,image_0000097,train
image_0000110_crop_0000001.png,0,image_0000110,train
image_0000118_crop_0000001.png,1,image_0000118,train
image_0000118_crop_0000002.png,1,image_0000118,train
image_0000118_crop_0000003.png,1,image_0000118,train
image_0000118_crop_0000004.png,1,image_0000118,train
image_0000121_crop_0000001.png,0,image_0000121,train
image_0000125_crop_0000001.png,0,image_0000125,train
image_0000126_crop_0000001.png,0,image_0000126,test
image_0000127_crop_0000001.png,0,image_0000127,train
image_0000127_crop_0000002.png,0,image_0000127,train
image_0000131_crop_0000001.png,0,image_0000131,test
image_0000136_crop_0000001.png,1,image_0000136,train
image_0000144_crop_0000001.png,0,image_0000144,train
image_0000150_crop_0000001.png,1,image_0000150,train
image_0000150_crop_0000003.png,0,image_0000150,train
image_0000153_crop_0000001.png,0,image_0000153,train
image_0000159_crop_0000001.png,1,image_0000159,train
image_0000160_crop_0000001.png,0,image_0000160,train
image_0000160_crop_0000002.png,0,image_0000160,train
image_0000163_crop_0000001.png,0,image_0000163,test
image_0000164_crop_0000001.png,0,image_0000164,train
image_0000164_crop_0000002.png,0,image_0000164,train
image_0000164_crop_0000003.png,1,image_0000164,train
image_0000169_crop_0000001.png,0,image_0000169,train
image_0000172_crop_0000001.png,0,image_0000172,val
image_0000172_crop_0000002.png,0,image_0000172,val
image_0000173_crop_0000001.png,0,image_0000173,train
image_0000177_crop_0000001.png,0,image_0000177,test
image_0000180_crop_0000001.png,0,image_0000180,train
image_0000181_crop_0000001.png,0,image_0000181,train
image_0000181_crop_0000002.png,1,image_0000181,train
image_0000188_crop_0000001.png,0,image_0000188,train
image_0000189_crop_0000001.png,0,image_0000189,test
image_0000192_crop_0000001.png,0,image_0000192,train
image_0000192_crop_0000002.png,0,image_0000192,train
image_0000192_crop_0000003.png,0,image_0000192,train
image_0000192_crop_0000004.png,1,image_0000192,train
image_0000192_crop_0000005.png,1,image_0000192,train
image_0000192_crop_0000006.png,1,image_0000192,train
image_0000192_crop_0000007.png,1,image_0000192,train
image_0000194_crop_0000001.png,0,image_0000194,test
image_0000194_crop_0000002.png,0,image_0000194,test
image_0000194_crop_0000005.png,0,image_0000194,test
image_0000194_crop_0000008.png,0,image_0000194,test
image_0000198_crop_0000001.png,1,image_0000198,train
image_0000198_crop_0000002.png,1,image_0000198,train
image_0000198_crop_0000003.png,1,image_0000198,train
image_0000199_crop_0000003.png,0,image_0000199,val
image_0000201_crop_0000001.png,0,image_0000201,test
image_0000201_crop_0000003.png,0,image_0000201,test
image_0000207_crop_0000001.png,0,image_0000207,train
image_0000207_crop_0000002.png,0,image_0000207,train
image_0000210_crop_0000001.png,1,image_0000210,train
image_0000210_crop_0000002.png,1,image_0000210,train
image_0000211_crop_0000001.png,1,image_0000211,train
image_0000211_crop_0000002.png,1,image_0000211,train
image_0000211_crop_0000003.png,1,image_0000211,train
image_0000211_crop_0000004.png,1,image_0000211,train
image_0000211_crop_0000005.png,1,image_0000211,train
image_0000211_crop_0000006.png,1,image_0000211,train
image_0000211_crop_0000007.png,1,image_0000211,train
image_0000211_crop_0000008.png,1,image_0000211,train
image_0000211_crop_0000009.png,1,image_0000211,train
image_0000211_crop_0000010.png,1,image_0000211,train
image_0000211_crop_0000011.png,1,image_0000211,train
image_0000211_crop_0000012.png,1,image_0000211,train
image_0000211_crop_0000013.png,1,image_0000211,train
image_0000212_crop_0000001.png,0,image_0000212,train
image_0000217_crop_0000002.png,1,image_0000217,test
image_0000219_crop_0000001.png,0,image_0000219,train
image_0000221_crop_0000002.png,1,image_0000221,val
image_0000222_crop_0000001.png,0,image_0000222,train
image_0000224_crop_0000001.png,0,image_0000224,test
image_0000227_crop_0000001.png,1,image_0000227,train
image_0000228_crop_0000001.png,1,image_0000228,test
image_0000228_crop_0000002.png,1,image_0000228,test
image_0000230_crop_0000005.png,1,image_0000230,train
image_0000235_crop_0000003.png,1,image_0000235,train
image_0000238_crop_0000001.png,0,image_0000238,train
image_0000243_crop_0000001.png,1,image_0000243,val
image_0000246_crop_0000001.png,1,image_0000246,train
image_0000247_crop_0000001.png,0,image_0000247,val
image_0000248_crop_0000001.png,1,image_0000248,train
image_0000252_crop_0000002.png,1,image_0000252,train
image_0000252_crop_0000003.png,1,image_0000252,train
image_0000254_crop_0000001.png,1,image_0000254,train
image_0000254_crop_0000002.png,1,image_0000254,train
image_0000254_crop_0000003.png,1,image_0000254,train
image_0000254_crop_0000004.png,1,image_0000254,train
image_0000254_crop_0000005.png,1,image_0000254,train
image_0000254_crop_0000006.png,1,image_0000254,train
image_0000254_crop_0000007.png,1,image_0000254,train
image_0000254_crop_0000008.png,1,image_0000254,train
image_0000254_crop_0000009.png,1,image_0000254,train
image_0000254_crop_0000010.png,1,image_0000254,train
image_0000259_crop_0000001.png,0,image_0000259,val
image_0000260_crop_0000001.png,1,image_0000260,test
image_0000261_crop_0000001.png,0,image_0000261,train
image_0000262_crop_0000001.png,0,image_0000262,train
image_0000264_crop_0000001.png,0,image_0000264,train
image_0000265_crop_0000002.png,0,image_0000265,test
image_0000265_crop_0000003.png,1,image_0000265,test
image_0000265_crop_0000004.png,0,image_0000265,test
image_0000271_crop_0000002.png,1,image_0000271,train
image_0000272_crop_0000001.png,1,image_0000272,train
image_0000272_crop_0000002.png,1,image_0000272,train
image_0000272_crop_0000003.png,1,image_0000272,train
image_0000272_crop_0000004.png,1,image_0000272,train
image_0000272_crop_0000005.png,1,image_0000272,train
image_0000272_crop_0000006.png,1,image_0000272,train
image_0000272_crop_0000007.png,1,image_0000272,train
image_0000272_crop_0000008.png,1,image_0000272,train
image_0000272_crop_0000009.png,1,image_0000272,train
image_0000272_crop_0000010.png,1,image_0000272,train
image_0000272_crop_0000011.png,1,image_0000272,train
image_0000274_crop_0000001.png,0,image_0000274,test
image_0000274_crop_0000002.png,0,image_0000274,test
image_0000279_crop_0000001.png,1,image_0000279,train
image_0000279_crop_0000002.png,1,image_0000279,train
image_0000279_crop_0000003.png,1,image_0000279,train
image_0000279_crop_0000004.png,1,image_0000279,train
image_0000279_crop_0000005.png,1,image_0000279,train
image_0000279_crop_0000006.png,1,image_0000279,train
image_0000279_crop_0000007.png,1,image_0000279,train
image_0000279_crop_0000008.png,1,image_0000279,train
image_0000280_crop_0000003.png,0,image_0000280,train
image_0000281_crop_0000001.png,1,image_0000281,train
image_0000283_crop_0000001.png,0,image_0000283,val
image_0000284_crop_0000001.png,0,image_0000284,train
image_0000284_crop_0000002.png,0,image_0000284,train
image_0000284_crop_0000003.png,0,image_0000284,train
image_0000284_crop_0000004.png,0,image_0000284,train
image_0000284_crop_0000005.png,0,image_0000284,train
image_0000284_crop_0000006.png,0,image_0000284,train
image_0000284_crop_0000007.png,0,image_0000284,train
image_0000284_crop_0000008.png,0,image_0000284,train
image_0000284_crop_0000009.png,0,image_0000284,train
image_0000289_crop_0000001.png,0,image_0000289,train
image_0000289_crop_0000002.png,0,image_0000289,train
image_0000290_crop_0000001.png,0,image_0000290,test
image_0000290_crop_0000004.png,0,image_0000290,test
image_0000291_crop_0000001.png,1,image_0000291,train
image_0000294_crop_0000002.png,0,image_0000294,train
image_0000295_crop_0000001.png,0,image_0000295,val
image_0000296_crop_0000001.png,1,image_0000296,train
image_0000296_crop_0000004.png,1,image_0000296,train
image_0000296_crop_0000005.png,1,image_0000296,train
image_0000301_crop_0000001.png,1,image_0000301,test
image_0000310_crop_0000001.png,0,image_0000310,test
image_0000310_crop_0000002.png,0,image_0000310,test
image_0000316_crop_0000002.png,0,image_0000316,train
image_0000317_crop_0000003.png,0,image_0000317,train
image_0000318_crop_0000006.png,0,image_0000318,test
image_0000323_crop_0000001.png,1,image_0000323,train
image_0000328_crop_0000001.png,1,image_0000328,train
image_0000328_crop_0000002.png,1,image_0000328,train
image_0000331_crop_0000001.png,1,image_0000331,val
image_0000331_crop_0000002.png,1,image_0000331,val
image_0000331_crop_0000003.png,1,image_0000331,val
image_0000332_crop_0000001.png,1,image_0000332,test
image_0000332_crop_0000002.png,1,image_0000332,test
image_0000332_crop_0000003.png,1,image_0000332,test
image_0000332_crop_0000004.png,1,image_0000332,test
image_0000332_crop_0000005.png,1,image_0000332,test
image_0000332_crop_0000006.png,1,image_0000332,test
image_0000332_crop_0000007.png,1,image_0000332,test
image_0000332_crop_0000008.png,1,image_0000332,test
image_0000332_crop_0000009.png,1,image_0000332,test
image_0000332_crop_0000010.png,1,image_0000332,test
image_0000332_crop_0000011.png,1,image_0000332,test
image_0000332_crop_0000012.png,1,image_0000332,test
image_0000337_crop_0000001.png,0,image_0000337,train
image_0000337_crop_0000002.png,1,image_0000337,train
image_0000338_crop_0000001.png,0,image_0000338,train
image_0000340_crop_0000001.png,0,image_0000340,train
image_0000340_crop_0000002.png,1,image_0000340,train
image_0000340_crop_0000003.png,0,image_0000340,train
image_0000340_crop_0000004.png,0,image_0000340,train
image_0000342_crop_0000001.png,0,image_0000342,test
image_0000342_crop_0000002.png,1,image_0000342,test
image_0000344_crop_0000002.png,0,image_0000344,train
image_0000350_crop_0000001.png,0,image_0000350,test
image_0000351_crop_0000001.png,0,image_0000351,train
image_0000351_crop_0000002.png,1,image_0000351,train
image_0000351_crop_0000003.png,1,image_0000351,train
image_0000352_crop_0000001.png,0,image_0000352,train
image_0000353_crop_0000001.png,0,image_0000353,train
image_0000355_crop_0000003.png,0,image_0000355,train
image_0000356_crop_0000001.png,0,image_0000356,train
image_0000356_crop_0000002.png,0,image_0000356,train
image_0000356_crop_0000003.png,0,image_0000356,train
image_0000356_crop_0000004.png,0,image_0000356,train
image_0000364_crop_0000001.png,0,image_0000364,train
image_0000364_crop_0000002.png,1,image_0000364,train
image_0000364_crop_0000004.png,1,image_0000364,train
image_0000367_crop_0000001.png,1,image_0000367,train
image_0000368_crop_0000001.png,0,image_0000368,val
image_0000369_crop_0000002.png,0,image_0000369,train
image_0000380_crop_0000001.png,1,image_0000380,train
image_0000380_crop_0000002.png,1,image_0000380,train
image_0000380_crop_0000003.png,1,image_0000380,train
image_0000380_crop_0000004.png,1,image_0000380,train
image_0000380_crop_0000005.png,1,image_0000380,train
image_0000380_crop_0000006.png,1,image_0000380,train
image_0000380_crop_0000007.png,1,image_0000380,train
image_0000380_crop_0000008.png,1,image_0000380,train
image_0000384_crop_0000004.png,0,image_0000384,train
image_0000385_crop_0000001.png,1,image_0000385,test
image_0000385_crop_0000002.png,1,image_0000385,test
image_0000385_crop_0000003.png,1,image_0000385,test
image_0000385_crop_0000004.png,1,image_0000385,test
image_0000385_crop_0000005.png,1,image_0000385,test
image_0000385_crop_0000006.png,1,image_0000385,test
image_0000385_crop_0000007.png,1,image_0000385,test
image_0000385_crop_0000008.png,1,image_0000385,test
image_0000385_crop_0000009.png,1,image_0000385,test
image_0000386_crop_0000001.png,0,image_0000386,train
image_0000388_crop_0000001.png,0,image_0000388,val
image_0000389_crop_0000003.png,0,image_0000389,test
image_0000390_crop_0000001.png,1,image_0000390,test
image_0000390_crop_0000002.png,1,image_0000390,test
image_0000391_crop_0000001.png,0,image_0000391,test
image_0000393_crop_0000001.png,1,image_0000393,train
image_0000393_crop_0000002.png,1,image_0000393,train
image_0000393_crop_0000003.png,1,image_0000393,train
image_0000395_crop_0000001.png,1,image_0000395,train
image_0000395_crop_0000003.png,0,image_0000395,train
image_0000395_crop_0000004.png,0,image_0000395,train
image_0000398_crop_0000001.png,0,image_0000398,test
image_0000398_crop_0000002.png,0,image_0000398,test
image_0000398_crop_0000004.png,0,image_0000398,test
image_0000401_crop_0000001.png,0,image_0000401,train
image_0000402_crop_0000002.png,1,image_0000402,test
image_0000403_crop_0000001.png,0,image_0000403,train
image_0000403_crop_0000002.png,0,image_0000403,train
image_0000404_crop_0000001.png,0,image_0000404,test
image_0000404_crop_0000002.png,0,image_0000404,test
image_0000404_crop_0000003.png,0,image_0000404,test
image_0000404_crop_0000004.png,0,image_0000404,test
image_0000404_crop_0000005.png,0,image_0000404,test
image_0000404_crop_0000006.png,0,image_0000404,test
image_0000405_crop_0000001.png,0,image_0000405,val
image_0000406_crop_0000001.png,0,image_0000406,train
image_0000406_crop_0000002.png,0,image_0000406,train
image_0000406_crop_0000003.png,0,image_0000406,train
image_0000406_crop_0000004.png,0,image_0000406,train
image_0000408_crop_0000001.png,1,image_0000408,train
image_0000412_crop_0000001.png,0,image_0000412,train
image_0000412_crop_0000002.png,0,image_0000412,train
image_0000417_crop_0000001.png,1,image_0000417,val
image_0000417_crop_0000002.png,1,image_0000417,val
image_0000417_crop_0000003.png,1,image_0000417,val
image_0000417_crop_0000004.png,1,image_0000417,val
image_0000417_crop_0000005.png,1,image_0000417,val
image_0000417_crop_0000006.png,1,image_0000417,val
image_0000417_crop_0000007.png,1,image_0000417,val
image_0000417_crop_0000008.png,1,image_0000417,val
image_0000418_crop_0000008.png,1,image_0000418,train
image_0000422_crop_0000001.png,1,image_0000422,train
image_0000422_crop_0000002.png,1,image_0000422,train
image_0000423_crop_0000001.png,1,image_0000423,train
image_0000423_crop_0000002.png,0,image_0000423,train
image_0000427_crop_0000001.png,1,image_0000427,train
image_0000432_crop_0000002.png,1,image_0000432,test
image_0000441_crop_0000001.png,0,image_0000441,train
image_0000441_crop_0000002.png,0,image_0000441,train
image_0000443_crop_0000001.png,0,image_0000443,test
image_0000445_crop_0000001.png,0,image_0000445,train
image_0000446_crop_0000001.png,1,image_0000446,train
image_0000446_crop_0000002.png,1,image_0000446,train
image_0000446_crop_0000003.png,1,image_0000446,train
image_0000446_crop_0000004.png,1,image_0000446,train
image_0000446_crop_0000005.png,1,image_0000446,train
image_0000446_crop_0000006.png,1,image_0000446,train
image_0000446_crop_0000007.png,1,image_0000446,train
image_0000446_crop_0000008.png,1,image_0000446,train
image_0000447_crop_0000001.png,1,image_0000447,test
image_0000447_crop_0000002.png,1,image_0000447,test
image_0000447_crop_0000003.png,1,image_0000447,test
image_0000447_crop_0000004.png,1,image_0000447,test
image_0000447_crop_0000005.png,1,image_0000447,test
image_0000447_crop_0000006.png,1,image_0000447,test
image_0000447_crop_0000007.png,1,image_0000447,test
image_0000447_crop_0000008.png,1,image_0000447,test
image_0000449_crop_0000002.png,1,image_0000449,train
image_0000455_crop_0000001.png,1,image_0000455,train
image_0000455_crop_0000002.png,1,image_0000455,train
image_0000455_crop_0000003.png,1,image_0000455,train
image_0000455_crop_0000004.png,1,image_0000455,train
image_0000455_crop_0000005.png,1,image_0000455,train
image_0000455_crop_0000006.png,1,image_0000455,train
image_0000455_crop_0000007.png,1,image_0000455,train
image_0000456_crop_0000001.png,0,image_0000456,test
image_0000457_crop_0000001.png,0,image_0000457,train
image_0000457_crop_0000002.png,0,image_0000457,train
image_0000460_crop_0000002.png,0,image_0000460,train
image_0000461_crop_0000005.png,0,image_0000461,test
image_0000461_crop_0000007.png,1,image_0000461,test
image_0000461_crop_0000009.png,1,image_0000461,test
image_0000461_crop_0000010.png,1,image_0000461,test
image_0000461_crop_0000011.png,0,image_0000461,test
image_0000461_crop_0000012.png,0,image_0000461,test
image_0000466_crop_0000001.png,0,image_0000466,train
image_0000466_crop_0000002.png,0,image_0000466,train
image_0000466_crop_0000003.png,0,image_0000466,train
image_0000468_crop_0000001.png,0,image_0000468,train
image_0000468_crop_0000003.png,1,image_0000468,train
image_0000471_crop_0000001.png,1,image_0000471,train
image_0000471_crop_0000002.png,1,image_0000471,train
image_0000471_crop_0000003.png,1,image_0000471,train
image_0000473_crop_0000001.png,1,image_0000473,train
image_0000473_crop_0000002.png,1,image_0000473,train
image_0000473_crop_0000003.png,1,image_0000473,train
image_0000473_crop_0000004.png,1,image_0000473,train
image_0000474_crop_0000001.png,0,image_0000474,train
image_0000474_crop_0000002.png,0,image_0000474,train
image_0000474_crop_0000003.png,0,image_0000474,train
image_0000477_crop_0000001.png,0,image_0000477,train
image_0000483_crop_0000001.png,0,image_0000483,test
image_0000483_crop_0000002.png,0,image_0000483,test
image_0000486_crop_0000001.png,0,image_0000486,train
image_0000487_crop_0000001.png,1,image_0000487,train
image_0000487_crop_0000002.png,1,image_0000487,train
image_0000487_crop_0000003.png,1,image_0000487,train
image_0000487_crop_0000004.png,1,image_0000487,train
image_0000487_crop_0000005.png,1,image_0000487,train
image_0000487_crop_0000006.png,1,image_0000487,train
image_0000487_crop_0000007.png,1,image_0000487,train
image_0000487_crop_0000008.png,1,image_0000487,train
image_0000488_crop_0000001.png,0,image_0000488,train
image_0000491_crop_0000001.png,0,image_0000491,train
image_0000492_crop_0000001.png,0,image_0000492,train
image_0000499_crop_0000001.png,1,image_0000499,val
image_0000499_crop_0000002.png,1,image_0000499,val
image_0000499_crop_0000003.png,1,image_0000499,val
image_0000499_crop_0000004.png,1,image_0000499,val
image_0000499_crop_0000005.png,1,image_0000499,val
image_0000499_crop_0000006.png,1,image_0000499,val
image_0000500_crop_0000001.png,0,image_0000500,train
image_0000500_crop_0000002.png,1,image_0000500,train
image_0000500_crop_0000003.png,0,image_0000500,train
image_0000500_crop_0000004.png,0,image_0000500,train
image_0000500_crop_0000005.png,0,image_0000500,train
image_0000501_crop_0000001.png,1,image_0000501,train
image_0000501_crop_0000002.png,1,image_0000501,train
image_0000501_crop_0000003.png,1,image_0000501,train
image_0000501_crop_0000004.png,1,image_0000501,train
image_0000501_crop_0000005.png,1,image_0000501,train
image_0000501_crop_0000006.png,1,image_0000501,train
image_0000502_crop_0000001.png,1,image_0000502,train
image_0000502_crop_0000002.png,1,image_0000502,train
image_0000502_crop_0000003.png,1,image_0000502,train
image_0000503_crop_0000001.png,1,image_0000503,val
image_0000504_crop_0000001.png,1,image_0000504,train
image_0000504_crop_0000002.png,0,image_0000504,train
image_0000505_crop_0000001.png,0,image_0000505,train
image_0000507_crop_0000003.png,0,image_0000507,test
image_0000508_crop_0000001.png,1,image_0000508,train
image_0000508_crop_0000002.png,1,image_0000508,train
image_0000508_crop_0000003.png,1,image_0000508,train
image_0000509_crop_0000001.png,1,image_0000509,test
image_0000509_crop_0000002.png,1,image_0000509,test
image_0000509_crop_0000003.png,1,image_0000509,test
image_0000509_crop_0000004.png,1,image_0000509,test
image_0000509_crop_0000005.png,1,image_0000509,test
image_0000509_crop_0000006.png,1,image_0000509,test
image_0000509_crop_0000007.png,1,image_0000509,test
image_0000509_crop_0000008.png,1,image_0000509,test
image_0000512_crop_0000001.png,0,image_0000512,test
image_0000513_crop_0000001.png,0,image_0000513,train
image_0000514_crop_0000001.png,0,image_0000514,val
image_0000516_crop_0000002.png,1,image_0000516,train
image_0000517_crop_0000001.png,1,image_0000517,train
image_0000517_crop_0000002.png,1,image_0000517,train
image_0000517_crop_0000003.png,1,image_0000517,train
image_0000517_crop_0000004.png,1,image_0000517,train
image_0000517_crop_0000005.png,1,image_0000517,train
image_0000517_crop_0000006.png,1,image_0000517,train
image_0000517_crop_0000007.png,1,image_0000517,train
image_0000517_crop_0000008.png,1,image_0000517,train
image_0000518_crop_0000001.png,0,image_0000518,train
image_0000518_crop_0000003.png,1,image_0000518,train
image_0000519_crop_0000001.png,0,image_0000519,train
image_0000520_crop_0000001.png,1,image_0000520,train
image_0000520_crop_0000002.png,1,image_0000520,train
image_0000520_crop_0000003.png,1,image_0000520,train
image_0000522_crop_0000001.png,0,image_0000522,train
image_0000522_crop_0000002.png,0,image_0000522,train
image_0000527_crop_0000001.png,0,image_0000527,test
image_0000528_crop_0000001.png,1,image_0000528,train
image_0000529_crop_0000001.png,1,image_0000529,train
image_0000530_crop_0000001.png,1,image_0000530,train
image_0000530_crop_0000002.png,1,image_0000530,train
image_0000530_crop_0000003.png,1,image_0000530,train
image_0000530_crop_0000004.png,1,image_0000530,train
image_0000530_crop_0000005.png,1,image_0000530,train
image_0000530_crop_0000006.png,1,image_0000530,train
image_0000530_crop_0000007.png,1,image_0000530,train
image_0000530_crop_0000008.png,1,image_0000530,train
image_0000530_crop_0000009.png,1,image_0000530,train
image_0000530_crop_0000010.png,1,image_0000530,train
image_0000533_crop_0000001.png,1,image_0000533,train
image_0000533_crop_0000002.png,1,image_0000533,train
image_0000533_crop_0000003.png,1,image_0000533,train
image_0000533_crop_0000004.png,1,image_0000533,train
image_0000533_crop_0000005.png,1,image_0000533,train
image_0000533_crop_0000006.png,1,image_0000533,train
image_0000533_crop_0000007.png,1,image_0000533,train
image_0000533_crop_0000008.png,1,image_0000533,train
image_0000535_crop_0000001.png,0,image_0000535,train
image_0000535_crop_0000002.png,0,image_0000535,train
image_0000535_crop_0000003.png,1,image_0000535,train
image_0000535_crop_0000004.png,0,image_0000535,train
image_0000536_crop_0000001.png,0,image_0000536,train
image_0000538_crop_0000002.png,0,image_0000538,train
image_0000538_crop_0000003.png,0,image_0000538,train
image_0000540_crop_0000001.png,0,image_0000540,test
image_0000540_crop_0000002.png,0,image_0000540,test
image_0000540_crop_0000003.png,0,image_0000540,test
image_0000540_crop_0000004.png,0,image_0000540,test
image_0000540_crop_0000005.png,0,image_0000540,test
image_0000540_crop_0000006.png,0,image_0000540,test
image_0000540_crop_0000007.png,0,image_0000540,test
image_0000540_crop_0000008.png,0,image_0000540,test
image_0000540_crop_0000009.png,0,image_0000540,test
image_0000540_crop_0000010.png,0,image_0000540,test
image_0000542_crop_0000001.png,0,image_0000542,test
image_0000542_crop_0000002.png,0,image_0000542,test
image_0000543_crop_0000001.png,0,image_0000543,train
image_0000544_crop_0000003.png,0,image_0000544,val
image_0000545_crop_0000001.png,0,image_0000545,train
image_0000545_crop_0000002.png,0,image_0000545,train
image_0000545_crop_0000003.png,0,image_0000545,train
image_0000545_crop_0000004.png,0,image_0000545,train
image_0000545_crop_0000005.png,0,image_0000545,train
image_0000545_crop_0000006.png,0,image_0000545,train
image_0000552_crop_0000002.png,1,image_0000552,val
image_0000552_crop_0000003.png,1,image_0000552,val
image_0000553_crop_0000001.png,0,image_0000553,train
image_0000553_crop_0000002.png,0,image_0000553,train
image_0000553_crop_0000003.png,0,image_0000553,train
image_0000553_crop_0000004.png,0,image_0000553,train
image_0000553_crop_0000005.png,0,image_0000553,train
image_0000553_crop_0000006.png,0,image_0000553,train
image_0000553_crop_0000007.png,0,image_0000553,train
image_0000554_crop_0000006.png,0,image_0000554,train
image_0000554_crop_0000007.png,0,image_0000554,train
image_0000554_crop_0000008.png,0,image_0000554,train
image_0000554_crop_0000010.png,0,image_0000554,train
image_0000554_crop_0000011.png,0,image_0000554,train
image_0000555_crop_0000001.png,0,image_0000555,test
image_0000555_crop_0000002.png,0,image_0000555,test
image_0000555_crop_0000004.png,0,image_0000555,test
image_0000555_crop_0000005.png,0,image_0000555,test
image_0000555_crop_0000007.png,0,image_0000555,test
image_0000555_crop_0000008.png,0,image_0000555,test
image_0000555_crop_0000009.png,0,image_0000555,test
image_0000555_crop_0000010.png,0,image_0000555,test
image_0000556_crop_0000001.png,0,image_0000556,train
image_0000556_crop_0000002.png,0,image_0000556,train
image_0000556_crop_0000004.png,0,image_0000556,train
image_0000556_crop_0000005.png,0,image_0000556,train
image_0000556_crop_0000006.png,0,image_0000556,train
image_0000557_crop_0000001.png,0,image_0000557,train
image_0000557_crop_0000003.png,0,image_0000557,train
image_0000557_crop_0000004.png,0,image_0000557,train
image_0000557_crop_0000007.png,1,image_0000557,train
image_0000557_crop_0000008.png,0,image_0000557,train
image_0000557_crop_0000009.png,0,image_0000557,train
image_0000557_crop_0000010.png,0,image_0000557,train
image_0000557_crop_0000011.png,0,image_0000557,train
image_0000557_crop_0000012.png,0,image_0000557,train
image_0000557_crop_0000013.png,1,image_0000557,train
image_0000557_crop_0000014.png,0,image_0000557,train
image_0000557_crop_0000017.png,0,image_0000557,train
image_0000558_crop_0000001.png,0,image_0000558,train
image_0000558_crop_0000002.png,0,image_0000558,train
image_0000558_crop_0000003.png,0,image_0000558,train
image_0000558_crop_0000004.png,0,image_0000558,train
image_0000558_crop_0000005.png,0,image_0000558,train
image_0000558_crop_0000006.png,0,image_0000558,train
image_0000559_crop_0000001.png,0,image_0000559,val
image_0000573_crop_0000001.png,1,image_0000573,train
image_0000573_crop_0000002.png,1,image_0000573,train
image_0000573_crop_0000003.png,1,image_0000573,train
image_0000573_crop_0000004.png,1,image_0000573,train
image_0000573_crop_0000006.png,0,image_0000573,train
image_0000574_crop_0000001.png,1,image_0000574,train
image_0000574_crop_0000003.png,0,image_0000574,train
image_0000574_crop_0000004.png,0,image_0000574,train
image_0000574_crop_0000005.png,1,image_0000574,train
image_0000575_crop_0000001.png,1,image_0000575,train
image_0000575_crop_0000002.png,1,image_0000575,train
image_0000575_crop_0000003.png,1,image_0000575,train
image_0000576_crop_0000001.png,0,image_0000576,train
image_0000576_crop_0000002.png,0,image_0000576,train
image_0000576_crop_0000003.png,1,image_0000576,train
image_0000576_crop_0000004.png,0,image_0000576,train
image_0000577_crop_0000001.png,1,image_0000577,train
image_0000577_crop_0000002.png,1,image_0000577,train
image_0000578_crop_0000001.png,1,image_0000578,train
image_0000578_crop_0000002.png,1,image_0000578,train
image_0000578_crop_0000003.png,1,image_0000578,train
image_0000579_crop_0000002.png,0,image_0000579,test
image_0000579_crop_0000003.png,0,image_0000579,test
image_0000579_crop_0000004.png,1,image_0000579,test
image_0000579_crop_0000005.png,1,image_0000579,test
image_0000579_crop_0000006.png,1,image_0000579,test
image_0000579_crop_0000007.png,1,image_0000579,test
image_0000579_crop_0000008.png,1,image_0000579,test
image_0000579_crop_0000009.png,1,image_0000579,test
image_0000579_crop_0000010.png,1,image_0000579,test
image_0000579_crop_0000011.png,1,image_0000579,test
image_0000579_crop_0000012.png,1,image_0000579,test
image_0000579_crop_0000013.png,0,image_0000579,test
image_0000579_crop_0000014.png,1,image_0000579,test
image_0000580_crop_0000001.png,0,image_0000580,test
image_0000580_crop_0000003.png,1,image_0000580,test
image_0000580_crop_0000004.png,1,image_0000580,test
image_0000581_crop_0000001.png,1,image_0000581,train
image_0000581_crop_0000002.png,1,image_0000581,train
image_0000581_crop_0000003.png,1,image_0000581,train
image_0000581_crop_0000004.png,1,image_0000581,train
image_0000582_crop_0000001.png,1,image_0000582,train
image_0000582_crop_0000002.png,1,image_0000582,train
image_0000582_crop_0000003.png,1,image_0000582,train
image_0000582_crop_0000004.png,1,image_0000582,train
image_0000582_crop_0000005.png,1,image_0000582,train
image_0000582_crop_0000006.png,1,image_0000582,train
image_0000582_crop_0000007.png,1,image_0000582,train
image_0000582_crop_0000008.png,1,image_0000582,train
image_0000582_crop_0000009.png,1,image_0000582,train
image_0000582_crop_0000010.png,1,image_0000582,train
image_0000582_crop_0000011.png,1,image_0000582,train
image_0000582_crop_0000012.png,1,image_0000582,train
image_0000582_crop_0000013.png,1,image_0000582,train
image_0000582_crop_0000014.png,1,image_0000582,train
image_0000582_crop_0000016.png,1,image_0000582,train
image_0000582_crop_0000017.png,1,image_0000582,train
image_0000582_crop_0000018.png,1,image_0000582,train
image_0000583_crop_0000001.png,1,image_0000583,train
image_0000583_crop_0000002.png,1,image_0000583,train
image_0000583_crop_0000003.png,1,image_0000583,train
image_0000583_crop_0000004.png,1,image_0000583,train
image_0000583_crop_0000005.png,1,image_0000583,train
image_0000583_crop_0000006.png,1,image_0000583,train
image_0000583_crop_0000007.png,1,image_0000583,train
image_0000583_crop_0000008.png,1,image_0000583,train
image_0000584_crop_0000001.png,0,image_0000584,test
image_0000584_crop_0000003.png,1,image_0000584,test
image_0000584_crop_0000004.png,1,image_0000584,test
image_0000584_crop_0000005.png,1,image_0000584,test
image_0000584_crop_0000006.png,1,image_0000584,test
image_0000584_crop_0000007.png,1,image_0000584,test
image_0000584_crop_0000008.png,1,image_0000584,test
image_0000584_crop_0000009.png,1,image_0000584,test
image_0000584_crop_0000011.png,1,image_0000584,test
image_0000584_crop_0000012.png,1,image_0000584,test
image_0000585_crop_0000001.png,1,image_0000585,train
image_0000585_crop_0000002.png,1,image_0000585,train
image_0000586_crop_0000001.png,1,image_0000586,test
image_0000586_crop_0000002.png,1,image_0000586,test
image_0000586_crop_0000003.png,1,image_0000586,test
image_0000586_crop_0000004.png,1,image_0000586,test
image_0000586_crop_0000005.png,1,image_0000586,test
image_0000586_crop_0000006.png,1,image_0000586,test
image_0000586_crop_0000008.png,1,image_0000586,test
image_0000586_crop_0000009.png,1,image_0000586,test
image_0000586_crop_0000010.png,1,image_0000586,test
image_0000586_crop_0000012.png,1,image_0000586,test
image_0000587_crop_0000001.png,0,image_0000587,test
image_0000587_crop_0000002.png,0,image_0000587,test
image_0000587_crop_0000003.png,0,image_0000587,test
image_0000587_crop_0000004.png,0,image_0000587,test
image_0000587_crop_0000005.png,0,image_0000587,test
image_0000588_crop_0000001.png,1,image_0000588,test
image_0000588_crop_0000003.png,1,image_0000588,test
image_0000589_crop_0000001.png,1,image_0000589,train
image_0000589_crop_0000002.png,1,image_0000589,train
image_0000589_crop_0000003.png,1,image_0000589,train
image_0000589_crop_0000005.png,1,image_0000589,train
image_0000589_crop_0000006.png,1,image_0000589,train
image_0000591_crop_0000004.png,0,image_0000591,test
image_0000592_crop_0000001.png,1,image_0000592,test
image_0000592_crop_0000003.png,1,image_0000592,test
image_0000592_crop_0000004.png,1,image_0000592,test
image_0000592_crop_0000005.png,1,image_0000592,test
image_0000593_crop_0000001.png,1,image_0000593,val
image_0000593_crop_0000002.png,1,image_0000593,val
image_0000594_crop_0000001.png,1,image_0000594,train
image_0000594_crop_0000002.png,1,image_0000594,train
image_0000594_crop_0000003.png,1,image_0000594,train
image_0000594_crop_0000004.png,1,image_0000594,train
image_0000594_crop_0000005.png,1,image_0000594,train
image_0000595_crop_0000001.png,1,image_0000595,train
image_0000595_crop_0000002.png,1,image_0000595,train
image_0000595_crop_0000003.png,1,image_0000595,train
image_0000595_crop_0000004.png,1,image_0000595,train
image_0000596_crop_0000001.png,1,image_0000596,train
image_0000597_crop_0000001.png,1,image_0000597,train
image_0000598_crop_0000001.png,0,image_0000598,train
image_0000598_crop_0000002.png,0,image_0000598,train
image_0000599_crop_0000001.png,0,image_0000599,test
image_0000599_crop_0000002.png,0,image_0000599,test
image_0000599_crop_0000003.png,0,image_0000599,test
image_0000599_crop_0000005.png,0,image_0000599,test
image_0000600_crop_0000001.png,0,image_0000600,train
image_0000600_crop_0000002.png,0,image_0000600,train
image_0000601_crop_0000004.png,1,image_0000601,test
image_0000602_crop_0000001.png,0,image_0000602,val
image_0000602_crop_0000002.png,0,image_0000602,val
image_0000602_crop_0000003.png,0,image_0000602,val
image_0000603_crop_0000001.png,1,image_0000603,train
image_0000603_crop_0000003.png,1,image_0000603,train
image_0000603_crop_0000004.png,1,image_0000603,train
image_0000603_crop_0000005.png,0,image_0000603,train
image_0000603_crop_0000006.png,0,image_0000603,train
image_0000605_crop_0000001.png,0,image_0000605,train
image_0000605_crop_0000002.png,0,image_0000605,train
image_0000605_crop_0000003.png,0,image_0000605,train
image_0000605_crop_0000004.png,0,image_0000605,train
image_0000605_crop_0000005.png,0,image_0000605,train
image_0000606_crop_0000001.png,1,image_0000606,test
image_0000606_crop_0000002.png,1,image_0000606,test
image_0000606_crop_0000004.png,1,image_0000606,test
image_0000607_crop_0000001.png,0,image_0000607,test
image_0000607_crop_0000002.png,0,image_0000607,test
image_0000608_crop_0000002.png,0,image_0000608,train
image_0000609_crop_0000001.png,1,image_0000609,train
image_0000609_crop_0000006.png,0,image_0000609,train
image_0000610_crop_0000001.png,1,image_0000610,train
image_0000610_crop_0000002.png,1,image_0000610,train
image_0000611_crop_0000001.png,1,image_0000611,test
image_0000611_crop_0000002.png,1,image_0000611,test
image_0000611_crop_0000003.png,1,image_0000611,test
image_0000612_crop_0000001.png,1,image_0000612,train
image_0000612_crop_0000002.png,1,image_0000612,train
image_0000613_crop_0000003.png,1,image_0000613,train
image_0000613_crop_0000004.png,1,image_0000613,train
image_0000613_crop_0000005.png,0,image_0000613,train
image_0000614_crop_0000001.png,1,image_0000614,test
image_0000614_crop_0000002.png,1,image_0000614,test
image_0000614_crop_0000004.png,1,image_0000614,test
image_0000614_crop_0000005.png,1,image_0000614,test
image_0000614_crop_0000006.png,1,image_0000614,test
image_0000614_crop_0000007.png,1,image_0000614,test
image_0000614_crop_0000008.png,1,image_0000614,test
image_0000616_crop_0000001.png,1,image_0000616,train
image_0000616_crop_0000002.png,1,image_0000616,train
image_0000617_crop_0000001.png,1,image_0000617,test
image_0000617_crop_0000002.png,1,image_0000617,test
image_0000617_crop_0000003.png,1,image_0000617,test
image_0000617_crop_0000004.png,1,image_0000617,test
image_0000619_crop_0000001.png,1,image_0000619,train
image_0000619_crop_0000003.png,1,image_0000619,train
image_0000620_crop_0000001.png,1,image_0000620,train
image_0000620_crop_0000002.png,1,image_0000620,train
image_0000620_crop_0000003.png,1,image_0000620,train
image_0000621_crop_0000001.png,1,image_0000621,train
image_0000621_crop_0000002.png,1,image_0000621,train
image_0000621_crop_0000003.png,1,image_0000621,train
image_0000622_crop_0000001.png,1,image_0000622,train
image_0000622_crop_0000002.png,1,image_0000622,train
image_0000623_crop_0000001.png,1,image_0000623,train
image_0000623_crop_0000002.png,1,image_0000623,train
image_0000623_crop_0000003.png,1,image_0000623,train
image_0000623_crop_0000004.png,1,image_0000623,train
image_0000624_crop_0000001.png,1,image_0000624,test
image_0000624_crop_0000004.png,1,image_0000624,test
image_0000624_crop_0000005.png,1,image_0000624,test
image_0000624_crop_0000006.png,1,image_0000624,test
image_0000624_crop_0000007.png,1,image_0000624,test
image_0000624_crop_0000008.png,1,image_0000624,test
image_0000625_crop_0000001.png,1,image_0000625,val
image_0000625_crop_0000002.png,1,image_0000625,val
image_0000625_crop_0000004.png,1,image_0000625,val
image_0000625_crop_0000006.png,1,image_0000625,val
image_0000626_crop_0000001.png,1,image_0000626,train
image_0000626_crop_0000002.png,1,image_0000626,train
image_0000626_crop_0000003.png,1,image_0000626,train
image_0000626_crop_0000004.png,1,image_0000626,train
image_0000626_crop_0000005.png,1,image_0000626,train
image_0000627_crop_0000001.png,1,image_0000627,train
image_0000627_crop_0000002.png,1,image_0000627,train
image_0000627_crop_0000003.png,1,image_0000627,train
image_0000628_crop_0000001.png,1,image_0000628,train
image_0000628_crop_0000002.png,1,image_0000628,train
image_0000629_crop_0000001.png,1,image_0000629,train
image_0000629_crop_0000002.png,1,image_0000629,train
image_0000629_crop_0000003.png,1,image_0000629,train
image_0000629_crop_0000004.png,1,image_0000629,train
image_0000629_crop_0000005.png,1,image_0000629,train
image_0000630_crop_0000001.png,1,image_0000630,test
image_0000630_crop_0000002.png,1,image_0000630,test
image_0000630_crop_0000003.png,1,image_0000630,test
image_0000631_crop_0000001.png,1,image_0000631,train
image_0000631_crop_0000002.png,1,image_0000631,train
image_0000632_crop_0000001.png,1,image_0000632,val
image_0000632_crop_0000002.png,1,image_0000632,val
image_0000632_crop_0000003.png,1,image_0000632,val
image_0000633_crop_0000001.png,1,image_0000633,test
image_0000633_crop_0000002.png,1,image_0000633,test
image_0000634_crop_0000001.png,1,image_0000634,train
image_0000634_crop_0000002.png,1,image_0000634,train
image_0000634_crop_0000003.png,1,image_0000634,train
image_0000635_crop_0000001.png,1,image_0000635,test
image_0000635_crop_0000002.png,1,image_0000635,test
image_0000635_crop_0000004.png,1,image_0000635,test
image_0000635_crop_0000005.png,1,image_0000635,test
image_0000635_crop_0000006.png,1,image_0000635,test
image_0000637_crop_0000001.png,1,image_0000637,test
image_0000637_crop_0000002.png,1,image_0000637,test
image_0000637_crop_0000004.png,0,image_0000637,test
image_0000637_crop_0000005.png,1,image_0000637,test
image_0000637_crop_0000006.png,0,image_0000637,test
image_0000637_crop_0000007.png,0,image_0000637,test
image_0000638_crop_0000001.png,1,image_0000638,test
image_0000638_crop_0000002.png,1,image_0000638,test
image_0000638_crop_0000003.png,1,image_0000638,test
image_0000638_crop_0000004.png,1,image_0000638,test
image_0000638_crop_0000005.png,1,image_0000638,test
image_0000639_crop_0000001.png,1,image_0000639,train
image_0000639_crop_0000002.png,1,image_0000639,train
image_0000639_crop_0000003.png,1,image_0000639,train
image_0000640_crop_0000001.png,1,image_0000640,train
image_0000640_crop_0000002.png,1,image_0000640,train
image_0000641_crop_0000001.png,1,image_0000641,train
image_0000641_crop_0000002.png,1,image_0000641,train
image_0000641_crop_0000003.png,1,image_0000641,train
image_0000641_crop_0000004.png,1,image_0000641,train
image_0000641_crop_0000005.png,1,image_0000641,train
image_0000642_crop_0000001.png,1,image_0000642,val
image_0000643_crop_0000001.png,1,image_0000643,train
image_0000643_crop_0000002.png,1,image_0000643,train
image_0000643_crop_0000003.png,1,image_0000643,train
image_0000644_crop_0000001.png,1,image_0000644,train
image_0000644_crop_0000002.png,1,image_0000644,train
image_0000644_crop_0000003.png,1,image_0000644,train
image_0000644_crop_0000004.png,1,image_0000644,train
image_0000645_crop_0000001.png,1,image_0000645,train
image_0000646_crop_0000001.png,1,image_0000646,train
image_0000646_crop_0000002.png,1,image_0000646,train
image_0000646_crop_0000003.png,1,image_0000646,train
image_0000647_crop_0000001.png,1,image_0000647,train
image_0000647_crop_0000002.png,1,image_0000647,train
image_0000648_crop_0000001.png,1,image_0000648,train
image_0000648_crop_0000002.png,1,image_0000648,train
image_0000649_crop_0000001.png,1,image_0000649,train
image_0000650_crop_0000001.png,1,image_0000650,train
image_0000650_crop_0000002.png,1,image_0000650,train
image_0000650_crop_0000003.png,1,image_0000650,train
image_0000651_crop_0000004.png,1,image_0000651,test
image_0000651_crop_0000005.png,1,image_0000651,test
image_0000651_crop_0000006.png,1,image_0000651,test
image_0000651_crop_0000007.png,1,image_0000651,test
image_0000651_crop_0000008.png,1,image_0000651,test
image_0000652_crop_0000003.png,1,image_0000652,train
image_0000652_crop_0000004.png,1,image_0000652,train
image_0000652_crop_0000005.png,1,image_0000652,train
image_0000652_crop_0000006.png,1,image_0000652,train
image_0000653_crop_0000001.png,1,image_0000653,train
image_0000653_crop_0000002.png,1,image_0000653,train
image_0000654_crop_0000001.png,1,image_0000654,test
image_0000654_crop_0000002.png,1,image_0000654,test
image_0000654_crop_0000003.png,1,image_0000654,test
image_0000654_crop_0000004.png,1,image_0000654,test
image_0000655_crop_0000001.png,1,image_0000655,train
image_0000655_crop_0000002.png,1,image_0000655,train
image_0000655_crop_0000003.png,1,image_0000655,train
image_0000655_crop_0000004.png,1,image_0000655,train
image_0000656_crop_0000001.png,1,image_0000656,train
image_0000656_crop_0000002.png,1,image_0000656,train
image_0000657_crop_0000002.png,1,image_0000657,train
image_0000657_crop_0000003.png,1,image_0000657,train
image_0000657_crop_0000004.png,1,image_0000657,train
image_0000658_crop_0000001.png,1,image_0000658,val
image_0000658_crop_0000002.png,1,image_0000658,val
image_0000658_crop_0000003.png,1,image_0000658,val
image_0000658_crop_0000004.png,1,image_0000658,val
image_0000658_crop_0000005.png,1,image_0000658,val
image_0000659_crop_0000001.png,1,image_0000659,train
image_0000659_crop_0000002.png,1,image_0000659,train
image_0000660_crop_0000001.png,1,image_0000660,train
image_0000660_crop_0000002.png,1,image_0000660,train
image_0000661_crop_0000001.png,1,image_0000661,train
image_0000661_crop_0000002.png,1,image_0000661,train
image_0000661_crop_0000003.png,1,image_0000661,train
image_0000661_crop_0000004.png,1,image_0000661,train
image_0000661_crop_0000005.png,1,image_0000661,train
image_0000661_crop_0000006.png,1,image_0000661,train
image_0000662_crop_0000001.png,1,image_0000662,train
image_0000663_crop_0000001.png,1,image_0000663,test
image_0000663_crop_0000002.png,1,image_0000663,test
image_0000663_crop_0000003.png,1,image_0000663,test
image_0000663_crop_0000004.png,1,image_0000663,test
image_0000664_crop_0000001.png,1,image_0000664,train
image_0000664_crop_0000002.png,1,image_0000664,train
image_0000664_crop_0000003.png,1,image_0000664,train
image_0000665_crop_0000001.png,1,image_0000665,train
image_0000665_crop_0000002.png,1,image_0000665,train
image_0000665_crop_0000003.png,1,image_0000665,train
image_0000665_crop_0000004.png,1,image_0000665,train
image_0000666_crop_0000001.png,1,image_0000666,train
image_0000666_crop_0000002.png,1,image_0000666,train
image_0000666_crop_0000003.png,1,image_0000666,train
image_0000666_crop_0000005.png,1,image_0000666,train
image_0000666_crop_0000006.png,1,image_0000666,train
image_0000668_crop_0000001.png,1,image_0000668,val
image_0000669_crop_0000002.png,0,image_0000669,train
image_0000671_crop_0000001.png,0,image_0000671,val
image_0000672_crop_0000001.png,0,image_0000672,test
image_0000672_crop_0000002.png,0,image_0000672,test
image_0000672_crop_0000003.png,0,image_0000672,test
image_0000672_crop_0000005.png,0,image_0000672,test
image_0000672_crop_0000006.png,0,image_0000672,test
image_0000672_crop_0000007.png,0,image_0000672,test
image_0000672_crop_0000008.png,0,image_0000672,test
image_0000672_crop_0000009.png,1,image_0000672,test
image_0000673_crop_0000001.png,1,image_0000673,train
image_0000673_crop_0000002.png,0,image_0000673,train
image_0000673_crop_0000003.png,1,image_0000673,train
image_0000673_crop_0000004.png,0,image_0000673,train
image_0000673_crop_0000006.png,0,image_0000673,train
image_0000673_crop_0000007.png,0,image_0000673,train
image_0000673_crop_0000008.png,0,image_0000673,train
image_0000673_crop_0000010.png,0,image_0000673,train
image_0000675_crop_0000001.png,0,image_0000675,train
image_0000675_crop_0000005.png,1,image_0000675,train
image_0000675_crop_0000006.png,0,image_0000675,train
image_0000675_crop_0000007.png,0,image_0000675,train
image_0000675_crop_0000008.png,0,image_0000675,train
image_0000676_crop_0000002.png,0,image_0000676,test
image_0000676_crop_0000003.png,0,image_0000676,test
image_0000676_crop_0000004.png,0,image_0000676,test
image_0000676_crop_0000005.png,0,image_0000676,test
image_0000680_crop_0000001.png,0,image_0000680,test
image_0000681_crop_0000001.png,0,image_0000681,test
image_0000682_crop_0000001.png,0,image_0000682,train
image_0000683_crop_0000003.png,0,image_0000683,train
image_0000683_crop_0000004.png,1,image_0000683,train
image_0000684_crop_0000001.png,1,image_0000684,train
image_0000685_crop_0000001.png,1,image_0000685,test
image_0000685_crop_0000002.png,1,image_0000685,test
image_0000685_crop_0000003.png,1,image_0000685,test
image_0000685_crop_0000004.png,1,image_0000685,test
image_0000685_crop_0000005.png,1,image_0000685,test
image_0000686_crop_0000001.png,0,image_0000686,train
image_0000687_crop_0000001.png,0,image_0000687,test
image_0000688_crop_0000001.png,1,image_0000688,train
image_0000688_crop_0000002.png,1,image_0000688,train
image_0000688_crop_0000003.png,1,image_0000688,train
image_0000688_crop_0000004.png,1,image_0000688,train
image_0000689_crop_0000001.png,1,image_0000689,val
image_0000689_crop_0000003.png,1,image_0000689,val
image_0000690_crop_0000001.png,1,image_0000690,train
image_0000690_crop_0000002.png,1,image_0000690,train
image_0000691_crop_0000001.png,1,image_0000691,train
image_0000691_crop_0000003.png,1,image_0000691,train
image_0000691_crop_0000004.png,0,image_0000691,train
image_0000692_crop_0000001.png,1,image_0000692,train
image_0000692_crop_0000002.png,1,image_0000692,train
image_0000692_crop_0000004.png,1,image_0000692,train
image_0000692_crop_0000005.png,1,image_0000692,train
image_0000692_crop_0000006.png,1,image_0000692,train
image_0000692_crop_0000007.png,0,image_0000692,train
image_0000692_crop_0000008.png,1,image_0000692,train
image_0000692_crop_0000009.png,1,image_0000692,train
image_0000693_crop_0000001.png,1,image_0000693,train
image_0000693_crop_0000002.png,1,image_0000693,train
image_0000694_crop_0000001.png,0,image_0000694,train
image_0000694_crop_0000002.png,1,image_0000694,train
image_0000694_crop_0000003.png,1,image_0000694,train
image_0000694_crop_0000004.png,0,image_0000694,train
image_0000694_crop_0000005.png,1,image_0000694,train
image_0000694_crop_0000006.png,1,image_0000694,train
image_0000694_crop_0000008.png,1,image_0000694,train
image_0000694_crop_0000009.png,1,image_0000694,train
image_0000695_crop_0000001.png,1,image_0000695,train
image_0000695_crop_0000002.png,0,image_0000695,train
image_0000697_crop_0000001.png,0,image_0000697,train
image_0000698_crop_0000002.png,1,image_0000698,train
image_0000699_crop_0000001.png,1,image_0000699,train
image_0000699_crop_0000002.png,0,image_0000699,train
image_0000700_crop_0000002.png,1,image_0000700,test
image_0000701_crop_0000001.png,1,image_0000701,train
image_0000701_crop_0000002.png,0,image_0000701,train
image_0000701_crop_0000004.png,1,image_0000701,train
image_0000701_crop_0000005.png,1,image_0000701,train
image_0000701_crop_0000006.png,1,image_0000701,train
image_0000702_crop_0000001.png,0,image_0000702,train
image_0000703_crop_0000001.png,0,image_0000703,train
image_0000703_crop_0000002.png,0,image_0000703,train
image_0000704_crop_0000002.png,0,image_0000704,test
image_0000705_crop_0000001.png,0,image_0000705,train
image_0000705_crop_0000002.png,0,image_0000705,train
image_0000705_crop_0000003.png,0,image_0000705,train
image_0000706_crop_0000001.png,1,image_0000706,test
image_0000706_crop_0000003.png,0,image_0000706,test
image_0000707_crop_0000001.png,0,image_0000707,val
image_0000708_crop_0000002.png,0,image_0000708,test
image_0000709_crop_0000003.png,0,image_0000709,val
image_0000710_crop_0000001.png,1,image_0000710,train
image_0000710_crop_0000002.png,0,image_0000710,train
image_0000711_crop_0000001.png,0,image_0000711,train
image_0000711_crop_0000002.png,0,image_0000711,train
image_0000711_crop_0000003.png,1,image_0000711,train
image_0000712_crop_0000001.png,1,image_0000712,train
image_0000712_crop_0000002.png,1,image_0000712,train
image_0000712_crop_0000003.png,1,image_0000712,train
image_0000712_crop_0000004.png,1,image_0000712,train
image_0000712_crop_0000005.png,0,image_0000712,train
image_0000713_crop_0000001.png,1,image_0000713,train
image_0000713_crop_0000003.png,0,image_0000713,train
image_0000713_crop_0000004.png,0,image_0000713,train
image_0000713_crop_0000005.png,1,image_0000713,train
image_0000713_crop_0000006.png,1,image_0000713,train
image_0000713_crop_0000007.png,0,image_0000713,train
image_0000714_crop_0000001.png,1,image_0000714,train
image_0000716_crop_0000001.png,0,image_0000716,val
image_0000717_crop_0000001.png,1,image_0000717,val
image_0000717_crop_0000002.png,1,image_0000717,val
image_0000717_crop_0000003.png,1,image_0000717,val
image_0000717_crop_0000004.png,1,image_0000717,val
image_0000717_crop_0000005.png,1,image_0000717,val
image_0000717_crop_0000006.png,1,image_0000717,val
image_0000717_crop_0000007.png,0,image_0000717,val
image_0000717_crop_0000009.png,1,image_0000717,val
image_0000718_crop_0000002.png,1,image_0000718,test
image_0000718_crop_0000003.png,0,image_0000718,test
image_0000718_crop_0000004.png,1,image_0000718,test
image_0000718_crop_0000005.png,0,image_0000718,test
image_0000718_crop_0000007.png,1,image_0000718,test
image_0000718_crop_0000008.png,1,image_0000718,test
image_0000718_crop_0000010.png,1,image_0000718,test
image_0000718_crop_0000011.png,1,image_0000718,test
image_0000718_crop_0000012.png,0,image_0000718,test
image_0000718_crop_0000013.png,0,image_0000718,test
image_0000718_crop_0000014.png,0,image_0000718,test
image_0000718_crop_0000015.png,0,image_0000718,test
image_0000718_crop_0000016.png,0,image_0000718,test
image_0000718_crop_0000017.png,1,image_0000718,test
image_0000718_crop_0000018.png,0,image_0000718,test
image_0000718_crop_0000019.png,1,image_0000718,test
image_0000718_crop_0000020.png,1,image_0000718,test
image_0000719_crop_0000001.png,1,image_0000719,train
image_0000719_crop_0000002.png,1,image_0000719,train
image_0000719_crop_0000003.png,1,image_0000719,train
image_0000719_crop_0000004.png,0,image_0000719,train
image_0000719_crop_0000005.png,0,image_0000719,train
image_0000720_crop_0000001.png,1,image_0000720,train
image_0000720_crop_0000002.png,0,image_0000720,train
image_0000721_crop_0000001.png,1,image_0000721,train
image_0000721_crop_0000002.png,1,image_0000721,train
image_0000721_crop_0000003.png,1,image_0000721,train
image_0000721_crop_0000004.png,1,image_0000721,train
image_0000721_crop_0000005.png,0,image_0000721,train
image_0000721_crop_0000006.png,1,image_0000721,train
image_0000721_crop_0000007.png,0,image_0000721,train
image_0000721_crop_0000008.png,1,image_0000721,train
image_0000722_crop_0000001.png,0,image_0000722,train
image_0000722_crop_0000004.png,0,image_0000722,train
image_0000723_crop_0000003.png,0,image_0000723,train
image_0000723_crop_0000005.png,1,image_0000723,train
image_0000723_crop_0000006.png,0,image_0000723,train
image_0000723_crop_0000007.png,1,image_0000723,train
image_0000723_crop_0000008.png,1,image_0000723,train
image_0000724_crop_0000001.png,0,image_0000724,train
image_0000725_crop_0000001.png,1,image_0000725,test
image_0000725_crop_0000002.png,1,image_0000725,test
image_0000725_crop_0000004.png,0,image_0000725,test
image_0000726_crop_0000001.png,1,image_0000726,train
image_0000726_crop_0000002.png,1,image_0000726,train
image_0000726_crop_0000003.png,0,image_0000726,train
image_0000726_crop_0000004.png,1,image_0000726,train
image_0000726_crop_0000005.png,1,image_0000726,train
image_0000726_crop_0000007.png,1,image_0000726,train
image_0000726_crop_0000008.png,1,image_0000726,train
image_0000726_crop_0000009.png,1,image_0000726,train
image_0000726_crop_0000010.png,1,image_0000726,train
image_0000726_crop_0000011.png,0,image_0000726,train
image_0000726_crop_0000012.png,1,image_0000726,train
image_0000726_crop_0000013.png,1,image_0000726,train
image_0000726_crop_0000014.png,0,image_0000726,train
image_0000727_crop_0000001.png,1,image_0000727,val
image_0000728_crop_0000002.png,1,image_0000728,train
image_0000728_crop_0000003.png,1,image_0000728,train
image_0000728_crop_0000004.png,1,image_0000728,train
image_0000728_crop_0000005.png,1,image_0000728,train
image_0000728_crop_0000006.png,0,image_0000728,train
image_0000730_crop_0000002.png,1,image_0000730,test
image_0000731_crop_0000001.png,1,image_0000731,train
image_0000731_crop_0000002.png,0,image_0000731,train
image_0000731_crop_0000003.png,0,image_0000731,train
image_0000732_crop_0000001.png,0,image_0000732,train
image_0000733_crop_0000001.png,1,image_0000733,test
image_0000733_crop_0000002.png,1,image_0000733,test
image_0000733_crop_0000003.png,0,image_0000733,test
image_0000734_crop_0000001.png,0,image_0000734,train
image_0000735_crop_0000001.png,0,image_0000735,train
image_0000735_crop_0000002.png,0,image_0000735,train
image_0000736_crop_0000001.png,0,image_0000736,test
image_0000737_crop_0000001.png,1,image_0000737,train
image_0000737_crop_0000002.png,1,image_0000737,train
image_0000737_crop_0000003.png,1,image_0000737,train
image_0000737_crop_0000004.png,0,image_0000737,train
image_0000739_crop_0000002.png,1,image_0000739,train
image_0000740_crop_0000001.png,0,image_0000740,train
image_0000742_crop_0000001.png,0,image_0000742,train
image_0000744_crop_0000001.png,1,image_0000744,train
image_0000744_crop_0000002.png,1,image_0000744,train
image_0000744_crop_0000003.png,1,image_0000744,train
image_0000744_crop_0000004.png,0,image_0000744,train
image_0000744_crop_0000006.png,1,image_0000744,train
image_0000744_crop_0000007.png,1,image_0000744,train
image_0000744_crop_0000008.png,0,image_0000744,train
image_0000744_crop_0000009.png,1,image_0000744,train
image_0000744_crop_0000010.png,0,image_0000744,train
image_0000744_crop_0000011.png,0,image_0000744,train
image_0000745_crop_0000002.png,0,image_0000745,train
image_0000745_crop_0000003.png,1,image_0000745,train
image_0000745_crop_0000004.png,1,image_0000745,train
image_0000745_crop_0000006.png,1,image_0000745,train
image_0000745_crop_0000008.png,1,image_0000745,train
image_0000745_crop_0000009.png,1,image_0000745,train
image_0000745_crop_0000010.png,0,image_0000745,train
image_0000746_crop_0000003.png,0,image_0000746,val
image_0000746_crop_0000004.png,0,image_0000746,val
image_0000747_crop_0000001.png,1,image_0000747,train
image_0000748_crop_0000001.png,1,image_0000748,train
image_0000748_crop_0000002.png,1,image_0000748,train
image_0000748_crop_0000003.png,1,image_0000748,train
image_0000748_crop_0000004.png,0,image_0000748,train
image_0000748_crop_0000005.png,0,image_0000748,train
image_0000748_crop_0000006.png,0,image_0000748,train
image_0000748_crop_0000008.png,0,image_0000748,train
image_0000749_crop_0000001.png,1,image_0000749,val
image_0000749_crop_0000002.png,1,image_0000749,val
image_0000749_crop_0000003.png,0,image_0000749,val
image_0000750_crop_0000002.png,0,image_0000750,test
image_0000752_crop_0000002.png,1,image_0000752,train
image_0000753_crop_0000002.png,0,image_0000753,train
image_0000753_crop_0000005.png,0,image_0000753,train
image_0000753_crop_0000006.png,0,image_0000753,train
image_0000753_crop_0000007.png,1,image_0000753,train
image_0000754_crop_0000003.png,0,image_0000754,test
image_0000754_crop_0000004.png,1,image_0000754,test
image_0000754_crop_0000005.png,0,image_0000754,test
image_0000755_crop_0000001.png,0,image_0000755,train
image_0000757_crop_0000001.png,1,image_0000757,test
image_0000757_crop_0000002.png,0,image_0000757,test
image_0000757_crop_0000004.png,1,image_0000757,test
image_0000757_crop_0000005.png,1,image_0000757,test
image_0000757_crop_0000006.png,1,image_0000757,test
image_0000759_crop_0000001.png,1,image_0000759,train
image_0000759_crop_0000004.png,0,image_0000759,train
image_0000759_crop_0000005.png,0,image_0000759,train
image_0000760_crop_0000001.png,0,image_0000760,val
image_0000760_crop_0000002.png,1,image_0000760,val
image_0000761_crop_0000001.png,1,image_0000761,train
image_0000761_crop_0000002.png,1,image_0000761,train
image_0000761_crop_0000003.png,0,image_0000761,train
image_0000761_crop_0000004.png,0,image_0000761,train
image_0000761_crop_0000005.png,0,image_0000761,train
image_0000761_crop_0000007.png,1,image_0000761,train
image_0000761_crop_0000008.png,1,image_0000761,train
image_0000761_crop_0000009.png,1,image_0000761,train
image_0000761_crop_0000010.png,1,image_0000761,train
image_0000761_crop_0000011.png,1,image_0000761,train
image_0000761_crop_0000012.png,1,image_0000761,train
image_0000761_crop_0000013.png,1,image_0000761,train
image_0000761_crop_0000014.png,1,image_0000761,train
image_0000761_crop_0000015.png,1,image_0000761,train
image_0000761_crop_0000016.png,1,image_0000761,train
image_0000761_crop_0000017.png,1,image_0000761,train
image_0000761_crop_0000018.png,1,image_0000761,train
image_0000762_crop_0000002.png,1,image_0000762,train
image_0000765_crop_0000001.png,1,image_0000765,train
image_0000765_crop_0000002.png,1,image_0000765,train
image_0000765_crop_0000003.png,0,image_0000765,train
image_0000765_crop_0000004.png,1,image_0000765,train
image_0000765_crop_0000005.png,0,image_0000765,train
image_0000765_crop_0000006.png,1,image_0000765,train
image_0000765_crop_0000007.png,1,image_0000765,train
image_0000766_crop_0000001.png,0,image_0000766,train
image_0000767_crop_0000001.png,1,image_0000767,train
image_0000768_crop_0000001.png,0,image_0000768,train
image_0000768_crop_0000002.png,0,image_0000768,train
image_0000768_crop_0000004.png,1,image_0000768,train
image_0000768_crop_0000005.png,1,image_0000768,train
image_0000768_crop_0000006.png,0,image_0000768,train
image_0000768_crop_0000007.png,0,image_0000768,train
image_0000768_crop_0000008.png,0,image_0000768,train
image_0000769_crop_0000002.png,0,image_0000769,train
image_0000769_crop_0000003.png,0,image_0000769,train
image_0000770_crop_0000001.png,0,image_0000770,train
image_0000771_crop_0000001.png,0,image_0000771,train
image_0000771_crop_0000002.png,0,image_0000771,train
image_0000771_crop_0000003.png,0,image_0000771,train
image_0000771_crop_0000004.png,0,image_0000771,train
image_0000771_crop_0000005.png,0,image_0000771,train
image_0000771_crop_0000006.png,0,image_0000771,train
image_0000772_crop_0000001.png,0,image_0000772,train
image_0000772_crop_0000002.png,0,image_0000772,train
image_0000772_crop_0000004.png,0,image_0000772,train
image_0000773_crop_0000001.png,1,image_0000773,train
image_0000773_crop_0000002.png,1,image_0000773,train
image_0000773_crop_0000003.png,1,image_0000773,train
image_0000774_crop_0000001.png,1,image_0000774,val
image_0000774_crop_0000002.png,1,image_0000774,val
image_0000774_crop_0000003.png,1,image_0000774,val
image_0000775_crop_0000002.png,1,image_0000775,train
image_0000775_crop_0000003.png,1,image_0000775,train
image_0000776_crop_0000001.png,0,image_0000776,train
image_0000777_crop_0000001.png,0,image_0000777,test
image_0000778_crop_0000001.png,0,image_0000778,train
image_0000779_crop_0000001.png,0,image_0000779,test
image_0000779_crop_0000002.png,0,image_0000779,test
image_0000779_crop_0000004.png,0,image_0000779,test
image_0000779_crop_0000005.png,0,image_0000779,test
image_0000779_crop_0000006.png,0,image_0000779,test
image_0000779_crop_0000007.png,0,image_0000779,test
image_0000779_crop_0000009.png,0,image_0000779,test
image_0000779_crop_0000010.png,0,image_0000779,test
image_0000780_crop_0000001.png,1,image_0000780,val
image_0000780_crop_0000002.png,1,image_0000780,val
image_0000780_crop_0000003.png,1,image_0000780,val
image_0000780_crop_0000004.png,0,image_0000780,val
image_0000780_crop_0000006.png,0,image_0000780,val
image_0000780_crop_0000008.png,0,image_0000780,val
image_0000780_crop_0000009.png,0,image_0000780,val
image_0000780_crop_0000010.png,1,image_0000780,val
image_0000781_crop_0000001.png,0,image_0000781,train
image_0000782_crop_0000001.png,0,image_0000782,train
image_0000782_crop_0000003.png,0,image_0000782,train
image_0000782_crop_0000004.png,0,image_0000782,train
image_0000782_crop_0000005.png,1,image_0000782,train
image_0000782_crop_0000006.png,0,image_0000782,train
image_0000783_crop_0000001.png,1,image_0000783,train
image_0000785_crop_0000001.png,0,image_0000785,train
image_0000785_crop_0000002.png,0,image_0000785,train
image_0000785_crop_0000004.png,0,image_0000785,train
image_0000785_crop_0000008.png,1,image_0000785,train
image_0000785_crop_0000009.png,0,image_0000785,train
image_0000796_crop_0000001.png,0,image_0000796,val
image_0000800_crop_0000001.png,0,image_0000800,train
image_0000811_crop_0000003.png,0,image_0000811,train
image_0000824_crop_0000002.png,0,image_0000824,train
image_0000825_crop_0000001.png,0,image_0000825,test
image_0000826_crop_0000001.png,0,image_0000826,test
image_0000832_crop_0000001.png,0,image_0000832,train
image_0000839_crop_0000001.png,0,image_0000839,test
image_0000839_crop_0000002.png,0,image_0000839,test
image_0000873_crop_0000002.png,0,image_0000873,train
image_0000881_crop_0000001.png,0,image_0000881,train
image_0000881_crop_0000003.png,0,image_0000881,train
image_0000886_crop_0000001.png,0,image_0000886,test
image_0000903_crop_0000002.png,0,image_0000903,train
image_0000903_crop_0000003.png,0,image_0000903,train
image_0000907_crop_0000001.png,0,image_0000907,test
image_0000910_crop_0000001.png,0,image_0000910,test
image_0000912_crop_0000001.png,0,image_0000912,test
image_0000920_crop_0000001.png,0,image_0000920,train
image_0000920_crop_0000002.png,0,image_0000920,train
image_0000920_crop_0000003.png,0,image_0000920,train
image_0000920_crop_0000004.png,0,image_0000920,train
image_0000927_crop_0000001.png,1,image_0000927,train
image_0000936_crop_0000001.png,0,image_0000936,val
image_0000936_crop_0000002.png,0,image_0000936,val
image_0000938_crop_0000006.png,1,image_0000938,test
image_0000946_crop_0000001.png,0,image_0000946,train
image_0000946_crop_0000002.png,0,image_0000946,train
image_0000948_crop_0000001.png,1,image_0000948,val
image_0000948_crop_0000002.png,1,image_0000948,val
image_0000948_crop_0000003.png,1,image_0000948,val
image_0000949_crop_0000001.png,0,image_0000949,val
image_0000949_crop_0000002.png,0,image_0000949,val
image_0000953_crop_0000005.png,1,image_0000953,train
image_0000953_crop_0000006.png,1,image_0000953,train
image_0000957_crop_0000001.png,1,image_0000957,train
image_0000957_crop_0000002.png,1,image_0000957,train
image_0000957_crop_0000003.png,1,image_0000957,train
image_0000957_crop_0000004.png,1,image_0000957,train
image_0000957_crop_0000005.png,1,image_0000957,train
image_0000957_crop_0000006.png,1,image_0000957,train
image_0000957_crop_0000007.png,1,image_0000957,train
image_0000957_crop_0000008.png,1,image_0000957,train
image_0000957_crop_0000009.png,1,image_0000957,train
image_0000957_crop_0000010.png,1,image_0000957,train
image_0000957_crop_0000011.png,1,image_0000957,train
image_0000957_crop_0000012.png,1,image_0000957,train
image_0000958_crop_0000001.png,0,image_0000958,train
image_0000958_crop_0000002.png,0,image_0000958,train
image_0000960_crop_0000001.png,0,image_0000960,train
image_0000960_crop_0000003.png,0,image_0000960,train
image_0000967_crop_0000001.png,1,image_0000967,train
image_0000967_crop_0000002.png,1,image_0000967,train
image_0000967_crop_0000003.png,1,image_0000967,train
image_0000975_crop_0000001.png,1,image_0000975,train
image_0000975_crop_0000002.png,1,image_0000975,train
image_0000975_crop_0000003.png,1,image_0000975,train
image_0000975_crop_0000004.png,1,image_0000975,train
image_0000975_crop_0000005.png,1,image_0000975,train
image_0000975_crop_0000006.png,1,image_0000975,train
image_0000977_crop_0000001.png,0,image_0000977,test
image_0000977_crop_0000002.png,0,image_0000977,test
image_0000977_crop_0000003.png,0,image_0000977,test
image_0000977_crop_0000004.png,0,image_0000977,test
image_0000977_crop_0000005.png,0,image_0000977,test
image_0000981_crop_0000004.png,1,image_0000981,test
image_0000982_crop_0000001.png,0,image_0000982,train
image_0000982_crop_0000002.png,0,image_0000982,train
image_0000983_crop_0000001.png,1,image_0000983,train
image_0000983_crop_0000002.png,1,image_0000983,train
image_0000983_crop_0000003.png,1,image_0000983,train
image_0000983_crop_0000004.png,1,image_0000983,train
image_0000983_crop_0000005.png,1,image_0000983,train
image_0000983_crop_0000006.png,1,image_0000983,train
image_0000984_crop_0000001.png,0,image_0000984,train
image_0000984_crop_0000002.png,0,image_0000984,train
image_0000987_crop_0000001.png,1,image_0000987,train
image_0000987_crop_0000002.png,1,image_0000987,train
image_0000987_crop_0000003.png,1,image_0000987,train
image_0000987_crop_0000004.png,1,image_0000987,train
image_0000987_crop_0000005.png,1,image_0000987,train
image_0000987_crop_0000006.png,1,image_0000987,train
image_0000987_crop_0000007.png,1,image_0000987,train
image_0000987_crop_0000008.png,1,image_0000987,train
image_0000987_crop_0000009.png,1,image_0000987,train
image_0000987_crop_0000010.png,1,image_0000987,train
image_0000987_crop_0000011.png,1,image_0000987,train
image_0000987_crop_0000012.png,1,image_0000987,train
image_0000987_crop_0000013.png,1,image_0000987,train
image_0000987_crop_0000014.png,1,image_0000987,train
image_0000987_crop_0000015.png,1,image_0000987,train
image_0000987_crop_0000016.png,1,image_0000987,train
image_0000987_crop_0000017.png,1,image_0000987,train
image_0000987_crop_0000018.png,1,image_0000987,train
image_0000987_crop_0000019.png,1,image_0000987,train
image_0000987_crop_0000020.png,1,image_0000987,train
image_0000987_crop_0000021.png,1,image_0000987,train
image_0000987_crop_0000022.png,1,image_0000987,train
image_0000987_crop_0000023.png,1,image_0000987,train
image_0000987_crop_0000024.png,1,image_0000987,train
image_0000987_crop_0000025.png,1,image_0000987,train
image_0000987_crop_0000026.png,1,image_0000987,train
image_0000987_crop_0000027.png,1,image_0000987,train
image_0000987_crop_0000028.png,1,image_0000987,train
image_0000987_crop_0000029.png,1,image_0000987,train
image_0000987_crop_0000030.png,1,image_0000987,train
image_0000987_crop_0000031.png,1,image_0000987,train
image_0000987_crop_0000032.png,1,image_0000987,train
image_0000987_crop_0000033.png,1,image_0000987,train
image_0000987_crop_0000034.png,1,image_0000987,train
image_0000987_crop_0000035.png,1,image_0000987,train
image_0000987_crop_0000036.png,1,image_0000987,train
image_0000987_crop_0000037.png,1,image_0000987,train
image_0000987_crop_0000038.png,1,image_0000987,train
image_0000987_crop_0000039.png,1,image_0000987,train
image_0000987_crop_0000040.png,1,image_0000987,train
image_0000987_crop_0000041.png,1,image_0000987,train
image_0000987_crop_0000042.png,1,image_0000987,train
image_0000987_crop_0000043.png,1,image_0000987,train
image_0000987_crop_0000044.png,1,image_0000987,train
image_0000987_crop_0000046.png,1,image_0000987,train
image_0000987_crop_0000047.png,1,image_0000987,train
image_0000987_crop_0000048.png,1,image_0000987,train
image_0000990_crop_0000001.png,1,image_0000990,train
image_0000990_crop_0000002.png,1,image_0000990,train
image_0000990_crop_0000003.png,1,image_0000990,train
image_0000990_crop_0000004.png,1,image_0000990,train
image_0000995_crop_0000001.png,1,image_0000995,train
image_0000995_crop_0000002.png,1,image_0000995,train
image_0000996_crop_0000001.png,0,image_0000996,train
image_0000996_crop_0000002.png,0,image_0000996,train
image_0000996_crop_0000003.png,0,image_0000996,train
image_0000999_crop_0000001.png,1,image_0000999,train
image_0000999_crop_0000002.png,1,image_0000999,train
image_0000999_crop_0000003.png,1,image_0000999,train
image_0000999_crop_0000004.png,1,image_0000999,train
image_0000999_crop_0000005.png,1,image_0000999,train
image_0000999_crop_0000006.png,1,image_0000999,train
image_0000999_crop_0000007.png,1,image_0000999,train
image_0000999_crop_0000008.png,1,image_0000999,train
image_0000999_crop_0000009.png,1,image_0000999,train
image_0000999_crop_0000010.png,1,image_0000999,train
image_0000999_crop_0000011.png,1,image_0000999,train
image_0000999_crop_0000012.png,1,image_0000999,train
image_0000999_crop_0000013.png,1,image_0000999,train
image_0000999_crop_0000014.png,1,image_0000999,train
image_0000999_crop_0000015.png,1,image_0000999,train
image_0000999_crop_0000016.png,1,image_0000999,train
image_0000999_crop_0000017.png,1,image_0000999,train
image_0000999_crop_0000018.png,1,image_0000999,train
image_0000999_crop_0000019.png,1,image_0000999,train
image_0000999_crop_0000020.png,1,image_0000999,train
image_0000999_crop_0000021.png,1,image_0000999,train
image_0001000_crop_0000002.png,1,image_0001000,train
image_0001000_crop_0000003.png,1,image_0001000,train
image_0001001_crop_0000001.png,0,image_0001001,train
image_0001001_crop_0000002.png,0,image_0001001,train
image_0001007_crop_0000002.png,1,image_0001007,train
image_0001007_crop_0000003.png,1,image_0001007,train
image_0001008_crop_0000005.png,0,image_0001008,train
image_0001008_crop_0000006.png,0,image_0001008,train
image_0001009_crop_0000001.png,1,image_0001009,train
image_0001010_crop_0000001.png,1,image_0001010,train
image_0001010_crop_0000002.png,1,image_0001010,train
image_0001010_crop_0000003.png,1,image_0001010,train
image_0001010_crop_0000004.png,1,image_0001010,train
image_0001010_crop_0000005.png,1,image_0001010,train
image_0001010_crop_0000006.png,1,image_0001010,train
image_0001010_crop_0000007.png,1,image_0001010,train
image_0001010_crop_0000008.png,1,image_0001010,train
image_0001010_crop_0000009.png,1,image_0001010,train
image_0001010_crop_0000010.png,1,image_0001010,train
image_0001010_crop_0000011.png,1,image_0001010,train
image_0001010_crop_0000012.png,1,image_0001010,train
image_0001010_crop_0000013.png,1,image_0001010,train
image_0001010_crop_0000014.png,1,image_0001010,train
image_0001010_crop_0000015.png,1,image_0001010,train
image_0001010_crop_0000016.png,1,image_0001010,train
image_0001010_crop_0000017.png,1,image_0001010,train
image_0001012_crop_0000001.png,1,image_0001012,val
image_0001012_crop_0000002.png,1,image_0001012,val
image_0001012_crop_0000003.png,1,image_0001012,val
image_0001012_crop_0000004.png,1,image_0001012,val
image_0001012_crop_0000005.png,1,image_0001012,val
image_0001013_crop_0000001.png,1,image_0001013,val
image_0001013_crop_0000002.png,1,image_0001013,val
image_0001017_crop_0000001.png,1,image_0001017,test
image_0001020_crop_0000001.png,1,image_0001020,train
image_0001020_crop_0000002.png,1,image_0001020,train
image_0001020_crop_0000003.png,1,image_0001020,train
image_0001020_crop_0000004.png,1,image_0001020,train
image_0001020_crop_0000005.png,1,image_0001020,train
image_0001020_crop_0000006.png,1,image_0001020,train
image_0001020_crop_0000007.png,1,image_0001020,train
image_0001020_crop_0000008.png,1,image_0001020,train
image_0001020_crop_0000009.png,1,image_0001020,train
image_0001020_crop_0000010.png,1,image_0001020,train
image_0001020_crop_0000011.png,1,image_0001020,train
image_0001020_crop_0000012.png,1,image_0001020,train
image_0001020_crop_0000013.png,1,image_0001020,train
image_0001020_crop_0000014.png,1,image_0001020,train
image_0001020_crop_0000015.png,1,image_0001020,train
image_0001020_crop_0000016.png,1,image_0001020,train
image_0001020_crop_0000017.png,1,image_0001020,train
image_0001020_crop_0000020.png,1,image_0001020,train
image_0001020_crop_0000021.png,1,image_0001020,train
image_0001020_crop_0000022.png,1,image_0001020,train
image_0001021_crop_0000001.png,1,image_0001021,train
image_0001022_crop_0000002.png,1,image_0001022,train
image_0001022_crop_0000003.png,1,image_0001022,train
image_0001022_crop_0000004.png,1,image_0001022,train
image_0001022_crop_0000005.png,1,image_0001022,train
image_0001031_crop_0000001.png,0,image_0001031,train
image_0001031_crop_0000002.png,0,image_0001031,train
image_0001031_crop_0000003.png,0,image_0001031,train
image_0001031_crop_0000004.png,0,image_0001031,train
image_0001034_crop_0000001.png,1,image_0001034,train
image_0001034_crop_0000003.png,1,image_0001034,train
image_0001034_crop_0000004.png,1,image_0001034,train
image_0001034_crop_0000005.png,1,image_0001034,train
image_0001034_crop_0000006.png,1,image_0001034,train
image_0001034_crop_0000007.png,1,image_0001034,train
image_0001034_crop_0000008.png,1,image_0001034,train
image_0001034_crop_0000009.png,1,image_0001034,train
image_0001045_crop_0000001.png,1,image_0001045,train
image_0001045_crop_0000002.png,1,image_0001045,train
image_0001045_crop_0000003.png,1,image_0001045,train
image_0001049_crop_0000001.png,1,image_0001049,train
image_0001049_crop_0000002.png,1,image_0001049,train
image_0001049_crop_0000003.png,1,image_0001049,train
image_0001051_crop_0000001.png,1,image_0001051,train
image_0001051_crop_0000002.png,1,image_0001051,train
image_0001051_crop_0000004.png,1,image_0001051,train
image_0001051_crop_0000005.png,1,image_0001051,train
image_0001051_crop_0000006.png,1,image_0001051,train
image_0001051_crop_0000007.png,1,image_0001051,train
image_0001051_crop_0000008.png,1,image_0001051,train
image_0001051_crop_0000009.png,1,image_0001051,train
image_0001051_crop_0000010.png,1,image_0001051,train
image_0001051_crop_0000012.png,1,image_0001051,train
image_0001053_crop_0000001.png,1,image_0001053,val
image_0001059_crop_0000001.png,1,image_0001059,train
image_0001060_crop_0000001.png,1,image_0001060,train
image_0001060_crop_0000002.png,1,image_0001060,train
image_0001060_crop_0000003.png,1,image_0001060,train
image_0001060_crop_0000004.png,1,image_0001060,train
image_0001060_crop_0000005.png,1,image_0001060,train
image_0001060_crop_0000006.png,1,image_0001060,train
image_0001060_crop_0000007.png,1,image_0001060,train
image_0001060_crop_0000008.png,1,image_0001060,train
image_0001060_crop_0000009.png,1,image_0001060,train
image_0001063_crop_0000001.png,1,image_0001063,train
image_0001063_crop_0000002.png,1,image_0001063,train
image_0001063_crop_0000003.png,1,image_0001063,train
image_0001063_crop_0000004.png,1,image_0001063,train
image_0001063_crop_0000007.png,0,image_0001063,train
image_0001063_crop_0000008.png,1,image_0001063,train
image_0001063_crop_0000009.png,1,image_0001063,train
image_0001063_crop_0000010.png,0,image_0001063,train
image_0001063_crop_0000011.png,0,image_0001063,train
image_0001063_crop_0000012.png,1,image_0001063,train
image_0001064_crop_0000001.png,1,image_0001064,train
image_0001064_crop_0000002.png,1,image_0001064,train
image_0001064_crop_0000003.png,1,image_0001064,train
image_0001064_crop_0000004.png,1,image_0001064,train
image_0001064_crop_0000005.png,1,image_0001064,train
image_0001066_crop_0000001.png,0,image_0001066,train
image_0001066_crop_0000002.png,0,image_0001066,train
image_0001066_crop_0000003.png,0,image_0001066,train
image_0001066_crop_0000004.png,0,image_0001066,train
image_0001066_crop_0000005.png,0,image_0001066,train
image_0001066_crop_0000006.png,0,image_0001066,train
image_0001066_crop_0000007.png,0,image_0001066,train
image_0001066_crop_0000008.png,0,image_0001066,train
image_0001066_crop_0000009.png,0,image_0001066,train
image_0001066_crop_0000010.png,0,image_0001066,train
image_0001066_crop_0000011.png,0,image_0001066,train
image_0001068_crop_0000001.png,0,image_0001068,test
image_0001068_crop_0000003.png,0,image_0001068,test
image_0001069_crop_0000001.png,0,image_0001069,test
image_0001069_crop_0000002.png,0,image_0001069,test
image_0001069_crop_0000003.png,0,image_0001069,test
image_0001069_crop_0000004.png,1,image_0001069,test
image_0001069_crop_0000005.png,1,image_0001069,test
image_0001070_crop_0000003.png,0,image_0001070,train
image_0001070_crop_0000004.png,0,image_0001070,train
image_0001070_crop_0000006.png,1,image_0001070,train
image_0001070_crop_0000007.png,1,image_0001070,train
image_0001070_crop_0000008.png,1,image_0001070,train
image_0001070_crop_0000009.png,1,image_0001070,train
image_0001070_crop_0000010.png,1,image_0001070,train
image_0001070_crop_0000011.png,1,image_0001070,train
image_0001070_crop_0000012.png,1,image_0001070,train
image_0001070_crop_0000013.png,1,image_0001070,train
image_0001071_crop_0000003.png,0,image_0001071,train
image_0001071_crop_0000005.png,1,image_0001071,train
image_0001071_crop_0000006.png,1,image_0001071,train
image_0001071_crop_0000007.png,1,image_0001071,train
image_0001072_crop_0000002.png,1,image_0001072,train
image_0001072_crop_0000003.png,1,image_0001072,train
image_0001072_crop_0000006.png,1,image_0001072,train
image_0001073_crop_0000001.png,0,image_0001073,train
image_0001073_crop_0000002.png,0,image_0001073,train
image_0001073_crop_0000003.png,0,image_0001073,train
image_0001073_crop_0000004.png,0,image_0001073,train
image_0001073_crop_0000005.png,0,image_0001073,train
image_0001073_crop_0000006.png,0,image_0001073,train
image_0001075_crop_0000002.png,0,image_0001075,train
image_0001075_crop_0000003.png,0,image_0001075,train
image_0001075_crop_0000004.png,0,image_0001075,train
image_0001075_crop_0000005.png,0,image_0001075,train
image_0001075_crop_0000007.png,0,image_0001075,train
image_0001079_crop_0000001.png,1,image_0001079,test
image_0001079_crop_0000002.png,1,image_0001079,test
image_0001079_crop_0000003.png,1,image_0001079,test
image_0001079_crop_0000004.png,1,image_0001079,test
image_0001079_crop_0000005.png,0,image_0001079,test
image_0001080_crop_0000001.png,1,image_0001080,test
image_0001080_crop_0000002.png,1,image_0001080,test
image_0001080_crop_0000003.png,1,image_0001080,test
image_0001083_crop_0000001.png,0,image_0001083,train
image_0001083_crop_0000002.png,0,image_0001083,train
image_0001083_crop_0000006.png,0,image_0001083,train
image_0001083_crop_0000007.png,0,image_0001083,train
image_0001083_crop_0000010.png,1,image_0001083,train
image_0001083_crop_0000011.png,1,image_0001083,train
image_0001083_crop_0000012.png,1,image_0001083,train
image_0001085_crop_0000006.png,0,image_0001085,train
image_0001085_crop_0000007.png,0,image_0001085,train
image_0001085_crop_0000008.png,0,image_0001085,train
image_0001085_crop_0000009.png,0,image_0001085,train
image_0001086_crop_0000001.png,0,image_0001086,test
image_0001086_crop_0000002.png,0,image_0001086,test
image_0001086_crop_0000006.png,0,image_0001086,test
image_0001086_crop_0000010.png,0,image_0001086,test
image_0001086_crop_0000011.png,1,image_0001086,test
image_0001086_crop_0000012.png,1,image_0001086,test
image_0001087_crop_0000001.png,0,image_0001087,train
image_0001087_crop_0000002.png,0,image_0001087,train
image_0001087_crop_0000003.png,1,image_0001087,train
image_0001087_crop_0000004.png,1,image_0001087,train
image_0001087_crop_0000005.png,1,image_0001087,train
image_0001088_crop_0000001.png,1,image_0001088,train
image_0001089_crop_0000001.png,1,image_0001089,train
image_0001089_crop_0000002.png,1,image_0001089,train
image_0001090_crop_0000001.png,0,image_0001090,test
image_0001090_crop_0000002.png,0,image_0001090,test
image_0001090_crop_0000003.png,0,image_0001090,test
image_0001090_crop_0000005.png,0,image_0001090,test
image_0001090_crop_0000006.png,0,image_0001090,test
image_0001090_crop_0000008.png,0,image_0001090,test
image_0001090_crop_0000009.png,1,image_0001090,test
image_0001090_crop_0000010.png,1,image_0001090,test
image_0001090_crop_0000011.png,1,image_0001090,test
image_0001090_crop_0000015.png,1,image_0001090,test
image_0001091_crop_0000001.png,1,image_0001091,val
image_0001091_crop_0000002.png,1,image_0001091,val
image_0001091_crop_0000003.png,1,image_0001091,val
image_0001091_crop_0000004.png,1,image_0001091,val
image_0001091_crop_0000005.png,1,image_0001091,val
image_0001091_crop_0000006.png,1,image_0001091,val
image_0001092_crop_0000001.png,1,image_0001092,test
image_0001092_crop_0000002.png,1,image_0001092,test
image_0001092_crop_0000003.png,1,image_0001092,test
image_0001093_crop_0000001.png,1,image_0001093,test
image_0001093_crop_0000002.png,1,image_0001093,test
image_0001093_crop_0000004.png,1,image_0001093,test
image_0001093_crop_0000005.png,1,image_0001093,test
image_0001093_crop_0000009.png,1,image_0001093,test
image_0001094_crop_0000002.png,1,image_0001094,val
image_0001095_crop_0000001.png,0,image_0001095,train
image_0001095_crop_0000003.png,0,image_0001095,train
image_0001095_crop_0000004.png,1,image_0001095,train
image_0001095_crop_0000005.png,1,image_0001095,train
image_0001095_crop_0000006.png,1,image_0001095,train
image_0001095_crop_0000007.png,1,image_0001095,train
image_0001095_crop_0000009.png,0,image_0001095,train
image_0001095_crop_0000012.png,1,image_0001095,train
image_0001096_crop_0000001.png,0,image_0001096,val
image_0001096_crop_0000002.png,0,image_0001096,val
image_0001096_crop_0000003.png,0,image_0001096,val
image_0001096_crop_0000004.png,0,image_0001096,val
image_0001096_crop_0000005.png,0,image_0001096,val
image_0001096_crop_0000008.png,0,image_0001096,val
image_0001096_crop_0000009.png,1,image_0001096,val
image_0001096_crop_0000010.png,1,image_0001096,val
image_0001096_crop_0000011.png,1,image_0001096,val
image_0001096_crop_0000012.png,1,image_0001096,val
image_0001096_crop_0000013.png,1,image_0001096,val
image_0001096_crop_0000015.png,1,image_0001096,val
image_0001097_crop_0000001.png,1,image_0001097,train
image_0001097_crop_0000002.png,1,image_0001097,train
image_0001097_crop_0000003.png,1,image_0001097,train
image_0001097_crop_0000004.png,1,image_0001097,train
image_0001097_crop_0000005.png,1,image_0001097,train
image_0001097_crop_0000006.png,0,image_0001097,train
image_0001097_crop_0000009.png,1,image_0001097,train
image_0001098_crop_0000006.png,1,image_0001098,train
image_0001098_crop_0000007.png,1,image_0001098,train
image_0001098_crop_0000008.png,1,image_0001098,train
image_0001098_crop_0000009.png,1,image_0001098,train
image_0001098_crop_0000010.png,1,image_0001098,train
image_0001098_crop_0000011.png,1,image_0001098,train
image_0001099_crop_0000001.png,1,image_0001099,train
image_0001099_crop_0000002.png,1,image_0001099,train
image_0001099_crop_0000003.png,1,image_0001099,train
image_0001099_crop_0000004.png,1,image_0001099,train
image_0001099_crop_0000005.png,1,image_0001099,train
image_0001100_crop_0000001.png,0,image_0001100,train
image_0001100_crop_0000002.png,0,image_0001100,train
image_0001100_crop_0000003.png,0,image_0001100,train
image_0001100_crop_0000004.png,0,image_0001100,train
image_0001100_crop_0000005.png,0,image_0001100,train
image_0001100_crop_0000006.png,0,image_0001100,train
image_0001102_crop_0000001.png,1,image_0001102,train
image_0001102_crop_0000002.png,1,image_0001102,train
image_0001102_crop_0000003.png,1,image_0001102,train
image_0001103_crop_0000001.png,0,image_0001103,train
image_0001103_crop_0000002.png,1,image_0001103,train
image_0001103_crop_0000003.png,1,image_0001103,train
image_0001103_crop_0000004.png,1,image_0001103,train
image_0001103_crop_0000005.png,1,image_0001103,train
image_0001104_crop_0000001.png,0,image_0001104,val
image_0001104_crop_0000003.png,0,image_0001104,val
image_0001104_crop_0000004.png,0,image_0001104,val
image_0001104_crop_0000005.png,0,image_0001104,val
image_0001104_crop_0000006.png,0,image_0001104,val
image_0001104_crop_0000007.png,1,image_0001104,val
image_0001104_crop_0000008.png,1,image_0001104,val
image_0001104_crop_0000009.png,1,image_0001104,val
image_0001104_crop_0000010.png,1,image_0001104,val
image_0001104_crop_0000011.png,0,image_0001104,val
image_0001104_crop_0000012.png,0,image_0001104,val
image_0001104_crop_0000013.png,0,image_0001104,val
image_0001104_crop_0000014.png,0,image_0001104,val
image_0001104_crop_0000016.png,1,image_0001104,val
image_0001104_crop_0000017.png,1,image_0001104,val
image_0001104_crop_0000019.png,0,image_0001104,val
image_0001104_crop_0000020.png,1,image_0001104,val
image_0001104_crop_0000021.png,0,image_0001104,val
image_0001105_crop_0000001.png,0,image_0001105,train
image_0001106_crop_0000001.png,1,image_0001106,train
image_0001106_crop_0000002.png,1,image_0001106,train
image_0001108_crop_0000001.png,1,image_0001108,train
image_0001108_crop_0000002.png,1,image_0001108,train
image_0001108_crop_0000003.png,1,image_0001108,train
image_0001109_crop_0000001.png,0,image_0001109,train
image_0001109_crop_0000002.png,0,image_0001109,train
image_0001109_crop_0000003.png,0,image_0001109,train
image_0001109_crop_0000004.png,1,image_0001109,train
image_0001109_crop_0000005.png,1,image_0001109,train
image_0001109_crop_0000006.png,0,image_0001109,train
image_0001109_crop_0000007.png,0,image_0001109,train
image_0001110_crop_0000001.png,0,image_0001110,train
image_0001111_crop_0000001.png,0,image_0001111,train
image_0001111_crop_0000002.png,0,image_0001111,train
image_0001111_crop_0000003.png,0,image_0001111,train
image_0001114_crop_0000001.png,1,image_0001114,train
image_0001114_crop_0000002.png,1,image_0001114,train
image_0001114_crop_0000003.png,1,image_0001114,train
image_0001114_crop_0000005.png,1,image_0001114,train
image_0001114_crop_0000006.png,1,image_0001114,train
image_0001114_crop_0000007.png,1,image_0001114,train
image_0001115_crop_0000001.png,0,image_0001115,train
image_0001115_crop_0000002.png,1,image_0001115,train
image_0001115_crop_0000003.png,0,image_0001115,train
image_0001115_crop_0000004.png,0,image_0001115,train
image_0001115_crop_0000005.png,0,image_0001115,train
image_0001115_crop_0000006.png,1,image_0001115,train
image_0001115_crop_0000007.png,1,image_0001115,train
image_0001115_crop_0000009.png,1,image_0001115,train
image_0001115_crop_0000010.png,1,image_0001115,train
image_0001115_crop_0000011.png,1,image_0001115,train
image_0001115_crop_0000012.png,1,image_0001115,train
image_0001117_crop_0000002.png,0,image_0001117,train
image_0001117_crop_0000003.png,0,image_0001117,train
image_0001117_crop_0000004.png,0,image_0001117,train
image_0001118_crop_0000001.png,0,image_0001118,train
image_0001118_crop_0000002.png,0,image_0001118,train
image_0001118_crop_0000003.png,1,image_0001118,train
image_0001118_crop_0000004.png,1,image_0001118,train
image_0001118_crop_0000005.png,0,image_0001118,train
image_0001118_crop_0000006.png,1,image_0001118,train
image_0001118_crop_0000007.png,1,image_0001118,train
image_0001118_crop_0000008.png,1,image_0001118,train
image_0001118_crop_0000009.png,1,image_0001118,train
image_0001118_crop_0000010.png,1,image_0001118,train
image_0001118_crop_0000012.png,1,image_0001118,train
image_0001118_crop_0000013.png,1,image_0001118,train
image_0001120_crop_0000004.png,1,image_0001120,val
image_0001120_crop_0000005.png,1,image_0001120,val
image_0001120_crop_0000006.png,1,image_0001120,val
image_0001120_crop_0000007.png,1,image_0001120,val
image_0001124_crop_0000001.png,1,image_0001124,train
image_0001124_crop_0000002.png,1,image_0001124,train
image_0001124_crop_0000003.png,1,image_0001124,train
image_0001125_crop_0000001.png,0,image_0001125,train
image_0001125_crop_0000002.png,0,image_0001125,train
image_0001125_crop_0000003.png,0,image_0001125,train
image_0001125_crop_0000004.png,0,image_0001125,train
image_0001125_crop_0000005.png,0,image_0001125,train
image_0001125_crop_0000006.png,0,image_0001125,train
image_0001125_crop_0000007.png,0,image_0001125,train
image_0001125_crop_0000008.png,0,image_0001125,train
image_0001125_crop_0000009.png,0,image_0001125,train
image_0001125_crop_0000010.png,0,image_0001125,train
image_0001126_crop_0000001.png,0,image_0001126,train
image_0001126_crop_0000003.png,1,image_0001126,train
image_0001126_crop_0000004.png,1,image_0001126,train
image_0001126_crop_0000005.png,1,image_0001126,train
image_0001126_crop_0000006.png,1,image_0001126,train
image_0001126_crop_0000007.png,1,image_0001126,train
image_0001126_crop_0000008.png,1,image_0001126,train
image_0001127_crop_0000001.png,0,image_0001127,val
image_0001127_crop_0000002.png,0,image_0001127,val
image_0001127_crop_0000003.png,0,image_0001127,val
image_0001127_crop_0000004.png,0,image_0001127,val
image_0001127_crop_0000006.png,0,image_0001127,val
image_0001128_crop_0000001.png,0,image_0001128,train
image_0001128_crop_0000002.png,1,image_0001128,train
image_0001128_crop_0000003.png,1,image_0001128,train
image_0001128_crop_0000004.png,1,image_0001128,train
image_0001128_crop_0000005.png,1,image_0001128,train
image_0001128_crop_0000007.png,1,image_0001128,train
image_0001128_crop_0000008.png,1,image_0001128,train
image_0001129_crop_0000005.png,1,image_0001129,train
image_0001129_crop_0000006.png,1,image_0001129,train
image_0001130_crop_0000003.png,1,image_0001130,train
image_0001130_crop_0000004.png,1,image_0001130,train
image_0001131_crop_0000002.png,0,image_0001131,test
image_0001131_crop_0000004.png,0,image_0001131,test
image_0001131_crop_0000005.png,0,image_0001131,test
image_0001131_crop_0000006.png,0,image_0001131,test
image_0001132_crop_0000001.png,0,image_0001132,train
image_0001132_crop_0000003.png,0,image_0001132,train
image_0001134_crop_0000001.png,1,image_0001134,train
image_0001134_crop_0000002.png,1,image_0001134,train
image_0001135_crop_0000001.png,1,image_0001135,train
image_0001135_crop_0000002.png,1,image_0001135,train
image_0001135_crop_0000003.png,1,image_0001135,train
image_0001135_crop_0000004.png,1,image_0001135,train
image_0001135_crop_0000005.png,1,image_0001135,train
image_0001135_crop_0000006.png,1,image_0001135,train
image_0001135_crop_0000007.png,1,image_0001135,train
image_0001136_crop_0000004.png,1,image_0001136,train
image_0001136_crop_0000005.png,1,image_0001136,train
image_0001137_crop_0000001.png,0,image_0001137,train
image_0001137_crop_0000002.png,0,image_0001137,train
image_0001137_crop_0000003.png,1,image_0001137,train
image_0001137_crop_0000004.png,1,image_0001137,train
image_0001138_crop_0000003.png,1,image_0001138,train
image_0001138_crop_0000007.png,1,image_0001138,train
image_0001139_crop_0000001.png,1,image_0001139,train
image_0001139_crop_0000002.png,1,image_0001139,train
image_0001139_crop_0000003.png,0,image_0001139,train
image_0001139_crop_0000005.png,1,image_0001139,train
image_0001139_crop_0000006.png,1,image_0001139,train
image_0001140_crop_0000002.png,0,image_0001140,train
image_0001140_crop_0000005.png,1,image_0001140,train
image_0001140_crop_0000007.png,0,image_0001140,train
image_0001142_crop_0000001.png,0,image_0001142,val
image_0001142_crop_0000002.png,0,image_0001142,val
image_0001142_crop_0000003.png,1,image_0001142,val
image_0001142_crop_0000004.png,1,image_0001142,val
image_0001142_crop_0000005.png,0,image_0001142,val
image_0001142_crop_0000006.png,0,image_0001142,val
image_0001142_crop_0000007.png,0,image_0001142,val
image_0001143_crop_0000001.png,0,image_0001143,train
image_0001143_crop_0000002.png,0,image_0001143,train
image_0001144_crop_0000002.png,0,image_0001144,train
image_0001144_crop_0000005.png,0,image_0001144,train
image_0001147_crop_0000001.png,1,image_0001147,train
image_0001147_crop_0000002.png,1,image_0001147,train
image_0001147_crop_0000003.png,1,image_0001147,train
image_0001148_crop_0000001.png,1,image_0001148,train
image_0001148_crop_0000002.png,1,image_0001148,train
image_0001148_crop_0000003.png,1,image_0001148,train
image_0001148_crop_0000004.png,1,image_0001148,train
image_0001149_crop_0000001.png,1,image_0001149,val
image_0001149_crop_0000002.png,1,image_0001149,val
image_0001149_crop_0000003.png,1,image_0001149,val
image_0001150_crop_0000001.png,0,image_0001150,train
image_0001151_crop_0000001.png,1,image_0001151,train
image_0001152_crop_0000002.png,0,image_0001152,test
image_0001152_crop_0000003.png,0,image_0001152,test
image_0001152_crop_0000004.png,0,image_0001152,test
image_0001152_crop_0000005.png,0,image_0001152,test
image_0001152_crop_0000006.png,0,image_0001152,test
image_0001152_crop_0000007.png,0,image_0001152,test
image_0001153_crop_0000001.png,0,image_0001153,train
image_0001153_crop_0000002.png,0,image_0001153,train
image_0001153_crop_0000003.png,0,image_0001153,train
image_0001153_crop_0000004.png,0,image_0001153,train
image_0001154_crop_0000001.png,0,image_0001154,test
image_0001154_crop_0000002.png,0,image_0001154,test
image_0001154_crop_0000004.png,1,image_0001154,test
image_0001154_crop_0000005.png,1,image_0001154,test
image_0001154_crop_0000006.png,1,image_0001154,test
image_0001154_crop_0000007.png,1,image_0001154,test
image_0001154_crop_0000008.png,1,image_0001154,test
image_0001154_crop_0000009.png,1,image_0001154,test
image_0001154_crop_0000010.png,1,image_0001154,test
image_0001154_crop_0000011.png,1,image_0001154,test
image_0001154_crop_0000012.png,1,image_0001154,test
image_0001154_crop_0000013.png,1,image_0001154,test
image_0001155_crop_0000001.png,1,image_0001155,test
image_0001155_crop_0000002.png,1,image_0001155,test
image_0001155_crop_0000003.png,1,image_0001155,test
image_0001155_crop_0000004.png,1,image_0001155,test
image_0001155_crop_0000005.png,1,image_0001155,test
image_0001155_crop_0000009.png,1,image_0001155,test
image_0001155_crop_0000010.png,1,image_0001155,test
image_0001155_crop_0000011.png,1,image_0001155,test
image_0001155_crop_0000012.png,1,image_0001155,test
image_0001155_crop_0000013.png,1,image_0001155,test
image_0001155_crop_0000015.png,1,image_0001155,test
image_0001155_crop_0000016.png,1,image_0001155,test
image_0001156_crop_0000002.png,0,image_0001156,train
image_0001156_crop_0000003.png,0,image_0001156,train
image_0001156_crop_0000004.png,0,image_0001156,train
image_0001156_crop_0000006.png,0,image_0001156,train
image_0001156_crop_0000007.png,0,image_0001156,train
image_0001156_crop_0000008.png,0,image_0001156,train
image_0001156_crop_0000009.png,0,image_0001156,train
image_0001156_crop_0000010.png,1,image_0001156,train
image_0001156_crop_0000011.png,1,image_0001156,train
image_0001156_crop_0000013.png,1,image_0001156,train
image_0001156_crop_0000014.png,1,image_0001156,train
image_0001159_crop_0000004.png,1,image_0001159,test
image_0001159_crop_0000005.png,1,image_0001159,test
image_0001160_crop_0000001.png,1,image_0001160,val
image_0001160_crop_0000002.png,1,image_0001160,val
image_0001160_crop_0000003.png,1,image_0001160,val
image_0001160_crop_0000004.png,1,image_0001160,val
image_0001161_crop_0000005.png,0,image_0001161,val
image_0001161_crop_0000006.png,1,image_0001161,val
image_0001161_crop_0000013.png,1,image_0001161,val
image_0001161_crop_0000014.png,1,image_0001161,val
image_0001165_crop_0000001.png,1,image_0001165,train
image_0001165_crop_0000002.png,0,image_0001165,train
image_0001165_crop_0000003.png,1,image_0001165,train
image_0001165_crop_0000004.png,1,image_0001165,train
image_0001165_crop_0000005.png,1,image_0001165,train
image_0001165_crop_0000006.png,1,image_0001165,train
image_0001166_crop_0000001.png,0,image_0001166,train
image_0001166_crop_0000002.png,0,image_0001166,train
image_0001166_crop_0000003.png,0,image_0001166,train
image_0001166_crop_0000004.png,0,image_0001166,train
image_0001166_crop_0000005.png,1,image_0001166,train
image_0001166_crop_0000006.png,0,image_0001166,train
image_0001167_crop_0000001.png,1,image_0001167,train
image_0001167_crop_0000002.png,1,image_0001167,train
image_0001167_crop_0000003.png,1,image_0001167,train
image_0001167_crop_0000004.png,1,image_0001167,train
image_0001167_crop_0000007.png,1,image_0001167,train
image_0001167_crop_0000008.png,1,image_0001167,train
image_0001168_crop_0000001.png,0,image_0001168,train
image_0001169_crop_0000007.png,1,image_0001169,train
image_0001169_crop_0000008.png,1,image_0001169,train
image_0001169_crop_0000009.png,1,image_0001169,train
image_0001169_crop_0000010.png,1,image_0001169,train
image_0001170_crop_0000001.png,1,image_0001170,val
image_0001170_crop_0000002.png,1,image_0001170,val
image_0001170_crop_0000003.png,1,image_0001170,val
image_0001170_crop_0000004.png,1,image_0001170,val
image_0001170_crop_0000005.png,1,image_0001170,val
image_0001172_crop_0000001.png,0,image_0001172,train
image_0001172_crop_0000003.png,0,image_0001172,train
image_0001172_crop_0000004.png,0,image_0001172,train
image_0001172_crop_0000005.png,0,image_0001172,train
image_0001173_crop_0000001.png,1,image_0001173,train
image_0001173_crop_0000003.png,1,image_0001173,train
image_0001173_crop_0000004.png,1,image_0001173,train
image_0001173_crop_0000005.png,1,image_0001173,train
image_0001176_crop_0000001.png,0,image_0001176,train
image_0001176_crop_0000002.png,0,image_0001176,train
image_0001177_crop_0000001.png,1,image_0001177,train
image_0001177_crop_0000002.png,1,image_0001177,train
image_0001177_crop_0000003.png,1,image_0001177,train
image_0001177_crop_0000004.png,1,image_0001177,train
image_0001177_crop_0000005.png,1,image_0001177,train
image_0001177_crop_0000006.png,1,image_0001177,train
image_0001178_crop_0000001.png,1,image_0001178,train
image_0001178_crop_0000002.png,1,image_0001178,train
image_0001178_crop_0000003.png,0,image_0001178,train
image_0001178_crop_0000005.png,1,image_0001178,train
image_0001178_crop_0000006.png,1,image_0001178,train
image_0001178_crop_0000007.png,1,image_0001178,train
image_0001178_crop_0000008.png,0,image_0001178,train
image_0001178_crop_0000009.png,0,image_0001178,train
image_0001178_crop_0000010.png,1,image_0001178,train
image_0001180_crop_0000001.png,0,image_0001180,train
image_0001180_crop_0000003.png,0,image_0001180,train
image_0001180_crop_0000006.png,0,image_0001180,train
image_0001180_crop_0000009.png,0,image_0001180,train
image_0001181_crop_0000001.png,1,image_0001181,train
image_0001181_crop_0000002.png,1,image_0001181,train
image_0001181_crop_0000003.png,1,image_0001181,train
image_0001181_crop_0000004.png,1,image_0001181,train
image_0001181_crop_0000005.png,1,image_0001181,train
image_0001181_crop_0000006.png,1,image_0001181,train
image_0001182_crop_0000001.png,0,image_0001182,train
image_0001183_crop_0000001.png,1,image_0001183,train
image_0001183_crop_0000002.png,1,image_0001183,train
image_0001183_crop_0000003.png,1,image_0001183,train
image_0001183_crop_0000004.png,1,image_0001183,train
image_0001183_crop_0000005.png,1,image_0001183,train
image_0001183_crop_0000006.png,1,image_0001183,train
image_0001183_crop_0000007.png,1,image_0001183,train
image_0001183_crop_0000008.png,1,image_0001183,train
image_0001183_crop_0000009.png,1,image_0001183,train
image_0001183_crop_0000010.png,1,image_0001183,train
image_0001184_crop_0000002.png,0,image_0001184,train
image_0001184_crop_0000003.png,0,image_0001184,train
image_0001184_crop_0000004.png,0,image_0001184,train
image_0001184_crop_0000009.png,1,image_0001184,train
image_0001184_crop_0000010.png,1,image_0001184,train
image_0001184_crop_0000011.png,0,image_0001184,train
image_0001184_crop_0000012.png,0,image_0001184,train
image_0001184_crop_0000013.png,0,image_0001184,train
image_0001184_crop_0000014.png,0,image_0001184,train
image_0001185_crop_0000001.png,1,image_0001185,train
image_0001186_crop_0000002.png,0,image_0001186,test
image_0001186_crop_0000003.png,0,image_0001186,test
image_0001186_crop_0000004.png,0,image_0001186,test
image_0001186_crop_0000005.png,1,image_0001186,test
image_0001186_crop_0000006.png,1,image_0001186,test
image_0001186_crop_0000007.png,1,image_0001186,test
image_0001186_crop_0000008.png,0,image_0001186,test
image_0001186_crop_0000009.png,0,image_0001186,test
image_0001186_crop_0000010.png,1,image_0001186,test
image_0001186_crop_0000012.png,1,image_0001186,test
image_0001186_crop_0000013.png,1,image_0001186,test
image_0001187_crop_0000002.png,0,image_0001187,train
image_0001187_crop_0000003.png,0,image_0001187,train
image_0001187_crop_0000004.png,1,image_0001187,train
image_0001187_crop_0000005.png,0,image_0001187,train
image_0001188_crop_0000001.png,1,image_0001188,train
image_0001188_crop_0000002.png,1,image_0001188,train
image_0001188_crop_0000003.png,0,image_0001188,train
image_0001188_crop_0000005.png,1,image_0001188,train
image_0001188_crop_0000006.png,1,image_0001188,train
image_0001188_crop_0000007.png,1,image_0001188,train
image_0001188_crop_0000008.png,1,image_0001188,train
image_0001188_crop_0000009.png,1,image_0001188,train
image_0001188_crop_0000010.png,1,image_0001188,train
image_0001188_crop_0000011.png,1,image_0001188,train
image_0001188_crop_0000014.png,1,image_0001188,train
image_0001188_crop_0000017.png,1,image_0001188,train
image_0001188_crop_0000018.png,1,image_0001188,train
image_0001188_crop_0000019.png,1,image_0001188,train
image_0001188_crop_0000020.png,1,image_0001188,train
image_0001188_crop_0000021.png,1,image_0001188,train
image_0001189_crop_0000001.png,0,image_0001189,train
image_0001189_crop_0000002.png,0,image_0001189,train
image_0001189_crop_0000008.png,1,image_0001189,train
image_0001189_crop_0000010.png,1,image_0001189,train
image_0001190_crop_0000001.png,0,image_0001190,test
image_0001190_crop_0000005.png,0,image_0001190,test
image_0001190_crop_0000008.png,1,image_0001190,test
image_0001191_crop_0000001.png,1,image_0001191,train
image_0001192_crop_0000002.png,0,image_0001192,test
image_0001192_crop_0000003.png,1,image_0001192,test
image_0001192_crop_0000004.png,0,image_0001192,test
image_0001192_crop_0000005.png,0,image_0001192,test
image_0001192_crop_0000006.png,0,image_0001192,test
image_0001192_crop_0000007.png,0,image_0001192,test
image_0001192_crop_0000008.png,0,image_0001192,test
image_0001192_crop_0000009.png,0,image_0001192,test
image_0001193_crop_0000001.png,1,image_0001193,train
image_0001193_crop_0000002.png,1,image_0001193,train
image_0001193_crop_0000003.png,1,image_0001193,train
image_0001193_crop_0000004.png,1,image_0001193,train
image_0001193_crop_0000005.png,1,image_0001193,train
image_0001193_crop_0000006.png,1,image_0001193,train
image_0001194_crop_0000002.png,0,image_0001194,train
image_0001194_crop_0000003.png,0,image_0001194,train
image_0001194_crop_0000004.png,1,image_0001194,train
image_0001194_crop_0000005.png,0,image_0001194,train
image_0001194_crop_0000006.png,0,image_0001194,train
image_0001194_crop_0000007.png,1,image_0001194,train
image_0001194_crop_0000010.png,1,image_0001194,train
image_0001195_crop_0000002.png,1,image_0001195,train
image_0001195_crop_0000004.png,1,image_0001195,train
image_0001195_crop_0000005.png,1,image_0001195,train
image_0001195_crop_0000006.png,1,image_0001195,train
image_0001195_crop_0000007.png,1,image_0001195,train
image_0001195_crop_0000009.png,0,image_0001195,train
image_0001195_crop_0000010.png,0,image_0001195,train
image_0001195_crop_0000011.png,0,image_0001195,train
image_0001196_crop_0000008.png,0,image_0001196,train
image_0001198_crop_0000001.png,0,image_0001198,test
image_0001198_crop_0000002.png,0,image_0001198,test
image_0001198_crop_0000003.png,0,image_0001198,test
image_0001199_crop_0000001.png,0,image_0001199,train
image_0001199_crop_0000002.png,0,image_0001199,train
image_0001200_crop_0000008.png,0,image_0001200,val
image_0001200_crop_0000011.png,1,image_0001200,val
image_0001200_crop_0000012.png,1,image_0001200,val
image_0001200_crop_0000013.png,1,image_0001200,val
image_0001200_crop_0000014.png,1,image_0001200,val
image_0001203_crop_0000005.png,1,image_0001203,train
image_0001203_crop_0000007.png,1,image_0001203,train
image_0001203_crop_0000009.png,1,image_0001203,train
image_0001203_crop_0000011.png,0,image_0001203,train
image_0001203_crop_0000012.png,0,image_0001203,train
image_0001204_crop_0000001.png,1,image_0001204,test
image_0001204_crop_0000002.png,1,image_0001204,test
image_0001204_crop_0000003.png,1,image_0001204,test
image_0001204_crop_0000004.png,1,image_0001204,test
image_0001204_crop_0000005.png,1,image_0001204,test
image_0001204_crop_0000006.png,1,image_0001204,test
image_0001204_crop_0000007.png,1,image_0001204,test
image_0001205_crop_0000001.png,0,image_0001205,val
image_0001206_crop_0000002.png,1,image_0001206,test
image_0001206_crop_0000003.png,0,image_0001206,test
image_0001206_crop_0000004.png,1,image_0001206,test
image_0001206_crop_0000005.png,1,image_0001206,test
image_0001206_crop_0000006.png,1,image_0001206,test
image_0001206_crop_0000007.png,1,image_0001206,test
image_0001206_crop_0000008.png,1,image_0001206,test
image_0001206_crop_0000009.png,1,image_0001206,test
image_0001206_crop_0000010.png,1,image_0001206,test
image_0001206_crop_0000012.png,0,image_0001206,test
image_0001207_crop_0000001.png,1,image_0001207,train
image_0001207_crop_0000002.png,1,image_0001207,train
image_0001207_crop_0000003.png,1,image_0001207,train
image_0001207_crop_0000004.png,1,image_0001207,train
image_0001209_crop_0000001.png,1,image_0001209,test
image_0001210_crop_0000001.png,1,image_0001210,train
image_0001211_crop_0000001.png,1,image_0001211,train
image_0001211_crop_0000002.png,1,image_0001211,train
image_0001211_crop_0000003.png,1,image_0001211,train
image_0001211_crop_0000004.png,1,image_0001211,train
image_0001211_crop_0000005.png,1,image_0001211,train
image_0001211_crop_0000006.png,1,image_0001211,train
image_0001214_crop_0000007.png,1,image_0001214,train
image_0001218_crop_0000001.png,0,image_0001218,train
image_0001218_crop_0000002.png,1,image_0001218,train
image_0001218_crop_0000003.png,1,image_0001218,train
image_0001218_crop_0000005.png,1,image_0001218,train
image_0001218_crop_0000006.png,1,image_0001218,train
image_0001218_crop_0000007.png,1,image_0001218,train
image_0001218_crop_0000008.png,1,image_0001218,train
image_0001218_crop_0000009.png,1,image_0001218,train
image_0001218_crop_0000010.png,1,image_0001218,train
image_0001218_crop_0000011.png,1,image_0001218,train
image_0001218_crop_0000012.png,1,image_0001218,train
image_0001218_crop_0000013.png,1,image_0001218,train
image_0001218_crop_0000014.png,1,image_0001218,train
image_0001218_crop_0000015.png,1,image_0001218,train
image_0001218_crop_0000016.png,1,image_0001218,train
image_0001218_crop_0000017.png,1,image_0001218,train
image_0001218_crop_0000018.png,1,image_0001218,train
image_0001218_crop_0000019.png,1,image_0001218,train
image_0001218_crop_0000020.png,1,image_0001218,train
image_0001218_crop_0000021.png,1,image_0001218,train
image_0001218_crop_0000022.png,1,image_0001218,train
image_0001218_crop_0000023.png,1,image_0001218,train
image_0001218_crop_0000024.png,1,image_0001218,train
image_0001219_crop_0000001.png,0,image_0001219,train
image_0001219_crop_0000003.png,0,image_0001219,train
image_0001219_crop_0000006.png,0,image_0001219,train
image_0001219_crop_0000007.png,1,image_0001219,train
image_0001220_crop_0000001.png,0,image_0001220,test
image_0001220_crop_0000002.png,0,image_0001220,test
image_0001220_crop_0000003.png,0,image_0001220,test
image_0001220_crop_0000004.png,0,image_0001220,test
image_0001221_crop_0000001.png,0,image_0001221,val
image_0001221_crop_0000002.png,0,image_0001221,val
image_0001221_crop_0000003.png,1,image_0001221,val
image_0001221_crop_0000004.png,1,image_0001221,val
image_0001224_crop_0000001.png,1,image_0001224,train
image_0001224_crop_0000002.png,1,image_0001224,train
image_0001224_crop_0000004.png,1,image_0001224,train
image_0001225_crop_0000001.png,1,image_0001225,test
image_0001225_crop_0000002.png,1,image_0001225,test
image_0001225_crop_0000003.png,1,image_0001225,test
image_0001225_crop_0000004.png,1,image_0001225,test
image_0001225_crop_0000005.png,1,image_0001225,test
image_0001225_crop_0000006.png,0,image_0001225,test
image_0001225_crop_0000007.png,0,image_0001225,test
image_0001225_crop_0000008.png,0,image_0001225,test
image_0001226_crop_0000001.png,0,image_0001226,train
image_0001226_crop_0000002.png,0,image_0001226,train
image_0001226_crop_0000003.png,1,image_0001226,train
image_0001226_crop_0000004.png,1,image_0001226,train
image_0001226_crop_0000005.png,1,image_0001226,train
image_0001226_crop_0000006.png,1,image_0001226,train
image_0001226_crop_0000007.png,1,image_0001226,train
image_0001226_crop_0000008.png,1,image_0001226,train
image_0001226_crop_0000009.png,0,image_0001226,train
image_0001226_crop_0000010.png,1,image_0001226,train
image_0001227_crop_0000001.png,1,image_0001227,train
image_0001227_crop_0000002.png,1,image_0001227,train
image_0001227_crop_0000003.png,1,image_0001227,train
image_0001230_crop_0000001.png,0,image_0001230,train
image_0001230_crop_0000002.png,1,image_0001230,train
image_0001230_crop_0000003.png,1,image_0001230,train
image_0001230_crop_0000005.png,1,image_0001230,train
image_0001230_crop_0000006.png,1,image_0001230,train
image_0001231_crop_0000001.png,0,image_0001231,train
image_0001232_crop_0000001.png,0,image_0001232,train
image_0001232_crop_0000002.png,0,image_0001232,train
image_0001232_crop_0000003.png,0,image_0001232,train
image_0001232_crop_0000004.png,0,image_0001232,train
image_0001232_crop_0000005.png,0,image_0001232,train
image_0001232_crop_0000006.png,1,image_0001232,train
image_0001232_crop_0000008.png,1,image_0001232,train
image_0001233_crop_0000001.png,0,image_0001233,train
image_0001233_crop_0000009.png,1,image_0001233,train
image_0001234_crop_0000001.png,0,image_0001234,test
image_0001234_crop_0000002.png,0,image_0001234,test
image_0001235_crop_0000001.png,0,image_0001235,test
image_0001235_crop_0000002.png,0,image_0001235,test
image_0001235_crop_0000003.png,0,image_0001235,test
image_0001235_crop_0000004.png,0,image_0001235,test
image_0001235_crop_0000007.png,1,image_0001235,test
image_0001235_crop_0000008.png,1,image_0001235,test
image_0001235_crop_0000009.png,1,image_0001235,test
image_0001235_crop_0000010.png,1,image_0001235,test
image_0001235_crop_0000014.png,1,image_0001235,test
image_0001235_crop_0000015.png,1,image_0001235,test
image_0001235_crop_0000016.png,1,image_0001235,test
image_0001235_crop_0000017.png,1,image_0001235,test
image_0001235_crop_0000019.png,1,image_0001235,test
image_0001235_crop_0000021.png,1,image_0001235,test
image_0001235_crop_0000022.png,1,image_0001235,test
image_0001235_crop_0000023.png,1,image_0001235,test
image_0001235_crop_0000024.png,1,image_0001235,test
image_0001237_crop_0000001.png,1,image_0001237,train
image_0001237_crop_0000002.png,1,image_0001237,train
image_0001237_crop_0000003.png,1,image_0001237,train
image_0001237_crop_0000004.png,0,image_0001237,train
image_0001237_crop_0000006.png,1,image_0001237,train
image_0001238_crop_0000001.png,1,image_0001238,train
image_0001240_crop_0000001.png,1,image_0001240,train
image_0001240_crop_0000002.png,1,image_0001240,train
image_0001241_crop_0000002.png,1,image_0001241,val
image_0001241_crop_0000003.png,1,image_0001241,val
image_0001241_crop_0000004.png,1,image_0001241,val
image_0001241_crop_0000005.png,1,image_0001241,val
image_0001242_crop_0000001.png,1,image_0001242,train
image_0001242_crop_0000002.png,1,image_0001242,train
image_0001242_crop_0000003.png,1,image_0001242,train
image_0001242_crop_0000004.png,1,image_0001242,train
image_0001242_crop_0000005.png,1,image_0001242,train
image_0001245_crop_0000003.png,0,image_0001245,val
image_0001245_crop_0000004.png,0,image_0001245,val
image_0001245_crop_0000005.png,0,image_0001245,val
image_0001245_crop_0000006.png,0,image_0001245,val
image_0001245_crop_0000007.png,0,image_0001245,val
image_0001246_crop_0000001.png,0,image_0001246,train
image_0001246_crop_0000003.png,0,image_0001246,train
image_0001246_crop_0000004.png,0,image_0001246,train
image_0001246_crop_0000005.png,0,image_0001246,train
image_0001246_crop_0000006.png,0,image_0001246,train
image_0001246_crop_0000007.png,0,image_0001246,train
image_0001249_crop_0000001.png,1,image_0001249,train
image_0001249_crop_0000002.png,1,image_0001249,train
image_0001249_crop_0000003.png,1,image_0001249,train
image_0001249_crop_0000004.png,1,image_0001249,train
image_0001249_crop_0000005.png,1,image_0001249,train
image_0001249_crop_0000006.png,1,image_0001249,train
image_0001249_crop_0000007.png,1,image_0001249,train
image_0001249_crop_0000008.png,1,image_0001249,train
image_0001249_crop_0000009.png,1,image_0001249,train
image_0001251_crop_0000001.png,0,image_0001251,train
image_0001251_crop_0000002.png,0,image_0001251,train
image_0001251_crop_0000003.png,0,image_0001251,train
image_0001251_crop_0000004.png,0,image_0001251,train
image_0001251_crop_0000006.png,0,image_0001251,train
image_0001251_crop_0000007.png,0,image_0001251,train
image_0001252_crop_0000001.png,1,image_0001252,val
image_0001252_crop_0000002.png,1,image_0001252,val
image_0001252_crop_0000003.png,1,image_0001252,val
image_0001252_crop_0000004.png,1,image_0001252,val
image_0001252_crop_0000005.png,1,image_0001252,val
image_0001252_crop_0000006.png,1,image_0001252,val
image_0001252_crop_0000007.png,1,image_0001252,val
image_0001252_crop_0000008.png,1,image_0001252,val
image_0001252_crop_0000009.png,1,image_0001252,val
image_0001252_crop_0000010.png,1,image_0001252,val
image_0001252_crop_0000011.png,1,image_0001252,val
image_0001252_crop_0000012.png,1,image_0001252,val
image_0001252_crop_0000013.png,1,image_0001252,val
image_0001253_crop_0000002.png,0,image_0001253,train
image_0001253_crop_0000003.png,0,image_0001253,train
image_0001253_crop_0000004.png,0,image_0001253,train
image_0001253_crop_0000008.png,1,image_0001253,train
image_0001253_crop_0000009.png,1,image_0001253,train
image_0001253_crop_0000010.png,1,image_0001253,train
image_0001253_crop_0000011.png,1,image_0001253,train
image_0001253_crop_0000012.png,1,image_0001253,train
image_0001253_crop_0000013.png,1,image_0001253,train
image_0001253_crop_0000014.png,1,image_0001253,train
image_0001253_crop_0000015.png,1,image_0001253,train
image_0001253_crop_0000016.png,1,image_0001253,train
image_0001253_crop_0000017.png,1,image_0001253,train
image_0001253_crop_0000018.png,1,image_0001253,train
image_0001253_crop_0000019.png,1,image_0001253,train
image_0001254_crop_0000001.png,0,image_0001254,train
image_0001254_crop_0000002.png,0,image_0001254,train
image_0001254_crop_0000003.png,0,image_0001254,train
image_0001254_crop_0000007.png,0,image_0001254,train
image_0001254_crop_0000008.png,0,image_0001254,train
image_0001254_crop_0000009.png,0,image_0001254,train
image_0001254_crop_0000010.png,0,image_0001254,train
image_0001254_crop_0000011.png,0,image_0001254,train
image_0001255_crop_0000001.png,0,image_0001255,val
image_0001255_crop_0000004.png,1,image_0001255,val
image_0001255_crop_0000005.png,0,image_0001255,val
image_0001255_crop_0000006.png,0,image_0001255,val
image_0001257_crop_0000001.png,0,image_0001257,val
image_0001258_crop_0000001.png,0,image_0001258,val
image_0001258_crop_0000002.png,0,image_0001258,val
image_0001258_crop_0000003.png,0,image_0001258,val
image_0001258_crop_0000004.png,0,image_0001258,val
image_0001258_crop_0000005.png,0,image_0001258,val
image_0001258_crop_0000006.png,0,image_0001258,val
image_0001258_crop_0000007.png,0,image_0001258,val
image_0001258_crop_0000008.png,1,image_0001258,val
image_0001258_crop_0000009.png,1,image_0001258,val
image_0001258_crop_0000010.png,0,image_0001258,val
image_0001259_crop_0000001.png,0,image_0001259,train
image_0001259_crop_0000002.png,0,image_0001259,train
image_0001259_crop_0000003.png,0,image_0001259,train
image_0001259_crop_0000005.png,1,image_0001259,train
image_0001259_crop_0000006.png,1,image_0001259,train
image_0001260_crop_0000001.png,1,image_0001260,test
image_0001260_crop_0000002.png,1,image_0001260,test
image_0001260_crop_0000003.png,1,image_0001260,test
image_0001260_crop_0000006.png,1,image_0001260,test
image_0001260_crop_0000007.png,1,image_0001260,test
image_0001260_crop_0000008.png,1,image_0001260,test
image_0001260_crop_0000009.png,1,image_0001260,test
image_0001260_crop_0000010.png,1,image_0001260,test
image_0001260_crop_0000011.png,1,image_0001260,test
image_0001260_crop_0000012.png,0,image_0001260,test
image_0001260_crop_0000013.png,0,image_0001260,test
image_0001261_crop_0000005.png,1,image_0001261,train
image_0001261_crop_0000006.png,1,image_0001261,train
image_0001262_crop_0000001.png,0,image_0001262,train
image_0001262_crop_0000002.png,0,image_0001262,train
image_0001262_crop_0000003.png,0,image_0001262,train
image_0001262_crop_0000004.png,0,image_0001262,train
image_0001262_crop_0000005.png,0,image_0001262,train
image_0001262_crop_0000007.png,0,image_0001262,train
image_0001262_crop_0000008.png,0,image_0001262,train
image_0001262_crop_0000009.png,1,image_0001262,train
image_0001262_crop_0000010.png,1,image_0001262,train
image_0001265_crop_0000001.png,0,image_0001265,train
image_0001265_crop_0000002.png,0,image_0001265,train
image_0001265_crop_0000003.png,0,image_0001265,train
image_0001265_crop_0000004.png,1,image_0001265,train
image_0001265_crop_0000005.png,1,image_0001265,train
image_0001265_crop_0000006.png,1,image_0001265,train
image_0001265_crop_0000007.png,1,image_0001265,train
image_0001265_crop_0000008.png,1,image_0001265,train
image_0001265_crop_0000009.png,0,image_0001265,train
image_0001266_crop_0000001.png,0,image_0001266,val
image_0001266_crop_0000002.png,0,image_0001266,val
image_0001266_crop_0000003.png,0,image_0001266,val
image_0001266_crop_0000004.png,0,image_0001266,val
image_0001266_crop_0000005.png,0,image_0001266,val
image_0001266_crop_0000006.png,0,image_0001266,val
image_0001266_crop_0000007.png,0,image_0001266,val
image_0001266_crop_0000008.png,0,image_0001266,val
image_0001266_crop_0000009.png,0,image_0001266,val
image_0001266_crop_0000010.png,0,image_0001266,val
image_0001266_crop_0000011.png,0,image_0001266,val
image_0001266_crop_0000012.png,0,image_0001266,val
image_0001266_crop_0000013.png,0,image_0001266,val
image_0001266_crop_0000014.png,0,image_0001266,val
image_0001266_crop_0000015.png,0,image_0001266,val
image_0001266_crop_0000016.png,0,image_0001266,val
image_0001266_crop_0000017.png,0,image_0001266,val
image_0001266_crop_0000019.png,0,image_0001266,val
image_0001266_crop_0000020.png,0,image_0001266,val
image_0001266_crop_0000021.png,0,image_0001266,val
image_0001267_crop_0000002.png,0,image_0001267,test
image_0001268_crop_0000001.png,1,image_0001268,train
image_0001268_crop_0000002.png,1,image_0001268,train
image_0001268_crop_0000003.png,1,image_0001268,train
image_0001268_crop_0000004.png,1,image_0001268,train
image_0001268_crop_0000005.png,0,image_0001268,train
image_0001268_crop_0000006.png,0,image_0001268,train
image_0001269_crop_0000002.png,0,image_0001269,test
image_0001269_crop_0000003.png,0,image_0001269,test
image_0001269_crop_0000004.png,1,image_0001269,test
image_0001269_crop_0000009.png,0,image_0001269,test
image_0001269_crop_0000010.png,0,image_0001269,test
image_0001269_crop_0000019.png,0,image_0001269,test
image_0001270_crop_0000001.png,1,image_0001270,test
image_0001270_crop_0000002.png,1,image_0001270,test
image_0001270_crop_0000003.png,1,image_0001270,test
image_0001271_crop_0000002.png,0,image_0001271,train
image_0001271_crop_0000004.png,1,image_0001271,train
image_0001271_crop_0000009.png,1,image_0001271,train
image_0001273_crop_0000001.png,0,image_0001273,train
image_0001273_crop_0000002.png,0,image_0001273,train
image_0001273_crop_0000003.png,1,image_0001273,train
image_0001273_crop_0000005.png,0,image_0001273,train
image_0001273_crop_0000007.png,1,image_0001273,train
image_0001273_crop_0000009.png,1,image_0001273,train
image_0001274_crop_0000001.png,0,image_0001274,test
image_0001274_crop_0000003.png,1,image_0001274,test
image_0001275_crop_0000002.png,0,image_0001275,test
image_0001275_crop_0000003.png,0,image_0001275,test
image_0001275_crop_0000004.png,0,image_0001275,test
image_0001275_crop_0000005.png,0,image_0001275,test
image_0001275_crop_0000010.png,0,image_0001275,test
image_0001275_crop_0000011.png,0,image_0001275,test
image_0001275_crop_0000012.png,0,image_0001275,test
image_0001275_crop_0000013.png,0,image_0001275,test
image_0001276_crop_0000001.png,0,image_0001276,train
image_0001276_crop_0000002.png,0,image_0001276,train
image_0001277_crop_0000002.png,1,image_0001277,train
image_0001277_crop_0000003.png,1,image_0001277,train
image_0001277_crop_0000004.png,1,image_0001277,train
image_0001277_crop_0000005.png,1,image_0001277,train
image_0001277_crop_0000007.png,1,image_0001277,train
image_0001278_crop_0000001.png,1,image_0001278,train
image_0001278_crop_0000002.png,1,image_0001278,train
image_0001278_crop_0000003.png,1,image_0001278,train
image_0001278_crop_0000004.png,1,image_0001278,train
image_0001278_crop_0000005.png,1,image_0001278,train
image_0001279_crop_0000001.png,0,image_0001279,train
image_0001279_crop_0000002.png,0,image_0001279,train
image_0001279_crop_0000003.png,0,image_0001279,train
image_0001279_crop_0000004.png,0,image_0001279,train
image_0001279_crop_0000005.png,1,image_0001279,train
image_0001281_crop_0000002.png,0,image_0001281,train
image_0001281_crop_0000004.png,0,image_0001281,train
image_0001281_crop_0000005.png,1,image_0001281,train
image_0001281_crop_0000006.png,1,image_0001281,train
image_0001281_crop_0000007.png,1,image_0001281,train
image_0001283_crop_0000003.png,1,image_0001283,train
image_0001283_crop_0000004.png,1,image_0001283,train
image_0001283_crop_0000006.png,1,image_0001283,train
image_0001283_crop_0000007.png,1,image_0001283,train
image_0001283_crop_0000008.png,1,image_0001283,train
image_0001285_crop_0000001.png,0,image_0001285,test
image_0001285_crop_0000002.png,0,image_0001285,test
image_0001285_crop_0000003.png,1,image_0001285,test
image_0001285_crop_0000004.png,1,image_0001285,test
image_0001285_crop_0000005.png,1,image_0001285,test
image_0001285_crop_0000006.png,0,image_0001285,test
image_0001285_crop_0000007.png,1,image_0001285,test
image_0001285_crop_0000008.png,1,image_0001285,test
image_0001285_crop_0000009.png,1,image_0001285,test
image_0001289_crop_0000001.png,0,image_0001289,train
image_0001289_crop_0000010.png,1,image_0001289,train
image_0001289_crop_0000015.png,1,image_0001289,train
image_0001290_crop_0000001.png,1,image_0001290,test
image_0001290_crop_0000002.png,1,image_0001290,test
image_0001290_crop_0000003.png,1,image_0001290,test
image_0001290_crop_0000004.png,1,image_0001290,test
image_0001290_crop_0000005.png,1,image_0001290,test
image_0001290_crop_0000006.png,1,image_0001290,test
image_0001292_crop_0000002.png,0,image_0001292,val
image_0001292_crop_0000005.png,1,image_0001292,val
image_0001293_crop_0000001.png,0,image_0001293,train
image_0001293_crop_0000002.png,0,image_0001293,train
image_0001293_crop_0000003.png,0,image_0001293,train
image_0001293_crop_0000004.png,1,image_0001293,train
image_0001294_crop_0000002.png,0,image_0001294,train
image_0001294_crop_0000003.png,0,image_0001294,train
image_0001294_crop_0000004.png,0,image_0001294,train
image_0001294_crop_0000005.png,1,image_0001294,train
image_0001294_crop_0000006.png,0,image_0001294,train
image_0001294_crop_0000007.png,0,image_0001294,train
image_0001294_crop_0000008.png,0,image_0001294,train
image_0001294_crop_0000009.png,1,image_0001294,train
image_0001294_crop_0000010.png,1,image_0001294,train
image_0001294_crop_0000011.png,1,image_0001294,train
image_0001294_crop_0000012.png,1,image_0001294,train
image_0001295_crop_0000006.png,1,image_0001295,train
image_0001299_crop_0000001.png,0,image_0001299,train
image_0001299_crop_0000002.png,0,image_0001299,train
image_0001299_crop_0000003.png,0,image_0001299,train
image_0001299_crop_0000004.png,0,image_0001299,train
image_0001299_crop_0000005.png,0,image_0001299,train
image_0001299_crop_0000006.png,0,image_0001299,train
image_0001299_crop_0000009.png,0,image_0001299,train
image_0001299_crop_0000010.png,0,image_0001299,train
image_0001300_crop_0000001.png,1,image_0001300,train
image_0001300_crop_0000002.png,1,image_0001300,train
image_0001300_crop_0000003.png,1,image_0001300,train
image_0001301_crop_0000001.png,1,image_0001301,train
image_0001301_crop_0000002.png,1,image_0001301,train
image_0001301_crop_0000003.png,1,image_0001301,train
image_0001301_crop_0000004.png,1,image_0001301,train
image_0001301_crop_0000005.png,1,image_0001301,train
image_0001301_crop_0000006.png,1,image_0001301,train
image_0001301_crop_0000007.png,1,image_0001301,train
image_0001301_crop_0000008.png,1,image_0001301,train
image_0001301_crop_0000009.png,1,image_0001301,train
image_0001302_crop_0000001.png,0,image_0001302,val
image_0001302_crop_0000002.png,0,image_0001302,val
image_0001302_crop_0000003.png,1,image_0001302,val
image_0001302_crop_0000004.png,1,image_0001302,val
image_0001302_crop_0000005.png,1,image_0001302,val
image_0001302_crop_0000006.png,1,image_0001302,val
image_0001302_crop_0000007.png,1,image_0001302,val
image_0001302_crop_0000008.png,1,image_0001302,val
image_0001302_crop_0000009.png,1,image_0001302,val
image_0001302_crop_0000010.png,1,image_0001302,val
image_0001302_crop_0000011.png,1,image_0001302,val
image_0001302_crop_0000012.png,1,image_0001302,val
image_0001302_crop_0000013.png,1,image_0001302,val
image_0001302_crop_0000014.png,1,image_0001302,val
image_0001302_crop_0000015.png,1,image_0001302,val
image_0001304_crop_0000002.png,0,image_0001304,train
image_0001304_crop_0000003.png,0,image_0001304,train
image_0001304_crop_0000005.png,0,image_0001304,train
image_0001304_crop_0000006.png,0,image_0001304,train
image_0001306_crop_0000001.png,0,image_0001306,train
image_0001306_crop_0000002.png,0,image_0001306,train
image_0001308_crop_0000001.png,0,image_0001308,train
image_0001308_crop_0000002.png,0,image_0001308,train
image_0001308_crop_0000003.png,0,image_0001308,train
image_0001308_crop_0000004.png,0,image_0001308,train
image_0001308_crop_0000005.png,0,image_0001308,train
image_0001308_crop_0000006.png,1,image_0001308,train
image_0001308_crop_0000007.png,0,image_0001308,train
image_0001308_crop_0000008.png,1,image_0001308,train
image_0001308_crop_0000009.png,1,image_0001308,train
image_0001308_crop_0000010.png,1,image_0001308,train
image_0001310_crop_0000001.png,0,image_0001310,train
image_0001310_crop_0000003.png,0,image_0001310,train
image_0001310_crop_0000007.png,1,image_0001310,train
image_0001310_crop_0000008.png,1,image_0001310,train
image_0001310_crop_0000009.png,1,image_0001310,train
image_0001310_crop_0000010.png,1,image_0001310,train
image_0001310_crop_0000011.png,1,image_0001310,train
image_0001310_crop_0000012.png,0,image_0001310,train
image_0001310_crop_0000013.png,0,image_0001310,train
image_0001310_crop_0000014.png,1,image_0001310,train
image_0001313_crop_0000001.png,1,image_0001313,train
image_0001313_crop_0000002.png,1,image_0001313,train
image_0001313_crop_0000003.png,1,image_0001313,train
image_0001313_crop_0000004.png,1,image_0001313,train
image_0001314_crop_0000001.png,0,image_0001314,train
image_0001314_crop_0000002.png,0,image_0001314,train
image_0001314_crop_0000003.png,0,image_0001314,train
image_0001314_crop_0000004.png,0,image_0001314,train
image_0001314_crop_0000005.png,0,image_0001314,train
image_0001314_crop_0000006.png,0,image_0001314,train
image_0001314_crop_0000007.png,0,image_0001314,train
image_0001314_crop_0000008.png,0,image_0001314,train
image_0001314_crop_0000010.png,0,image_0001314,train
image_0001314_crop_0000012.png,1,image_0001314,train
image_0001314_crop_0000013.png,1,image_0001314,train
image_0001314_crop_0000014.png,1,image_0001314,train
image_0001314_crop_0000015.png,1,image_0001314,train
image_0001316_crop_0000001.png,0,image_0001316,test
image_0001316_crop_0000003.png,1,image_0001316,test
image_0001316_crop_0000004.png,1,image_0001316,test
image_0001316_crop_0000007.png,1,image_0001316,test
image_0001316_crop_0000008.png,0,image_0001316,test
image_0001316_crop_0000009.png,0,image_0001316,test
image_0001318_crop_0000002.png,0,image_0001318,train
image_0001318_crop_0000003.png,0,image_0001318,train
image_0001318_crop_0000004.png,0,image_0001318,train
image_0001318_crop_0000005.png,0,image_0001318,train
image_0001318_crop_0000006.png,0,image_0001318,train
image_0001318_crop_0000007.png,0,image_0001318,train
image_0001318_crop_0000008.png,0,image_0001318,train
image_0001320_crop_0000001.png,0,image_0001320,test
image_0001321_crop_0000001.png,1,image_0001321,train
image_0001321_crop_0000002.png,1,image_0001321,train
image_0001321_crop_0000003.png,1,image_0001321,train
image_0001321_crop_0000004.png,1,image_0001321,train
image_0001321_crop_0000005.png,1,image_0001321,train
image_0001321_crop_0000006.png,1,image_0001321,train
image_0001321_crop_0000007.png,1,image_0001321,train
image_0001321_crop_0000008.png,1,image_0001321,train
image_0001321_crop_0000009.png,1,image_0001321,train
image_0001321_crop_0000010.png,1,image_0001321,train
image_0001321_crop_0000011.png,1,image_0001321,train
image_0001321_crop_0000012.png,1,image_0001321,train
image_0001321_crop_0000013.png,1,image_0001321,train
image_0001321_crop_0000014.png,1,image_0001321,train
image_0001321_crop_0000015.png,1,image_0001321,train
image_0001321_crop_0000016.png,1,image_0001321,train
image_0001321_crop_0000017.png,1,image_0001321,train
image_0001321_crop_0000018.png,1,image_0001321,train
image_0001321_crop_0000020.png,1,image_0001321,train
image_0001321_crop_0000021.png,1,image_0001321,train
image_0001322_crop_0000001.png,0,image_0001322,train
image_0001322_crop_0000002.png,0,image_0001322,train
image_0001322_crop_0000003.png,0,image_0001322,train
image_0001322_crop_0000005.png,1,image_0001322,train
image_0001322_crop_0000006.png,1,image_0001322,train
image_0001322_crop_0000009.png,1,image_0001322,train
image_0001323_crop_0000001.png,0,image_0001323,train
image_0001324_crop_0000001.png,1,image_0001324,test
image_0001324_crop_0000002.png,1,image_0001324,test
image_0001324_crop_0000003.png,1,image_0001324,test
image_0001324_crop_0000004.png,1,image_0001324,test
image_0001324_crop_0000005.png,1,image_0001324,test
image_0001324_crop_0000006.png,0,image_0001324,test
image_0001324_crop_0000007.png,0,image_0001324,test
image_0001325_crop_0000003.png,1,image_0001325,train
image_0001325_crop_0000004.png,1,image_0001325,train
image_0001325_crop_0000005.png,1,image_0001325,train
image_0001325_crop_0000006.png,1,image_0001325,train
image_0001326_crop_0000002.png,1,image_0001326,train
image_0001327_crop_0000001.png,0,image_0001327,train
image_0001327_crop_0000002.png,0,image_0001327,train
image_0001327_crop_0000003.png,0,image_0001327,train
image_0001327_crop_0000004.png,0,image_0001327,train
image_0001327_crop_0000005.png,0,image_0001327,train
image_0001327_crop_0000006.png,0,image_0001327,train
image_0001327_crop_0000007.png,0,image_0001327,train
image_0001327_crop_0000008.png,0,image_0001327,train
image_0001327_crop_0000010.png,0,image_0001327,train
image_0001327_crop_0000011.png,0,image_0001327,train
image_0001327_crop_0000012.png,0,image_0001327,train
image_0001328_crop_0000001.png,0,image_0001328,train
image_0001328_crop_0000002.png,0,image_0001328,train
image_0001328_crop_0000003.png,0,image_0001328,train
image_0001328_crop_0000004.png,1,image_0001328,train
image_0001328_crop_0000005.png,1,image_0001328,train
image_0001328_crop_0000006.png,1,image_0001328,train
image_0001328_crop_0000007.png,1,image_0001328,train
image_0001328_crop_0000008.png,1,image_0001328,train
image_0001329_crop_0000001.png,1,image_0001329,train
image_0001329_crop_0000002.png,1,image_0001329,train
image_0001329_crop_0000003.png,1,image_0001329,train
image_0001329_crop_0000004.png,1,image_0001329,train
image_0001329_crop_0000005.png,1,image_0001329,train
image_0001329_crop_0000006.png,1,image_0001329,train
image_0001329_crop_0000007.png,1,image_0001329,train
image_0001330_crop_0000001.png,1,image_0001330,val
image_0001330_crop_0000002.png,1,image_0001330,val
image_0001330_crop_0000003.png,1,image_0001330,val
image_0001330_crop_0000004.png,0,image_0001330,val
image_0001330_crop_0000005.png,1,image_0001330,val
image_0001330_crop_0000006.png,1,image_0001330,val
image_0001330_crop_0000007.png,1,image_0001330,val
image_0001331_crop_0000001.png,0,image_0001331,train
image_0001331_crop_0000002.png,0,image_0001331,train
image_0001331_crop_0000003.png,1,image_0001331,train
image_0001331_crop_0000004.png,1,image_0001331,train
image_0001331_crop_0000005.png,1,image_0001331,train
image_0001331_crop_0000007.png,1,image_0001331,train
image_0001331_crop_0000009.png,1,image_0001331,train
image_0001332_crop_0000001.png,0,image_0001332,test
image_0001332_crop_0000003.png,1,image_0001332,test
image_0001332_crop_0000005.png,1,image_0001332,test
image_0001332_crop_0000006.png,1,image_0001332,test
image_0001333_crop_0000001.png,1,image_0001333,train
image_0001333_crop_0000002.png,1,image_0001333,train
image_0001333_crop_0000003.png,1,image_0001333,train
image_0001335_crop_0000003.png,1,image_0001335,train
image_0001337_crop_0000001.png,1,image_0001337,train
image_0001338_crop_0000001.png,0,image_0001338,test
image_0001338_crop_0000002.png,0,image_0001338,test
image_0001338_crop_0000003.png,0,image_0001338,test
image_0001338_crop_0000004.png,0,image_0001338,test
image_0001338_crop_0000005.png,0,image_0001338,test
image_0001338_crop_0000006.png,1,image_0001338,test
image_0001338_crop_0000008.png,1,image_0001338,test
image_0001338_crop_0000010.png,1,image_0001338,test
image_0001340_crop_0000002.png,1,image_0001340,train
image_0001340_crop_0000003.png,1,image_0001340,train
image_0001340_crop_0000004.png,1,image_0001340,train
image_0001340_crop_0000005.png,1,image_0001340,train
image_0001341_crop_0000001.png,1,image_0001341,train
image_0001341_crop_0000002.png,1,image_0001341,train
image_0001341_crop_0000003.png,1,image_0001341,train
image_0001341_crop_0000006.png,1,image_0001341,train
image_0001341_crop_0000007.png,1,image_0001341,train
image_0001341_crop_0000008.png,1,image_0001341,train
image_0001341_crop_0000009.png,1,image_0001341,train
image_0001342_crop_0000001.png,0,image_0001342,train
image_0001344_crop_0000001.png,1,image_0001344,train
image_0001344_crop_0000002.png,1,image_0001344,train
image_0001344_crop_0000003.png,0,image_0001344,train
image_0001344_crop_0000004.png,1,image_0001344,train
image_0001344_crop_0000005.png,0,image_0001344,train
image_0001344_crop_0000006.png,1,image_0001344,train
image_0001344_crop_0000007.png,0,image_0001344,train
image_0001344_crop_0000008.png,0,image_0001344,train
image_0001345_crop_0000001.png,0,image_0001345,val
image_0001345_crop_0000003.png,0,image_0001345,val
image_0001345_crop_0000005.png,1,image_0001345,val
image_0001345_crop_0000006.png,1,image_0001345,val
image_0001346_crop_0000001.png,1,image_0001346,train
image_0001346_crop_0000002.png,1,image_0001346,train
image_0001346_crop_0000003.png,1,image_0001346,train
image_0001346_crop_0000005.png,1,image_0001346,train
image_0001346_crop_0000006.png,0,image_0001346,train
image_0001346_crop_0000007.png,1,image_0001346,train
image_0001346_crop_0000008.png,0,image_0001346,train
image_0001347_crop_0000002.png,0,image_0001347,val
image_0001347_crop_0000004.png,1,image_0001347,val
image_0001347_crop_0000005.png,1,image_0001347,val
image_0001347_crop_0000006.png,1,image_0001347,val
image_0001347_crop_0000007.png,1,image_0001347,val
image_0001347_crop_0000008.png,1,image_0001347,val
image_0001348_crop_0000007.png,1,image_0001348,train
image_0001348_crop_0000008.png,0,image_0001348,train
image_0001348_crop_0000010.png,0,image_0001348,train
image_0001348_crop_0000013.png,1,image_0001348,train
image_0001352_crop_0000001.png,1,image_0001352,train
image_0001352_crop_0000002.png,1,image_0001352,train
image_0001352_crop_0000003.png,1,image_0001352,train
image_0001352_crop_0000004.png,1,image_0001352,train
image_0001352_crop_0000005.png,0,image_0001352,train
image_0001352_crop_0000006.png,0,image_0001352,train
image_0001352_crop_0000007.png,0,image_0001352,train
image_0001352_crop_0000008.png,0,image_0001352,train
image_0001352_crop_0000009.png,0,image_0001352,train
image_0001352_crop_0000010.png,0,image_0001352,train
image_0001352_crop_0000011.png,0,image_0001352,train
image_0001352_crop_0000012.png,0,image_0001352,train
image_0001352_crop_0000013.png,0,image_0001352,train
image_0001352_crop_0000015.png,0,image_0001352,train
image_0001352_crop_0000016.png,1,image_0001352,train
image_0001352_crop_0000017.png,1,image_0001352,train
image_0001354_crop_0000001.png,1,image_0001354,train
image_0001354_crop_0000004.png,1,image_0001354,train
image_0001354_crop_0000005.png,0,image_0001354,train
image_0001355_crop_0000002.png,1,image_0001355,val
image_0001355_crop_0000003.png,1,image_0001355,val
image_0001355_crop_0000004.png,1,image_0001355,val
image_0001356_crop_0000001.png,1,image_0001356,train
image_0001356_crop_0000002.png,0,image_0001356,train
image_0001357_crop_0000001.png,0,image_0001357,train
image_0001357_crop_0000002.png,0,image_0001357,train
image_0001357_crop_0000003.png,1,image_0001357,train
image_0001358_crop_0000001.png,1,image_0001358,train
image_0001358_crop_0000002.png,1,image_0001358,train
image_0001358_crop_0000003.png,1,image_0001358,train
image_0001358_crop_0000004.png,1,image_0001358,train
image_0001358_crop_0000005.png,1,image_0001358,train
image_0001358_crop_0000006.png,1,image_0001358,train
image_0001358_crop_0000007.png,1,image_0001358,train
image_0001358_crop_0000008.png,1,image_0001358,train
image_0001362_crop_0000002.png,1,image_0001362,test
image_0001362_crop_0000003.png,1,image_0001362,test
image_0001362_crop_0000004.png,1,image_0001362,test
image_0001364_crop_0000001.png,1,image_0001364,test
image_0001364_crop_0000002.png,0,image_0001364,test
image_0001365_crop_0000002.png,0,image_0001365,train
image_0001366_crop_0000001.png,0,image_0001366,train
image_0001366_crop_0000003.png,0,image_0001366,train
image_0001366_crop_0000004.png,1,image_0001366,train
image_0001366_crop_0000005.png,1,image_0001366,train
image_0001366_crop_0000006.png,1,image_0001366,train
image_0001366_crop_0000007.png,1,image_0001366,train
image_0001366_crop_0000008.png,1,image_0001366,train
image_0001366_crop_0000009.png,1,image_0001366,train
image_0001366_crop_0000010.png,1,image_0001366,train
image_0001366_crop_0000011.png,0,image_0001366,train
image_0001367_crop_0000001.png,1,image_0001367,train
image_0001367_crop_0000002.png,1,image_0001367,train
image_0001367_crop_0000003.png,1,image_0001367,train
image_0001367_crop_0000004.png,1,image_0001367,train
image_0001368_crop_0000001.png,1,image_0001368,train
image_0001368_crop_0000002.png,1,image_0001368,train
image_0001368_crop_0000003.png,1,image_0001368,train
image_0001368_crop_0000004.png,1,image_0001368,train
image_0001368_crop_0000005.png,1,image_0001368,train
image_0001368_crop_0000006.png,1,image_0001368,train
image_0001368_crop_0000007.png,1,image_0001368,train
image_0001368_crop_0000008.png,1,image_0001368,train
image_0001369_crop_0000001.png,0,image_0001369,test
image_0001369_crop_0000002.png,0,image_0001369,test
image_0001369_crop_0000003.png,0,image_0001369,test
image_0001369_crop_0000004.png,0,image_0001369,test
image_0001369_crop_0000005.png,0,image_0001369,test
image_0001369_crop_0000006.png,0,image_0001369,test
image_0001370_crop_0000014.png,0,image_0001370,train
image_0001370_crop_0000016.png,1,image_0001370,train
image_0001370_crop_0000017.png,1,image_0001370,train
image_0001370_crop_0000018.png,1,image_0001370,train
image_0001370_crop_0000019.png,1,image_0001370,train
image_0001370_crop_0000020.png,1,image_0001370,train
image_0001370_crop_0000021.png,1,image_0001370,train
image_0001371_crop_0000001.png,1,image_0001371,train
image_0001371_crop_0000002.png,1,image_0001371,train
image_0001371_crop_0000003.png,1,image_0001371,train
image_0001371_crop_0000004.png,1,image_0001371,train
image_0001371_crop_0000005.png,1,image_0001371,train
image_0001371_crop_0000006.png,1,image_0001371,train
image_0001372_crop_0000003.png,1,image_0001372,train
image_0001372_crop_0000004.png,1,image_0001372,train
image_0001372_crop_0000005.png,1,image_0001372,train
image_0001372_crop_0000006.png,1,image_0001372,train
image_0001372_crop_0000007.png,1,image_0001372,train
image_0001372_crop_0000008.png,1,image_0001372,train
image_0001372_crop_0000009.png,1,image_0001372,train
image_0001373_crop_0000001.png,0,image_0001373,test
image_0001373_crop_0000002.png,1,image_0001373,test
image_0001373_crop_0000003.png,1,image_0001373,test
image_0001373_crop_0000004.png,1,image_0001373,test
image_0001373_crop_0000005.png,1,image_0001373,test
image_0001373_crop_0000006.png,1,image_0001373,test
image_0001373_crop_0000007.png,1,image_0001373,test
image_0001373_crop_0000008.png,1,image_0001373,test
image_0001373_crop_0000009.png,1,image_0001373,test
image_0001373_crop_0000010.png,1,image_0001373,test
image_0001373_crop_0000011.png,1,image_0001373,test
image_0001373_crop_0000012.png,1,image_0001373,test
image_0001373_crop_0000013.png,1,image_0001373,test
image_0001373_crop_0000014.png,1,image_0001373,test
image_0001373_crop_0000015.png,0,image_0001373,test
image_0001374_crop_0000001.png,1,image_0001374,test
image_0001374_crop_0000002.png,1,image_0001374,test
image_0001374_crop_0000003.png,1,image_0001374,test
image_0001374_crop_0000004.png,1,image_0001374,test
image_0001374_crop_0000005.png,0,image_0001374,test
image_0001374_crop_0000006.png,0,image_0001374,test
image_0001374_crop_0000007.png,0,image_0001374,test
image_0001374_crop_0000008.png,0,image_0001374,test
image_0001375_crop_0000001.png,0,image_0001375,val
image_0001375_crop_0000005.png,1,image_0001375,val
image_0001375_crop_0000009.png,0,image_0001375,val
image_0001376_crop_0000001.png,1,image_0001376,train
image_0001377_crop_0000001.png,0,image_0001377,train
image_0001377_crop_0000002.png,0,image_0001377,train
image_0001377_crop_0000003.png,0,image_0001377,train
image_0001377_crop_0000004.png,1,image_0001377,train
image_0001377_crop_0000005.png,1,image_0001377,train
image_0001377_crop_0000006.png,1,image_0001377,train
image_0001377_crop_0000007.png,1,image_0001377,train
image_0001377_crop_0000008.png,1,image_0001377,train
image_0001378_crop_0000001.png,1,image_0001378,train
image_0001379_crop_0000001.png,0,image_0001379,train
image_0001379_crop_0000002.png,1,image_0001379,train
image_0001379_crop_0000003.png,1,image_0001379,train
image_0001379_crop_0000004.png,1,image_0001379,train
image_0001379_crop_0000005.png,1,image_0001379,train
image_0001380_crop_0000001.png,1,image_0001380,train
image_0001380_crop_0000002.png,1,image_0001380,train
image_0001380_crop_0000003.png,1,image_0001380,train
image_0001380_crop_0000004.png,1,image_0001380,train
image_0001380_crop_0000006.png,1,image_0001380,train
image_0001381_crop_0000002.png,0,image_0001381,train
image_0001382_crop_0000002.png,1,image_0001382,train
image_0001382_crop_0000003.png,1,image_0001382,train
image_0001382_crop_0000004.png,1,image_0001382,train
image_0001382_crop_0000005.png,1,image_0001382,train
image_0001382_crop_0000006.png,1,image_0001382,train
image_0001382_crop_0000007.png,1,image_0001382,train
image_0001382_crop_0000008.png,1,image_0001382,train
image_0001382_crop_0000009.png,1,image_0001382,train
image_0001382_crop_0000010.png,1,image_0001382,train
image_0001382_crop_0000011.png,1,image_0001382,train
image_0001382_crop_0000012.png,1,image_0001382,train
image_0001382_crop_0000013.png,0,image_0001382,train
image_0001384_crop_0000001.png,0,image_0001384,train
image_0001384_crop_0000004.png,1,image_0001384,train
image_0001384_crop_0000007.png,0,image_0001384,train
image_0001384_crop_0000008.png,0,image_0001384,train
image_0001384_crop_0000014.png,0,image_0001384,train
image_0001384_crop_0000015.png,1,image_0001384,train
image_0001386_crop_0000001.png,1,image_0001386,train
image_0001386_crop_0000002.png,1,image_0001386,train
image_0001386_crop_0000003.png,0,image_0001386,train
image_0001386_crop_0000004.png,1,image_0001386,train
image_0001386_crop_0000005.png,1,image_0001386,train
image_0001386_crop_0000009.png,0,image_0001386,train
image_0001386_crop_0000010.png,0,image_0001386,train
image_0001386_crop_0000011.png,1,image_0001386,train
image_0001386_crop_0000012.png,1,image_0001386,train
image_0001386_crop_0000013.png,1,image_0001386,train
image_0001386_crop_0000014.png,1,image_0001386,train
image_0001386_crop_0000015.png,1,image_0001386,train
image_0001386_crop_0000016.png,1,image_0001386,train
image_0001386_crop_0000017.png,1,image_0001386,train
image_0001386_crop_0000018.png,1,image_0001386,train
image_0001386_crop_0000019.png,1,image_0001386,train
image_0001387_crop_0000001.png,0,image_0001387,test
image_0001387_crop_0000002.png,0,image_0001387,test
image_0001387_crop_0000003.png,0,image_0001387,test
image_0001388_crop_0000001.png,0,image_0001388,train
image_0001388_crop_0000002.png,0,image_0001388,train
image_0001388_crop_0000003.png,0,image_0001388,train
image_0001388_crop_0000004.png,0,image_0001388,train
image_0001388_crop_0000005.png,0,image_0001388,train
image_0001388_crop_0000006.png,0,image_0001388,train
image_0001388_crop_0000007.png,0,image_0001388,train
image_0001388_crop_0000008.png,0,image_0001388,train
image_0001388_crop_0000009.png,0,image_0001388,train
image_0001388_crop_0000011.png,0,image_0001388,train
image_0001388_crop_0000012.png,0,image_0001388,train
image_0001389_crop_0000001.png,1,image_0001389,test
image_0001389_crop_0000002.png,1,image_0001389,test
image_0001389_crop_0000003.png,1,image_0001389,test
image_0001389_crop_0000004.png,1,image_0001389,test
image_0001389_crop_0000005.png,1,image_0001389,test
image_0001389_crop_0000006.png,1,image_0001389,test
image_0001389_crop_0000007.png,1,image_0001389,test
image_0001389_crop_0000008.png,0,image_0001389,test
image_0001389_crop_0000009.png,0,image_0001389,test
image_0001389_crop_0000011.png,1,image_0001389,test
image_0001389_crop_0000012.png,1,image_0001389,test
image_0001390_crop_0000001.png,1,image_0001390,train
image_0001391_crop_0000001.png,1,image_0001391,test
image_0001391_crop_0000002.png,0,image_0001391,test
image_0001392_crop_0000001.png,0,image_0001392,train
image_0001392_crop_0000002.png,0,image_0001392,train
image_0001392_crop_0000007.png,1,image_0001392,train
image_0001392_crop_0000008.png,1,image_0001392,train
image_0001393_crop_0000001.png,1,image_0001393,train
image_0001394_crop_0000001.png,0,image_0001394,train
image_0001394_crop_0000002.png,0,image_0001394,train
image_0001394_crop_0000003.png,0,image_0001394,train
image_0001394_crop_0000004.png,0,image_0001394,train
image_0001394_crop_0000007.png,1,image_0001394,train
image_0001395_crop_0000001.png,1,image_0001395,train
image_0001395_crop_0000002.png,1,image_0001395,train
image_0001395_crop_0000003.png,1,image_0001395,train
image_0001395_crop_0000004.png,0,image_0001395,train
image_0001395_crop_0000005.png,1,image_0001395,train
image_0001395_crop_0000007.png,0,image_0001395,train
image_0001395_crop_0000008.png,1,image_0001395,train
image_0001395_crop_0000009.png,1,image_0001395,train
image_0001395_crop_0000010.png,1,image_0001395,train
image_0001395_crop_0000011.png,1,image_0001395,train
image_0001395_crop_0000012.png,1,image_0001395,train
image_0001395_crop_0000013.png,1,image_0001395,train
image_0001395_crop_0000014.png,1,image_0001395,train
image_0001395_crop_0000015.png,0,image_0001395,train
image_0001395_crop_0000016.png,1,image_0001395,train
image_0001395_crop_0000017.png,1,image_0001395,train
image_0001396_crop_0000002.png,1,image_0001396,train
image_0001396_crop_0000003.png,1,image_0001396,train
image_0001396_crop_0000006.png,1,image_0001396,train
image_0001396_crop_0000007.png,1,image_0001396,train
image_0001396_crop_0000008.png,0,image_0001396,train
image_0001398_crop_0000001.png,1,image_0001398,train
image_0001398_crop_0000002.png,1,image_0001398,train
image_0001398_crop_0000003.png,1,image_0001398,train
image_0001398_crop_0000004.png,1,image_0001398,train
image_0001398_crop_0000005.png,1,image_0001398,train
image_0001398_crop_0000006.png,1,image_0001398,train
image_0001398_crop_0000007.png,1,image_0001398,train
image_0001398_crop_0000008.png,1,image_0001398,train
image_0001398_crop_0000009.png,1,image_0001398,train
image_0001400_crop_0000001.png,1,image_0001400,train
image_0001401_crop_0000001.png,0,image_0001401,val
image_0001401_crop_0000002.png,1,image_0001401,val
image_0001401_crop_0000005.png,1,image_0001401,val
image_0001402_crop_0000002.png,0,image_0001402,train
image_0001402_crop_0000003.png,0,image_0001402,train
image_0001402_crop_0000004.png,0,image_0001402,train
image_0001402_crop_0000005.png,1,image_0001402,train
image_0001402_crop_0000007.png,0,image_0001402,train
image_0001403_crop_0000001.png,1,image_0001403,val
image_0001403_crop_0000002.png,1,image_0001403,val
image_0001403_crop_0000003.png,1,image_0001403,val
image_0001403_crop_0000004.png,1,image_0001403,val
image_0001403_crop_0000005.png,1,image_0001403,val
image_0001403_crop_0000010.png,0,image_0001403,val
image_0001403_crop_0000011.png,1,image_0001403,val
image_0001404_crop_0000001.png,0,image_0001404,val
image_0001404_crop_0000002.png,0,image_0001404,val
image_0001404_crop_0000003.png,0,image_0001404,val
image_0001405_crop_0000001.png,0,image_0001405,test
image_0001405_crop_0000002.png,1,image_0001405,test
image_0001405_crop_0000003.png,1,image_0001405,test
image_0001405_crop_0000004.png,1,image_0001405,test
image_0001406_crop_0000001.png,1,image_0001406,train
image_0001406_crop_0000002.png,1,image_0001406,train
image_0001406_crop_0000003.png,0,image_0001406,train
image_0001407_crop_0000001.png,1,image_0001407,train
image_0001407_crop_0000003.png,1,image_0001407,train
image_0001407_crop_0000004.png,1,image_0001407,train
image_0001407_crop_0000005.png,1,image_0001407,train
image_0001407_crop_0000007.png,1,image_0001407,train
image_0001408_crop_0000001.png,0,image_0001408,train
image_0001408_crop_0000002.png,1,image_0001408,train
image_0001408_crop_0000003.png,1,image_0001408,train
image_0001408_crop_0000004.png,1,image_0001408,train
image_0001408_crop_0000005.png,1,image_0001408,train
image_0001408_crop_0000006.png,1,image_0001408,train
image_0001408_crop_0000008.png,1,image_0001408,train
image_0001409_crop_0000001.png,0,image_0001409,train
image_0001409_crop_0000002.png,0,image_0001409,train
image_0001409_crop_0000003.png,0,image_0001409,train
image_0001409_crop_0000004.png,0,image_0001409,train
image_0001413_crop_0000001.png,0,image_0001413,train
image_0001413_crop_0000002.png,0,image_0001413,train
image_0001413_crop_0000003.png,1,image_0001413,train
image_0001413_crop_0000007.png,1,image_0001413,train
image_0001414_crop_0000001.png,0,image_0001414,test
image_0001415_crop_0000001.png,1,image_0001415,train
image_0001415_crop_0000002.png,1,image_0001415,train
image_0001415_crop_0000003.png,1,image_0001415,train
image_0001415_crop_0000004.png,1,image_0001415,train
image_0001415_crop_0000007.png,0,image_0001415,train
image_0001415_crop_0000009.png,0,image_0001415,train
image_0001416_crop_0000001.png,1,image_0001416,test
image_0001416_crop_0000002.png,1,image_0001416,test
image_0001419_crop_0000001.png,0,image_0001419,train
image_0001420_crop_0000001.png,0,image_0001420,train
image_0001420_crop_0000002.png,1,image_0001420,train
image_0001420_crop_0000003.png,1,image_0001420,train
image_0001421_crop_0000002.png,1,image_0001421,train
image_0001421_crop_0000003.png,1,image_0001421,train
image_0001421_crop_0000004.png,1,image_0001421,train
image_0001421_crop_0000005.png,1,image_0001421,train
image_0001421_crop_0000007.png,1,image_0001421,train
image_0001421_crop_0000009.png,1,image_0001421,train
image_0001421_crop_0000013.png,1,image_0001421,train
image_0001423_crop_0000001.png,0,image_0001423,train
image_0001423_crop_0000003.png,1,image_0001423,train
image_0001424_crop_0000001.png,1,image_0001424,train
image_0001424_crop_0000002.png,0,image_0001424,train
image_0001424_crop_0000007.png,1,image_0001424,train
image_0001424_crop_0000008.png,1,image_0001424,train
image_0001425_crop_0000001.png,1,image_0001425,train
image_0001425_crop_0000002.png,1,image_0001425,train
image_0001425_crop_0000005.png,0,image_0001425,train
image_0001425_crop_0000007.png,1,image_0001425,train
image_0001426_crop_0000001.png,1,image_0001426,val
image_0001426_crop_0000002.png,1,image_0001426,val
image_0001426_crop_0000003.png,1,image_0001426,val
image_0001427_crop_0000004.png,1,image_0001427,train
image_0001427_crop_0000005.png,1,image_0001427,train
image_0001427_crop_0000006.png,1,image_0001427,train
image_0001429_crop_0000001.png,0,image_0001429,test
image_0001429_crop_0000002.png,0,image_0001429,test
image_0001429_crop_0000003.png,1,image_0001429,test
image_0001429_crop_0000004.png,0,image_0001429,test
image_0001429_crop_0000005.png,1,image_0001429,test
image_0001429_crop_0000006.png,1,image_0001429,test
image_0001429_crop_0000007.png,1,image_0001429,test
image_0001429_crop_0000008.png,1,image_0001429,test
image_0001430_crop_0000001.png,0,image_0001430,train
image_0001430_crop_0000002.png,0,image_0001430,train
image_0001430_crop_0000004.png,0,image_0001430,train
image_0001432_crop_0000001.png,1,image_0001432,test
image_0001432_crop_0000002.png,1,image_0001432,test
image_0001432_crop_0000003.png,1,image_0001432,test
image_0001432_crop_0000004.png,1,image_0001432,test
image_0001432_crop_0000005.png,1,image_0001432,test
image_0001433_crop_0000001.png,0,image_0001433,train
image_0001433_crop_0000002.png,0,image_0001433,train
image_0001433_crop_0000003.png,0,image_0001433,train
image_0001433_crop_0000005.png,0,image_0001433,train
image_0001433_crop_0000006.png,0,image_0001433,train
image_0001433_crop_0000007.png,0,image_0001433,train
image_0001433_crop_0000008.png,0,image_0001433,train
image_0001433_crop_0000009.png,0,image_0001433,train
image_0001433_crop_0000013.png,1,image_0001433,train
image_0001434_crop_0000001.png,1,image_0001434,train
image_0001434_crop_0000002.png,1,image_0001434,train
image_0001434_crop_0000003.png,1,image_0001434,train
image_0001434_crop_0000004.png,1,image_0001434,train
image_0001434_crop_0000005.png,1,image_0001434,train
image_0001434_crop_0000006.png,1,image_0001434,train
image_0001434_crop_0000007.png,1,image_0001434,train
image_0001434_crop_0000008.png,0,image_0001434,train
image_0001434_crop_0000012.png,0,image_0001434,train
image_0001437_crop_0000001.png,1,image_0001437,val
image_0001437_crop_0000002.png,1,image_0001437,val
image_0001437_crop_0000003.png,1,image_0001437,val
image_0001438_crop_0000005.png,0,image_0001438,train
image_0001438_crop_0000006.png,1,image_0001438,train
image_0001438_crop_0000007.png,0,image_0001438,train
image_0001439_crop_0000001.png,0,image_0001439,train
image_0001439_crop_0000002.png,0,image_0001439,train
image_0001439_crop_0000003.png,0,image_0001439,train
image_0001439_crop_0000004.png,0,image_0001439,train
image_0001439_crop_0000005.png,0,image_0001439,train
image_0001439_crop_0000006.png,0,image_0001439,train
image_0001439_crop_0000007.png,0,image_0001439,train
image_0001439_crop_0000008.png,0,image_0001439,train
image_0001439_crop_0000009.png,0,image_0001439,train
image_0001439_crop_0000010.png,0,image_0001439,train
image_0001439_crop_0000011.png,0,image_0001439,train
image_0001439_crop_0000012.png,0,image_0001439,train
image_0001439_crop_0000013.png,0,image_0001439,train
image_0001440_crop_0000001.png,1,image_0001440,train
image_0001440_crop_0000002.png,1,image_0001440,train
image_0001440_crop_0000003.png,1,image_0001440,train
image_0001440_crop_0000004.png,1,image_0001440,train
image_0001440_crop_0000005.png,1,image_0001440,train
image_0001441_crop_0000001.png,1,image_0001441,train
image_0001443_crop_0000001.png,1,image_0001443,train
image_0001443_crop_0000002.png,1,image_0001443,train
image_0001443_crop_0000003.png,1,image_0001443,train
image_0001443_crop_0000004.png,1,image_0001443,train
image_0001443_crop_0000005.png,1,image_0001443,train
image_0001443_crop_0000006.png,1,image_0001443,train
image_0001443_crop_0000007.png,1,image_0001443,train
image_0001444_crop_0000001.png,1,image_0001444,train
image_0001444_crop_0000002.png,1,image_0001444,train
image_0001444_crop_0000003.png,1,image_0001444,train
image_0001444_crop_0000004.png,1,image_0001444,train
image_0001444_crop_0000007.png,0,image_0001444,train
image_0001445_crop_0000002.png,0,image_0001445,train
image_0001445_crop_0000003.png,0,image_0001445,train
image_0001445_crop_0000004.png,0,image_0001445,train
image_0001447_crop_0000001.png,1,image_0001447,test
image_0001447_crop_0000002.png,1,image_0001447,test
image_0001447_crop_0000003.png,1,image_0001447,test
image_0001447_crop_0000004.png,1,image_0001447,test
image_0001448_crop_0000002.png,0,image_0001448,train
image_0001448_crop_0000003.png,0,image_0001448,train
image_0001448_crop_0000004.png,0,image_0001448,train
image_0001448_crop_0000005.png,0,image_0001448,train
image_0001448_crop_0000006.png,1,image_0001448,train
image_0001449_crop_0000002.png,0,image_0001449,train
image_0001449_crop_0000003.png,0,image_0001449,train
image_0001449_crop_0000004.png,1,image_0001449,train
image_0001449_crop_0000005.png,1,image_0001449,train
image_0001450_crop_0000001.png,0,image_0001450,val
image_0001451_crop_0000001.png,0,image_0001451,train
image_0001451_crop_0000005.png,0,image_0001451,train
image_0001452_crop_0000001.png,1,image_0001452,train
image_0001452_crop_0000002.png,1,image_0001452,train
image_0001452_crop_0000003.png,1,image_0001452,train
image_0001452_crop_0000004.png,1,image_0001452,train
image_0001452_crop_0000005.png,1,image_0001452,train
image_0001452_crop_0000006.png,1,image_0001452,train
image_0001452_crop_0000007.png,1,image_0001452,train
image_0001452_crop_0000008.png,1,image_0001452,train
image_0001452_crop_0000009.png,1,image_0001452,train
image_0001452_crop_0000010.png,1,image_0001452,train
image_0001454_crop_0000002.png,1,image_0001454,test
image_0001454_crop_0000003.png,1,image_0001454,test
image_0001455_crop_0000001.png,0,image_0001455,train
image_0001455_crop_0000002.png,0,image_0001455,train
image_0001455_crop_0000004.png,1,image_0001455,train
image_0001455_crop_0000005.png,1,image_0001455,train
image_0001455_crop_0000008.png,1,image_0001455,train
image_0001456_crop_0000001.png,1,image_0001456,train
image_0001459_crop_0000001.png,0,image_0001459,train
image_0001459_crop_0000002.png,0,image_0001459,train
image_0001459_crop_0000003.png,0,image_0001459,train
image_0001459_crop_0000004.png,0,image_0001459,train
image_0001459_crop_0000005.png,0,image_0001459,train
image_0001459_crop_0000006.png,0,image_0001459,train
image_0001459_crop_0000007.png,0,image_0001459,train
image_0001459_crop_0000008.png,0,image_0001459,train
image_0001459_crop_0000009.png,0,image_0001459,train
image_0001459_crop_0000010.png,0,image_0001459,train
image_0001459_crop_0000011.png,0,image_0001459,train
image_0001459_crop_0000012.png,1,image_0001459,train
image_0001460_crop_0000002.png,0,image_0001460,test
image_0001460_crop_0000005.png,1,image_0001460,test
image_0001463_crop_0000003.png,1,image_0001463,train
image_0001463_crop_0000005.png,1,image_0001463,train
image_0001465_crop_0000002.png,1,image_0001465,train
image_0001466_crop_0000001.png,0,image_0001466,train
image_0001466_crop_0000002.png,0,image_0001466,train
image_0001466_crop_0000003.png,0,image_0001466,train
image_0001466_crop_0000004.png,0,image_0001466,train
image_0001467_crop_0000001.png,1,image_0001467,train
image_0001467_crop_0000002.png,1,image_0001467,train
image_0001467_crop_0000003.png,1,image_0001467,train
image_0001467_crop_0000004.png,1,image_0001467,train
image_0001467_crop_0000006.png,1,image_0001467,train
image_0001467_crop_0000007.png,1,image_0001467,train
image_0001467_crop_0000009.png,1,image_0001467,train
image_0001468_crop_0000001.png,1,image_0001468,train
image_0001469_crop_0000001.png,0,image_0001469,test
image_0001469_crop_0000002.png,0,image_0001469,test
image_0001469_crop_0000003.png,0,image_0001469,test
image_0001469_crop_0000004.png,0,image_0001469,test
image_0001469_crop_0000005.png,0,image_0001469,test
image_0001469_crop_0000006.png,1,image_0001469,test
image_0001469_crop_0000007.png,1,image_0001469,test
image_0001469_crop_0000008.png,1,image_0001469,test
image_0001469_crop_0000009.png,1,image_0001469,test
image_0001469_crop_0000010.png,1,image_0001469,test
image_0001469_crop_0000011.png,1,image_0001469,test
image_0001469_crop_0000012.png,1,image_0001469,test
image_0001469_crop_0000013.png,1,image_0001469,test
image_0001469_crop_0000014.png,1,image_0001469,test
image_0001470_crop_0000001.png,1,image_0001470,test
image_0001470_crop_0000002.png,1,image_0001470,test
image_0001470_crop_0000003.png,1,image_0001470,test
image_0001470_crop_0000004.png,1,image_0001470,test
image_0001470_crop_0000005.png,1,image_0001470,test
image_0001470_crop_0000006.png,1,image_0001470,test
image_0001470_crop_0000009.png,1,image_0001470,test
image_0001470_crop_0000010.png,1,image_0001470,test
image_0001471_crop_0000001.png,0,image_0001471,train
image_0001471_crop_0000002.png,0,image_0001471,train
image_0001471_crop_0000003.png,0,image_0001471,train
image_0001471_crop_0000004.png,0,image_0001471,train
image_0001471_crop_0000005.png,0,image_0001471,train
image_0001472_crop_0000001.png,0,image_0001472,train
image_0001472_crop_0000002.png,0,image_0001472,train
image_0001472_crop_0000004.png,0,image_0001472,train
image_0001472_crop_0000005.png,1,image_0001472,train
image_0001472_crop_0000009.png,0,image_0001472,train
image_0001473_crop_0000001.png,1,image_0001473,train
image_0001473_crop_0000003.png,1,image_0001473,train
image_0001473_crop_0000004.png,1,image_0001473,train
image_0001473_crop_0000005.png,1,image_0001473,train
image_0001473_crop_0000006.png,1,image_0001473,train
image_0001474_crop_0000002.png,1,image_0001474,train
image_0001475_crop_0000001.png,0,image_0001475,train
image_0001475_crop_0000002.png,0,image_0001475,train
image_0001475_crop_0000003.png,0,image_0001475,train
image_0001475_crop_0000004.png,1,image_0001475,train
image_0001475_crop_0000005.png,1,image_0001475,train
image_0001475_crop_0000006.png,1,image_0001475,train
image_0001475_crop_0000007.png,1,image_0001475,train
image_0001475_crop_0000008.png,1,image_0001475,train
image_0001475_crop_0000009.png,1,image_0001475,train
image_0001475_crop_0000010.png,1,image_0001475,train
image_0001475_crop_0000011.png,1,image_0001475,train
image_0001475_crop_0000012.png,1,image_0001475,train
image_0001475_crop_0000013.png,1,image_0001475,train
image_0001475_crop_0000014.png,1,image_0001475,train
image_0001475_crop_0000015.png,1,image_0001475,train
image_0001475_crop_0000016.png,1,image_0001475,train
image_0001475_crop_0000017.png,1,image_0001475,train
image_0001475_crop_0000018.png,1,image_0001475,train
image_0001476_crop_0000001.png,0,image_0001476,train
image_0001476_crop_0000003.png,1,image_0001476,train
image_0001476_crop_0000004.png,1,image_0001476,train
image_0001476_crop_0000005.png,1,image_0001476,train
image_0001476_crop_0000006.png,1,image_0001476,train
image_0001476_crop_0000007.png,1,image_0001476,train
image_0001477_crop_0000003.png,0,image_0001477,train
image_0001478_crop_0000001.png,1,image_0001478,train
image_0001478_crop_0000002.png,1,image_0001478,train
image_0001478_crop_0000003.png,1,image_0001478,train
image_0001478_crop_0000006.png,1,image_0001478,train
image_0001479_crop_0000001.png,1,image_0001479,train
image_0001479_crop_0000002.png,1,image_0001479,train
image_0001479_crop_0000003.png,1,image_0001479,train
image_0001479_crop_0000004.png,1,image_0001479,train
image_0001479_crop_0000005.png,1,image_0001479,train
image_0001479_crop_0000006.png,1,image_0001479,train
image_0001479_crop_0000007.png,1,image_0001479,train
image_0001479_crop_0000008.png,1,image_0001479,train
image_0001480_crop_0000001.png,1,image_0001480,train
image_0001480_crop_0000002.png,1,image_0001480,train
image_0001480_crop_0000003.png,1,image_0001480,train
image_0001480_crop_0000004.png,1,image_0001480,train
image_0001480_crop_0000006.png,1,image_0001480,train
image_0001480_crop_0000007.png,1,image_0001480,train
image_0001481_crop_0000001.png,1,image_0001481,train
image_0001481_crop_0000002.png,1,image_0001481,train
image_0001481_crop_0000003.png,1,image_0001481,train
image_0001481_crop_0000004.png,1,image_0001481,train
image_0001482_crop_0000001.png,0,image_0001482,train
image_0001482_crop_0000004.png,0,image_0001482,train
image_0001482_crop_0000005.png,0,image_0001482,train
image_0001484_crop_0000001.png,0,image_0001484,test
image_0001485_crop_0000001.png,0,image_0001485,train
image_0001485_crop_0000003.png,0,image_0001485,train
image_0001485_crop_0000005.png,1,image_0001485,train
image_0001485_crop_0000007.png,1,image_0001485,train
image_0001486_crop_0000001.png,1,image_0001486,train
image_0001486_crop_0000002.png,1,image_0001486,train
image_0001486_crop_0000003.png,1,image_0001486,train
image_0001487_crop_0000001.png,0,image_0001487,train
image_0001487_crop_0000002.png,0,image_0001487,train
image_0001487_crop_0000004.png,1,image_0001487,train
image_0001487_crop_0000005.png,1,image_0001487,train
image_0001487_crop_0000006.png,1,image_0001487,train
image_0001487_crop_0000008.png,1,image_0001487,train
image_0001488_crop_0000001.png,0,image_0001488,train
image_0001488_crop_0000005.png,0,image_0001488,train
image_0001488_crop_0000006.png,1,image_0001488,train
image_0001489_crop_0000001.png,0,image_0001489,val
image_0001489_crop_0000002.png,0,image_0001489,val
image_0001489_crop_0000003.png,0,image_0001489,val
image_0001490_crop_0000001.png,0,image_0001490,train
image_0001490_crop_0000002.png,1,image_0001490,train
image_0001490_crop_0000003.png,1,image_0001490,train
image_0001490_crop_0000004.png,1,image_0001490,train
image_0001490_crop_0000007.png,0,image_0001490,train
image_0001490_crop_0000008.png,0,image_0001490,train
image_0001491_crop_0000001.png,1,image_0001491,train
image_0001491_crop_0000002.png,0,image_0001491,train
image_0001491_crop_0000004.png,1,image_0001491,train
image_0001491_crop_0000005.png,1,image_0001491,train
image_0001491_crop_0000006.png,1,image_0001491,train
image_0001493_crop_0000001.png,0,image_0001493,train
image_0001494_crop_0000001.png,1,image_0001494,train
image_0001495_crop_0000002.png,0,image_0001495,train
image_0001495_crop_0000003.png,0,image_0001495,train
image_0001495_crop_0000004.png,0,image_0001495,train
image_0001495_crop_0000005.png,0,image_0001495,train
image_0001495_crop_0000006.png,0,image_0001495,train
image_0001495_crop_0000007.png,0,image_0001495,train
image_0001495_crop_0000009.png,1,image_0001495,train
image_0001495_crop_0000010.png,1,image_0001495,train
image_0001495_crop_0000011.png,0,image_0001495,train
image_0001496_crop_0000001.png,0,image_0001496,train
image_0001496_crop_0000002.png,0,image_0001496,train
image_0001496_crop_0000003.png,0,image_0001496,train
image_0001496_crop_0000005.png,0,image_0001496,train
image_0001496_crop_0000006.png,0,image_0001496,train
image_0001496_crop_0000007.png,0,image_0001496,train
image_0001496_crop_0000008.png,0,image_0001496,train
image_0001497_crop_0000002.png,0,image_0001497,train
image_0001497_crop_0000003.png,0,image_0001497,train
image_0001497_crop_0000004.png,0,image_0001497,train
image_0001497_crop_0000005.png,0,image_0001497,train
image_0001497_crop_0000006.png,0,image_0001497,train
image_0001497_crop_0000007.png,0,image_0001497,train
image_0001497_crop_0000008.png,1,image_0001497,train
image_0001497_crop_0000009.png,1,image_0001497,train
image_0001497_crop_0000010.png,0,image_0001497,train
image_0001497_crop_0000011.png,0,image_0001497,train
image_0001499_crop_0000001.png,1,image_0001499,train
image_0001499_crop_0000002.png,1,image_0001499,train
image_0001499_crop_0000003.png,1,image_0001499,train
image_0001501_crop_0000001.png,1,image_0001501,test
image_0001501_crop_0000002.png,1,image_0001501,test
image_0001501_crop_0000003.png,1,image_0001501,test
image_0001501_crop_0000004.png,1,image_0001501,test
image_0001501_crop_0000005.png,1,image_0001501,test
image_0001501_crop_0000006.png,1,image_0001501,test
image_0001501_crop_0000007.png,1,image_0001501,test
image_0001501_crop_0000008.png,1,image_0001501,test
image_0001503_crop_0000001.png,0,image_0001503,test
image_0001503_crop_0000002.png,0,image_0001503,test
image_0001503_crop_0000008.png,1,image_0001503,test
image_0001503_crop_0000009.png,1,image_0001503,test
image_0001504_crop_0000001.png,0,image_0001504,test
image_0001505_crop_0000001.png,1,image_0001505,train
image_0001505_crop_0000002.png,0,image_0001505,train
image_0001505_crop_0000003.png,1,image_0001505,train
image_0001505_crop_0000004.png,1,image_0001505,train
image_0001505_crop_0000005.png,1,image_0001505,train
image_0001506_crop_0000001.png,1,image_0001506,train
image_0001506_crop_0000003.png,1,image_0001506,train
image_0001506_crop_0000004.png,1,image_0001506,train
image_0001506_crop_0000005.png,1,image_0001506,train
image_0001506_crop_0000006.png,1,image_0001506,train
image_0001506_crop_0000008.png,1,image_0001506,train
image_0001506_crop_0000009.png,1,image_0001506,train
image_0001506_crop_0000010.png,1,image_0001506,train
image_0001506_crop_0000011.png,1,image_0001506,train
image_0001506_crop_0000012.png,1,image_0001506,train
image_0001506_crop_0000013.png,1,image_0001506,train
image_0001506_crop_0000014.png,1,image_0001506,train
image_0001506_crop_0000016.png,1,image_0001506,train
image_0001506_crop_0000017.png,1,image_0001506,train
image_0001507_crop_0000001.png,0,image_0001507,test
image_0001507_crop_0000002.png,1,image_0001507,test
image_0001507_crop_0000003.png,1,image_0001507,test
image_0001507_crop_0000004.png,1,image_0001507,test
image_0001507_crop_0000005.png,1,image_0001507,test
image_0001507_crop_0000006.png,1,image_0001507,test
image_0001507_crop_0000007.png,1,image_0001507,test
image_0001507_crop_0000008.png,1,image_0001507,test
image_0001507_crop_0000009.png,1,image_0001507,test
image_0001508_crop_0000001.png,1,image_0001508,train
image_0001508_crop_0000002.png,0,image_0001508,train
image_0001508_crop_0000003.png,0,image_0001508,train
image_0001508_crop_0000004.png,0,image_0001508,train
image_0001508_crop_0000005.png,0,image_0001508,train
image_0001508_crop_0000006.png,0,image_0001508,train
image_0001508_crop_0000007.png,1,image_0001508,train
image_0001508_crop_0000008.png,1,image_0001508,train
image_0001508_crop_0000009.png,1,image_0001508,train
image_0001508_crop_0000010.png,1,image_0001508,train
image_0001508_crop_0000011.png,1,image_0001508,train
image_0001508_crop_0000012.png,1,image_0001508,train
image_0001508_crop_0000013.png,1,image_0001508,train
image_0001508_crop_0000014.png,1,image_0001508,train
image_0001508_crop_0000015.png,1,image_0001508,train
image_0001510_crop_0000001.png,0,image_0001510,train
image_0001510_crop_0000002.png,1,image_0001510,train
image_0001510_crop_0000003.png,1,image_0001510,train
image_0001510_crop_0000004.png,1,image_0001510,train
image_0001510_crop_0000005.png,1,image_0001510,train
image_0001510_crop_0000006.png,1,image_0001510,train
image_0001510_crop_0000007.png,1,image_0001510,train
image_0001510_crop_0000008.png,1,image_0001510,train
image_0001510_crop_0000010.png,0,image_0001510,train
image_0001510_crop_0000011.png,1,image_0001510,train
image_0001510_crop_0000012.png,1,image_0001510,train
image_0001510_crop_0000013.png,1,image_0001510,train
image_0001514_crop_0000001.png,0,image_0001514,train
image_0001514_crop_0000002.png,0,image_0001514,train
image_0001514_crop_0000004.png,1,image_0001514,train
image_0001514_crop_0000005.png,1,image_0001514,train
image_0001514_crop_0000006.png,1,image_0001514,train
image_0001515_crop_0000001.png,0,image_0001515,val
image_0001515_crop_0000002.png,1,image_0001515,val
image_0001515_crop_0000003.png,1,image_0001515,val
image_0001515_crop_0000004.png,1,image_0001515,val
image_0001515_crop_0000005.png,1,image_0001515,val
image_0001515_crop_0000006.png,1,image_0001515,val
image_0001515_crop_0000007.png,1,image_0001515,val
image_0001515_crop_0000008.png,0,image_0001515,val
image_0001515_crop_0000009.png,0,image_0001515,val
image_0001515_crop_0000010.png,1,image_0001515,val
image_0001516_crop_0000002.png,1,image_0001516,train
image_0001517_crop_0000001.png,1,image_0001517,train
image_0001517_crop_0000002.png,1,image_0001517,train
image_0001517_crop_0000003.png,1,image_0001517,train
image_0001518_crop_0000001.png,0,image_0001518,val
image_0001518_crop_0000002.png,1,image_0001518,val
image_0001519_crop_0000001.png,1,image_0001519,test
image_0001519_crop_0000002.png,1,image_0001519,test
image_0001519_crop_0000003.png,1,image_0001519,test
image_0001519_crop_0000004.png,1,image_0001519,test
image_0001520_crop_0000002.png,1,image_0001520,test
image_0001520_crop_0000003.png,1,image_0001520,test
image_0001520_crop_0000004.png,1,image_0001520,test
image_0001520_crop_0000005.png,1,image_0001520,test
image_0001520_crop_0000006.png,1,image_0001520,test
image_0001520_crop_0000007.png,1,image_0001520,test
image_0001520_crop_0000008.png,1,image_0001520,test
image_0001520_crop_0000009.png,1,image_0001520,test
image_0001520_crop_0000010.png,1,image_0001520,test
image_0001520_crop_0000011.png,1,image_0001520,test
image_0001520_crop_0000012.png,0,image_0001520,test
image_0001520_crop_0000013.png,1,image_0001520,test
image_0001521_crop_0000001.png,1,image_0001521,test
image_0001521_crop_0000002.png,1,image_0001521,test
image_0001521_crop_0000003.png,1,image_0001521,test
image_0001521_crop_0000004.png,1,image_0001521,test
image_0001521_crop_0000005.png,0,image_0001521,test
image_0001521_crop_0000006.png,1,image_0001521,test
image_0001521_crop_0000007.png,1,image_0001521,test
image_0001521_crop_0000008.png,1,image_0001521,test
image_0001521_crop_0000009.png,1,image_0001521,test
image_0001521_crop_0000010.png,1,image_0001521,test
image_0001521_crop_0000011.png,0,image_0001521,test
image_0001521_crop_0000012.png,0,image_0001521,test
image_0001521_crop_0000013.png,0,image_0001521,test
image_0001521_crop_0000014.png,0,image_0001521,test
image_0001521_crop_0000017.png,1,image_0001521,test
image_0001522_crop_0000001.png,1,image_0001522,train
image_0001522_crop_0000002.png,1,image_0001522,train
image_0001523_crop_0000001.png,1,image_0001523,train
image_0001523_crop_0000002.png,1,image_0001523,train
image_0001524_crop_0000001.png,1,image_0001524,train
image_0001525_crop_0000005.png,0,image_0001525,val
image_0001525_crop_0000006.png,1,image_0001525,val
image_0001525_crop_0000007.png,1,image_0001525,val
image_0001525_crop_0000008.png,1,image_0001525,val
image_0001525_crop_0000009.png,1,image_0001525,val
image_0001525_crop_0000010.png,1,image_0001525,val
image_0001525_crop_0000011.png,1,image_0001525,val
image_0001525_crop_0000012.png,1,image_0001525,val
image_0001525_crop_0000013.png,1,image_0001525,val
image_0001525_crop_0000014.png,1,image_0001525,val
image_0001525_crop_0000015.png,1,image_0001525,val
image_0001525_crop_0000016.png,1,image_0001525,val
image_0001525_crop_0000017.png,1,image_0001525,val
image_0001525_crop_0000018.png,1,image_0001525,val
image_0001525_crop_0000019.png,1,image_0001525,val
image_0001526_crop_0000001.png,1,image_0001526,test
image_0001526_crop_0000002.png,1,image_0001526,test
image_0001526_crop_0000003.png,1,image_0001526,test
image_0001526_crop_0000005.png,0,image_0001526,test
image_0001526_crop_0000006.png,1,image_0001526,test
image_0001527_crop_0000001.png,1,image_0001527,train
image_0001527_crop_0000002.png,1,image_0001527,train
image_0001527_crop_0000003.png,1,image_0001527,train
image_0001527_crop_0000004.png,1,image_0001527,train
image_0001527_crop_0000006.png,1,image_0001527,train
image_0001528_crop_0000001.png,0,image_0001528,test
image_0001528_crop_0000002.png,0,image_0001528,test
image_0001528_crop_0000003.png,0,image_0001528,test
image_0001529_crop_0000001.png,0,image_0001529,train
image_0001529_crop_0000002.png,0,image_0001529,train
image_0001529_crop_0000003.png,1,image_0001529,train
image_0001530_crop_0000004.png,0,image_0001530,train
image_0001530_crop_0000005.png,0,image_0001530,train
image_0001530_crop_0000006.png,1,image_0001530,train
image_0001530_crop_0000007.png,1,image_0001530,train
image_0001530_crop_0000008.png,1,image_0001530,train
image_0001530_crop_0000010.png,1,image_0001530,train
image_0001531_crop_0000001.png,0,image_0001531,test
image_0001531_crop_0000002.png,0,image_0001531,test
image_0001532_crop_0000003.png,1,image_0001532,val
image_0001532_crop_0000004.png,1,image_0001532,val
image_0001533_crop_0000006.png,1,image_0001533,train
image_0001534_crop_0000002.png,0,image_0001534,train
image_0001534_crop_0000003.png,0,image_0001534,train
image_0001535_crop_0000001.png,1,image_0001535,train
image_0001535_crop_0000002.png,1,image_0001535,train
image_0001535_crop_0000003.png,1,image_0001535,train
image_0001535_crop_0000004.png,1,image_0001535,train
image_0001535_crop_0000005.png,1,image_0001535,train
image_0001535_crop_0000006.png,1,image_0001535,train
image_0001537_crop_0000001.png,1,image_0001537,train
image_0001537_crop_0000002.png,1,image_0001537,train
image_0001537_crop_0000003.png,1,image_0001537,train
image_0001537_crop_0000004.png,1,image_0001537,train
image_0001537_crop_0000005.png,1,image_0001537,train
image_0001537_crop_0000006.png,1,image_0001537,train
image_0001538_crop_0000001.png,0,image_0001538,test
image_0001538_crop_0000002.png,0,image_0001538,test
image_0001538_crop_0000004.png,0,image_0001538,test
image_0001538_crop_0000005.png,0,image_0001538,test
image_0001538_crop_0000006.png,0,image_0001538,test
image_0001538_crop_0000007.png,1,image_0001538,test
image_0001538_crop_0000008.png,1,image_0001538,test
image_0001538_crop_0000009.png,1,image_0001538,test
image_0001538_crop_0000011.png,1,image_0001538,test
image_0001539_crop_0000001.png,0,image_0001539,val
image_0001539_crop_0000002.png,0,image_0001539,val
image_0001539_crop_0000004.png,1,image_0001539,val
image_0001539_crop_0000005.png,1,image_0001539,val
image_0001539_crop_0000008.png,1,image_0001539,val
image_0001540_crop_0000001.png,1,image_0001540,test
image_0001541_crop_0000001.png,0,image_0001541,train
image_0001541_crop_0000002.png,0,image_0001541,train
image_0001542_crop_0000001.png,0,image_0001542,train
image_0001542_crop_0000002.png,0,image_0001542,train
image_0001542_crop_0000003.png,1,image_0001542,train
image_0001543_crop_0000001.png,0,image_0001543,train
image_0001543_crop_0000002.png,1,image_0001543,train
image_0001543_crop_0000003.png,1,image_0001543,train
image_0001543_crop_0000004.png,1,image_0001543,train
image_0001544_crop_0000001.png,1,image_0001544,train
image_0001544_crop_0000002.png,1,image_0001544,train
image_0001544_crop_0000003.png,1,image_0001544,train
image_0001546_crop_0000003.png,1,image_0001546,train
image_0001546_crop_0000004.png,1,image_0001546,train
image_0001546_crop_0000007.png,0,image_0001546,train
image_0001547_crop_0000001.png,0,image_0001547,train
image_0001547_crop_0000004.png,0,image_0001547,train
image_0001548_crop_0000009.png,0,image_0001548,train
image_0001548_crop_0000011.png,1,image_0001548,train
image_0001548_crop_0000012.png,1,image_0001548,train
image_0001548_crop_0000013.png,1,image_0001548,train
image_0001548_crop_0000014.png,0,image_0001548,train
image_0001548_crop_0000017.png,1,image_0001548,train
image_0001549_crop_0000006.png,1,image_0001549,val
image_0001550_crop_0000001.png,0,image_0001550,train
image_0001550_crop_0000006.png,1,image_0001550,train
image_0001550_crop_0000007.png,0,image_0001550,train
image_0001550_crop_0000008.png,0,image_0001550,train
image_0001550_crop_0000009.png,1,image_0001550,train
image_0001550_crop_0000010.png,1,image_0001550,train
image_0001552_crop_0000001.png,1,image_0001552,train
image_0001552_crop_0000002.png,1,image_0001552,train
image_0001552_crop_0000003.png,1,image_0001552,train
image_0001552_crop_0000004.png,1,image_0001552,train
image_0001552_crop_0000005.png,1,image_0001552,train
image_0001552_crop_0000006.png,1,image_0001552,train
image_0001553_crop_0000001.png,1,image_0001553,train
image_0001553_crop_0000002.png,1,image_0001553,train
image_0001553_crop_0000003.png,1,image_0001553,train
image_0001553_crop_0000004.png,1,image_0001553,train
image_0001555_crop_0000001.png,1,image_0001555,train
image_0001555_crop_0000002.png,1,image_0001555,train
image_0001555_crop_0000003.png,0,image_0001555,train
image_0001555_crop_0000004.png,0,image_0001555,train
image_0001555_crop_0000005.png,1,image_0001555,train
image_0001555_crop_0000006.png,1,image_0001555,train
image_0001555_crop_0000007.png,1,image_0001555,train
image_0001555_crop_0000008.png,1,image_0001555,train
image_0001555_crop_0000009.png,1,image_0001555,train
image_0001555_crop_0000010.png,1,image_0001555,train
image_0001555_crop_0000011.png,1,image_0001555,train
image_0001555_crop_0000012.png,1,image_0001555,train
image_0001555_crop_0000013.png,1,image_0001555,train
image_0001555_crop_0000015.png,1,image_0001555,train
image_0001555_crop_0000016.png,1,image_0001555,train
image_0001557_crop_0000001.png,0,image_0001557,train
image_0001557_crop_0000002.png,0,image_0001557,train
image_0001557_crop_0000003.png,0,image_0001557,train
image_0001557_crop_0000004.png,0,image_0001557,train
image_0001557_crop_0000005.png,0,image_0001557,train
image_0001557_crop_0000006.png,0,image_0001557,train
image_0001557_crop_0000007.png,0,image_0001557,train
image_0001557_crop_0000008.png,0,image_0001557,train
image_0001557_crop_0000009.png,0,image_0001557,train
image_0001557_crop_0000010.png,0,image_0001557,train
image_0001557_crop_0000011.png,0,image_0001557,train
image_0001557_crop_0000012.png,0,image_0001557,train
image_0001557_crop_0000013.png,0,image_0001557,train
image_0001557_crop_0000014.png,0,image_0001557,train
image_0001557_crop_0000015.png,0,image_0001557,train
image_0001557_crop_0000016.png,0,image_0001557,train
image_0001558_crop_0000001.png,0,image_0001558,train
image_0001558_crop_0000002.png,0,image_0001558,train
image_0001558_crop_0000003.png,0,image_0001558,train
image_0001558_crop_0000004.png,0,image_0001558,train
image_0001558_crop_0000005.png,0,image_0001558,train
image_0001558_crop_0000006.png,1,image_0001558,train
image_0001558_crop_0000007.png,1,image_0001558,train
image_0001558_crop_0000008.png,0,image_0001558,train
image_0001558_crop_0000009.png,0,image_0001558,train
image_0001558_crop_0000012.png,0,image_0001558,train
image_0001560_crop_0000001.png,0,image_0001560,train
image_0001560_crop_0000002.png,1,image_0001560,train
image_0001560_crop_0000003.png,1,image_0001560,train
image_0001560_crop_0000004.png,1,image_0001560,train
image_0001560_crop_0000005.png,1,image_0001560,train
image_0001561_crop_0000001.png,0,image_0001561,train
image_0001561_crop_0000002.png,0,image_0001561,train
image_0001561_crop_0000003.png,0,image_0001561,train
image_0001561_crop_0000004.png,0,image_0001561,train
image_0001561_crop_0000005.png,0,image_0001561,train
image_0001561_crop_0000006.png,1,image_0001561,train
image_0001561_crop_0000007.png,1,image_0001561,train
image_0001563_crop_0000002.png,1,image_0001563,train
image_0001564_crop_0000001.png,1,image_0001564,train
image_0001564_crop_0000002.png,1,image_0001564,train
image_0001564_crop_0000003.png,1,image_0001564,train
image_0001564_crop_0000004.png,1,image_0001564,train
image_0001564_crop_0000007.png,1,image_0001564,train
image_0001564_crop_0000008.png,1,image_0001564,train
image_0001564_crop_0000012.png,1,image_0001564,train
image_0001565_crop_0000001.png,0,image_0001565,train
image_0001566_crop_0000001.png,1,image_0001566,train
image_0001566_crop_0000002.png,1,image_0001566,train
image_0001566_crop_0000003.png,1,image_0001566,train
image_0001566_crop_0000004.png,1,image_0001566,train
image_0001566_crop_0000006.png,1,image_0001566,train
image_0001566_crop_0000007.png,1,image_0001566,train
image_0001566_crop_0000008.png,1,image_0001566,train
image_0001566_crop_0000009.png,1,image_0001566,train
image_0001566_crop_0000010.png,1,image_0001566,train
image_0001566_crop_0000012.png,1,image_0001566,train
image_0001566_crop_0000013.png,0,image_0001566,train
image_0001566_crop_0000014.png,0,image_0001566,train
image_0001566_crop_0000015.png,0,image_0001566,train
image_0001566_crop_0000016.png,0,image_0001566,train
image_0001566_crop_0000017.png,0,image_0001566,train
image_0001566_crop_0000018.png,0,image_0001566,train
image_0001566_crop_0000019.png,1,image_0001566,train
image_0001566_crop_0000022.png,1,image_0001566,train
image_0001567_crop_0000001.png,1,image_0001567,train
image_0001567_crop_0000002.png,1,image_0001567,train
image_0001567_crop_0000003.png,1,image_0001567,train
image_0001567_crop_0000004.png,1,image_0001567,train
image_0001567_crop_0000005.png,1,image_0001567,train
image_0001567_crop_0000007.png,1,image_0001567,train
image_0001568_crop_0000001.png,1,image_0001568,test
image_0001568_crop_0000002.png,1,image_0001568,test
image_0001568_crop_0000003.png,1,image_0001568,test
image_0001568_crop_0000004.png,0,image_0001568,test
image_0001568_crop_0000005.png,0,image_0001568,test
image_0001569_crop_0000001.png,0,image_0001569,train
image_0001569_crop_0000002.png,0,image_0001569,train
image_0001569_crop_0000003.png,1,image_0001569,train
image_0001569_crop_0000007.png,1,image_0001569,train
image_0001569_crop_0000008.png,1,image_0001569,train
image_0001569_crop_0000009.png,1,image_0001569,train
image_0001569_crop_0000010.png,1,image_0001569,train
image_0001569_crop_0000013.png,0,image_0001569,train
image_0001571_crop_0000001.png,0,image_0001571,test
image_0001571_crop_0000003.png,1,image_0001571,test
image_0001571_crop_0000004.png,1,image_0001571,test
image_0001571_crop_0000005.png,1,image_0001571,test
image_0001571_crop_0000006.png,1,image_0001571,test
image_0001571_crop_0000007.png,1,image_0001571,test
image_0001571_crop_0000008.png,0,image_0001571,test
image_0001571_crop_0000009.png,1,image_0001571,test
image_0001573_crop_0000002.png,0,image_0001573,train
image_0001573_crop_0000007.png,0,image_0001573,train
image_0001573_crop_0000010.png,0,image_0001573,train
image_0001577_crop_0000001.png,0,image_0001577,train
image_0001581_crop_0000008.png,0,image_0001581,val
image_0001581_crop_0000013.png,0,image_0001581,val
image_0001582_crop_0000001.png,1,image_0001582,train
image_0001582_crop_0000002.png,0,image_0001582,train
image_0001582_crop_0000003.png,0,image_0001582,train
image_0001582_crop_0000004.png,1,image_0001582,train
image_0001582_crop_0000005.png,1,image_0001582,train
image_0001583_crop_0000001.png,1,image_0001583,train
image_0001583_crop_0000002.png,1,image_0001583,train
image_0001583_crop_0000003.png,1,image_0001583,train
image_0001583_crop_0000005.png,0,image_0001583,train
image_0001588_crop_0000001.png,1,image_0001588,train
image_0001588_crop_0000002.png,1,image_0001588,train
image_0001588_crop_0000003.png,1,image_0001588,train
image_0001588_crop_0000004.png,1,image_0001588,train
image_0001588_crop_0000005.png,1,image_0001588,train
image_0001588_crop_0000006.png,1,image_0001588,train
image_0001588_crop_0000007.png,1,image_0001588,train
image_0001589_crop_0000001.png,0,image_0001589,train
image_0001589_crop_0000003.png,1,image_0001589,train
image_0001589_crop_0000004.png,1,image_0001589,train
image_0001589_crop_0000005.png,0,image_0001589,train
image_0001589_crop_0000007.png,0,image_0001589,train
image_0001589_crop_0000008.png,0,image_0001589,train
image_0001589_crop_0000009.png,1,image_0001589,train
image_0001590_crop_0000003.png,1,image_0001590,train
image_0001591_crop_0000001.png,1,image_0001591,test
image_0001591_crop_0000002.png,1,image_0001591,test
image_0001591_crop_0000003.png,1,image_0001591,test
image_0001591_crop_0000004.png,1,image_0001591,test
image_0001591_crop_0000005.png,1,image_0001591,test
image_0001592_crop_0000002.png,0,image_0001592,train
image_0001592_crop_0000003.png,0,image_0001592,train
image_0001592_crop_0000004.png,0,image_0001592,train
image_0001592_crop_0000007.png,0,image_0001592,train
image_0001592_crop_0000009.png,0,image_0001592,train
image_0001593_crop_0000002.png,0,image_0001593,val
image_0001593_crop_0000003.png,0,image_0001593,val
image_0001593_crop_0000004.png,0,image_0001593,val
image_0001594_crop_0000001.png,0,image_0001594,train
image_0001594_crop_0000006.png,0,image_0001594,train
image_0001595_crop_0000001.png,0,image_0001595,train
image_0001595_crop_0000002.png,1,image_0001595,train
image_0001595_crop_0000003.png,1,image_0001595,train
image_0001595_crop_0000004.png,1,image_0001595,train
image_0001595_crop_0000005.png,1,image_0001595,train
image_0001595_crop_0000006.png,1,image_0001595,train
image_0001595_crop_0000007.png,1,image_0001595,train
image_0001595_crop_0000008.png,1,image_0001595,train
image_0001595_crop_0000009.png,0,image_0001595,train
image_0001596_crop_0000003.png,1,image_0001596,train
image_0001596_crop_0000004.png,1,image_0001596,train
image_0001596_crop_0000005.png,1,image_0001596,train
image_0001597_crop_0000001.png,1,image_0001597,test
image_0001597_crop_0000002.png,1,image_0001597,test
image_0001597_crop_0000003.png,1,image_0001597,test
image_0001597_crop_0000004.png,1,image_0001597,test
image_0001598_crop_0000001.png,1,image_0001598,test
image_0001598_crop_0000002.png,1,image_0001598,test
image_0001599_crop_0000001.png,0,image_0001599,train
image_0001599_crop_0000002.png,0,image_0001599,train
image_0001599_crop_0000003.png,0,image_0001599,train
image_0001599_crop_0000004.png,0,image_0001599,train
image_0001599_crop_0000005.png,0,image_0001599,train
image_0001599_crop_0000006.png,0,image_0001599,train
image_0001599_crop_0000007.png,0,image_0001599,train
image_0001599_crop_0000008.png,0,image_0001599,train
