tree
version=v4
num_class=1
num_tree_per_iteration=1
label_index=0
max_feature_idx=48
objective=binary sigmoid:1
feature_names=red_mean red_std red_q10 red_q90 green_mean green_std green_q10 green_q90 blue_mean blue_std blue_q10 blue_q90 gray_mean gray_std gray_q10 gray_q90 dark_pixel_fraction saturation_mean saturation_std saturation_q90 high_saturation_fraction red_excess_mean red_excess_std red_excess_q90 rust_colour_fraction edge_mean edge_std edge_q90 edge_fraction horizontal_gradient_mean vertical_gradient_mean gradient_axis_ratio dark_line_mean dark_line_q90 dark_line_fraction local_contrast_std laplacian_variance red_excess_r1c1 saturation_r1c1 edge_r1c1 red_excess_r1c2 saturation_r1c2 edge_r1c2 red_excess_r2c1 saturation_r2c1 edge_r2c1 red_excess_r2c2 saturation_r2c2 edge_r2c2
feature_infos=[0.17129291594028473:0.98749196529388428] [0.0070142797194421291:0.27857860922813416] [0.054901961237192154:0.97254902124404907] [0.19607843458652496:1] [0.11470495909452438:0.98301607370376587] [0.0068949530832469463:0.2907184362411499] [0.043137256056070328:0.96470588445663452] [0.12941177189350128:1] [0.00048833934124559164:0.96228939294815063] [0.0014131420757621527:0.29284292459487915] [0:0.93333333730697632] [0.0039215688593685627:1] [0.11860405653715134:0.98164451122283936] [0.006705759558826685:0.28645917773246765] [0.045929413288831711:0.96364313364028931] [0.13572157919406891:1] [0:1] [0.0085485251620411873:0.99742472171783447] [0.0074257859960198402:0.28570607304573059] [0.019480517134070396:1] [0:1] [-0.052832111716270447:0.24542094767093658] [0.0034657015930861235:0.1245603933930397] [-0.031372547149658203:0.37647059559822083] [0:1] [0.0022378715220838785:0.080903463065624237] [0.0017702553886920214:0.060779552906751633] [0.0049610715359449387:0.16556155681610107] [0:0.21447172619047619] [0.0015509140212088823:0.064449027180671692] [0.00092660996597260237:0.052359528839588165] [0.24242284893989563:5.6735243797302246] [0.0014055042993277311:0.050972256809473038] [0.0032735371496528387:0.15838390588760376] [0:0.28397817460317459] [0.0044715148396790028:0.12645691633224487] [7.8945689892861992e-05:0.042822808027267456] [-0.066466726362705231:0.28688725829124451] [0.0090589188039302826:0.99961566925048828] [0.0019902612548321486:0.080824300646781921] [-0.061702009290456772:0.2742425799369812] [0.0046252286992967129:0.99846023321151733] [0.0021871563512831926:0.088844723999500275] [-0.084664106369018555:0.28166630864143372] [0.0055272090248763561:0.99932920932769775] [0.0011413971660658717:0.085360258817672729] [-0.065034374594688416:0.27163782715797424] [0.0049844663590192795:0.9922935962677002] [0.0026015141047537327:0.10403390228748322]
tree_sizes=1729 1720 1743 1724 1717 1734 1727 1725 1721 1729 1730 1730 1719 1723 1737 1742 1729 1733 1730 1722 1708 1720 1729 1724 1742 1718 1732 1737 1738 1750 1740 1743 1747 1752 1740 1735 1743 1718 1738 1714 1724 1729 1727 1738 1737 1745 1748 1733 1747 1739 1745 1736 1729 1746 1750 1738 1738 1745 1739 1753 1749 1722 1747 1740 1740 1752 1745 1748 1739 1744 1744 1748 1754 1749 1744 1745 1743 1738 1748 1741 1752 1755 1741 1743 1752 1721 1746 1744 1752 1751 1749 1742 1753 1735 1739 1718 1744 1745 1749 1687 1748 1738 1739 1740 1748 1741 1749 1752 1717 1751 1751 1730 1747 1734 1738 1754 1746 1754 1747 1756 1748 1744 1750 1758 1749 1750 1749 1749 1761 1751 1745 1742 1749 1727 1760 1765 1735 1755 1750 1761 1751 1734 1758 1752 1755 1760 1759 1755 1733 1757 1753 1751 1732 1732 1734 1765 1745 1736 1740 1751 1743 1751 1754 1752 1754 1751 1741 1750 1742 1754 1758 1753 1761 1731 1751 1759 1747 1761 1751 1757 1756 1731 1756 1756 1737 1756 1755 1742 1759 1753 1748 1762 1745 1756 1746 1752 1741 1749 1756 1765 1759 1759 1762 1754 1752 1749 1754 1750 1754 1749 1759 1749 1763 1734 1763 1760 1761 1755 1767 1752 1760 1729 1758 1746 1754 1760 1746 1741 1755 1755 1740 1757 1747 1746 1768 1751 1753 1749 1739 1758 1745 1756 1744 1763 1751 1751 1717 1751 1763 1763 1763 1751 1761 1747 1755 1759 1763 1759 1758 1747 1760 1757 1755 1747 1759 1765 1746 1744 1763 1759 1750 1765 1765 1758 1748 1755 1764 1755 1760 1761 1749 1758 1762 1752 1760 1751 1753 1757 1755 1765 1767 1741 1763 1756 1766 1767 1763 1760 1742 1746 1739 1771 1747 1763 1750 1770 1754 1764 1762 1761 1763 1744 1757 1770 1764 1770 1768 1754 1771 1749 1754 1745 1751 1756 1766 1760 1772 1752 1764 1755 1769 1766 1751 1763 1763 1770 1751 1764 1760 1777 1774 1762 1770 1772 1757 1772 1774 1767 1758 1780 1769 1750 1760 1752 1778 1756 1760 1761 1762 1768 1766 1770 1753 1770 1765 1767 1760 1769 1760 1777 1740 1740 1762 1767 1785 1735 1765 1778 1749 1785 1770 1749 1778 1761 1766 1779 1766 1770 1772 1756 1763 1780 1749 1762 1759 1777 1777 1769 1775 1766

Tree=0
num_leaves=15
num_cat=0
split_feature=18 16 18 1 18 23 28 6 33 9 6 42 2 18
split_gain=1353.77 150.75 71.3321 34.6396 33.689 23.6962 13.0971 13.0176 12.7881 9.9434 8.25192 7.13519 7.00247 2.8246
threshold=0.061212718486785896 0.0073728760619690163 0.075556103140115752 0.10446975007653238 0.041561255231499679 0.045391988009214408 0.001443960147157975 0.40980392694473272 0.033511172980070121 0.11829384416341783 0.31176471710205084 0.0099957864731550234 0.40980392694473272 0.046589611098170287
decision_type=2 2 2 2 2 2 2 2 2 2 2 2 2 2
left_child=1 7 3 6 -3 -4 -2 12 -6 13 -10 -7 -1 -9
right_child=2 4 5 -5 8 11 -8 9 10 -11 -12 -13 -14 -15
leaf_value=0.039939533353101013 -0.010568187637678703 0.031663764891174888 -0.0057316516473623754 -0.039001243910775807 0.0079923390937941732 -0.026408135665778862 0.026159097099015607 0.057581868864621542 -0.043139895291662088 0.010040790663575598 -0.0095547145634955234 -0.055441769327397417 0.0080453115577411548 0.039501447009597422
leaf_weight=19.533914193511013 16.666415203362707 17.055427972227335 10.188155971467493 24.885071750730276 12.34088362008333 13.902648597955702 14.569366753101347 200.26715607196093 12.944584190845491 5.5565595626831046 14.935044437646864 224.49778335168958 10.769758764654396 29.88723174110055
leaf_count=75 52 51 30 58 38 29 50 1107 30 24 49 713 41 165
internal_value=1.02979e-08 0.0426346 -0.0452175 -0.0139775 -0.00144297 -0.0520904 0.00701562 0.0520762 -0.0163878 0.0546394 -0.0270926 -0.0539949 0.0298973 0.0556074
internal_weight=628 323.291 304.709 56.1209 57.2759 248.589 31.2358 266.015 40.2205 235.711 27.8796 238.4 30.3037 230.154
internal_count=2512 1580 932 160 168 772 102 1412 117 1296 79 742 116 1272
is_linear=0
shrinkage=1


Tree=1
num_leaves=15
num_cat=0
split_feature=18 5 18 4 5 15 23 28 22 42 31 42 18 31
split_gain=1276.05 130.743 67.1931 39.8301 37.7167 23.7912 22.3089 17.2292 16.9916 14.7615 13.835 6.6424 4.79031 5.99396
threshold=0.061212718486785896 0.081748697906732573 0.075556103140115752 0.51687118411064159 0.10487447679042818 0.46200785040855413 0.045391988009214408 0.0013124173280423281 0.01827744580805302 0.026994814164936546 0.97014957666397106 0.0099957864731550234 0.046589611098170287 0.84203067421913158
decision_type=2 2 2 2 2 2 2 2 2 2 2 2 2 2
left_child=1 5 4 8 7 -1 -4 -2 -3 10 -5 -8 -7 -14
right_child=2 3 6 9 -6 12 11 -9 -10 -11 -12 -13 13 -15
leaf_value=0.01434479376685727 -0.010451041168476088 0.0016532730399169331 -0.0055879678172815255 -0.022861233411082017 -0.037892118882538343 0.05488486414139674 -0.025719497810459045 0.033199094048737721 -0.043093408951297471 0.043682271215557358 0.026946262300659274 -0.053834615325673914 0.0078828843113175773 0.04273734017485855
leaf_weight=17.493323456496 16.083374056965116 13.165838569402696 10.188072085380552 7.7620253674686017 27.005282625555992 214.84411224350333 13.90022501349449 13.019778806716202 15.350473813712595 14.815166302025316 8.3290244415402395 224.32536371797323 6.8559264205396202 24.478165548294783
leaf_count=55 48 38 30 27 68 1158 29 44 36 71 33 713 26 136
internal_value=0 0.0414082 -0.0439107 0.00109184 -0.0135853 0.0504062 -0.0505851 0.00985922 -0.0235814 0.0239979 0.00288301 -0.0524344 0.0528204 0.0361317
internal_weight=627.616 323.094 304.522 59.4225 56.1084 263.672 248.414 29.1032 28.5163 30.9062 16.091 238.226 246.178 31.3341
internal_count=2512 1580 932 205 160 1375 772 92 74 131 60 742 1320 162
is_linear=0
shrinkage=0.03


Tree=2
num_leaves=15
num_cat=0
split_feature=5 20 20 0 22 16 41 22 22 37 10 45 10 13
split_gain=950.837 163.918 109.882 59.2666 55.6671 45.5464 26.3085 19.5796 18.1144 14.5572 14.5051 13.4937 10.9406 8.71529
threshold=0.081748697906732573 0.0023124813321385904 0.0061844405594405601 0.55187705159187328 0.01827744580805302 0.0062015241702741706 0.13115835934877398 0.025729435496032241 0.026491448283195499 0.015749950893223289 0.34294123947620397 0.014703900553286077 0.34705883264541632 0.091184459626674666
decision_type=2 2 2 2 2 2 2 2 2 2 2 2 2 2
left_child=1 10 5 4 -3 -2 -5 9 -4 -7 -1 -6 -10 -14
right_child=2 3 8 6 11 7 -8 -9 12 -11 -12 -13 13 -15
leaf_value=0.013212401452545014 0.029210284050281383 0.020425353238377516 -0.026655298059374694 -0.0091713686405812365 -0.045005142154551737 0.012151543227082898 0.049652370768927361 -0.04646049445099168 -0.054120386162849067 -0.02616084948542104 0.05320196626589184 -0.0071170318679042773 -0.0025826986349825618 -0.03934763010834804
leaf_weight=10.330644223839043 22.91942285373807 28.062879871577024 42.278119474649429 8.1576630100607854 26.369828015565872 17.003668621182445 26.582354247570038 15.2150502204895 165.27432196214795 14.919196482747791 202.88638214021921 13.572712704539297 7.9989288635551921 24.953127104789019
leaf_count=41 108 88 110 33 56 43 144 34 534 42 1106 42 28 103
internal_value=8.70057e-07 0.0365317 -0.0371516 0.00521691 -0.0110502 -0.0038943 0.0360104 -0.0205853 -0.0467149 -0.00615209 0.0514191 -0.0331554 -0.0506692 -0.0311674
internal_weight=626.524 315.962 310.562 102.745 68.0054 70.0573 34.74 47.1379 240.504 31.9229 213.217 39.9425 198.226 32.9521
internal_count=2512 1510 1002 363 186 227 177 119 775 85 1147 98 665 131
is_linear=0
shrinkage=0.03


Tree=3
num_leaves=15
num_cat=0
split_feature=18 16 18 5 17 38 23 38 9 6 9 14 42 9
split_gain=1141.04 129.246 61.1852 34.3498 30.3224 22.4243 20.4916 16.9983 16.5283 11.1829 8.65242 6.86732 6.25086 5.89852
threshold=0.061212718486785896 0.0073728760619690163 0.075556103140115752 0.10487447679042818 0.047883413732051856 0.12018977850675584 0.045391988009214408 0.062529183924198165 0.062032889574766166 0.40980392694473272 0.11829384416341783 0.39183707535266882 0.0099957864731550234 0.0842411443591118
decision_type=2 2 2 2 2 2 2 2 2 2 2 2 2 2
left_child=1 9 3 8 -3 7 -4 -6 -2 11 -11 -1 -8 -10
right_child=2 4 6 -5 5 -7 12 -9 13 10 -12 -13 -14 -15
leaf_value=0.036907773434810782 -0.023186766705906008 0.039508160078873325 -0.0049573508436643729 -0.035918534399787351 0.0016850424195961166 0.015994912879596763 -0.024108280318865704 -0.042532000157300964 0.0063940196187292327 0.051309045418117108 0.008941596048693266 0.0054292403017765214 -0.051144745048922295 0.038490999028741278
leaf_weight=20.116848818957809 7.991285681724551 10.785763449966906 10.183992736041544 26.931295905262232 11.934742622077467 15.170605581253765 13.873527787625788 19.298772498965263 11.505503583699467 228.73155063390732 5.5513358265161505 10.113395176827906 223.13790076971054 9.5897352583706361
leaf_count=73 19 30 30 68 31 57 29 50 37 1272 24 43 713 36
internal_value=0 0.0392353 -0.0416171 -0.0126751 -0.0015816 -0.0124319 -0.0480093 -0.0264612 0.00967588 0.0480171 0.050402 0.0274602 -0.0497897 0.0231846
internal_weight=624.916 321.703 303.213 56.0178 57.1899 46.4041 247.195 31.2335 29.0865 264.513 234.283 30.2302 237.011 21.0952
internal_count=2512 1580 932 160 168 138 772 81 92 1412 1296 116 742 73
is_linear=0
shrinkage=0.03


Tree=4
num_leaves=15
num_cat=0
split_feature=18 16 18 18 5 18 9 33 14 24 9 6 6 2
split_gain=1078.8 122.453 58.831 29.0024 18.618 23.2979 13.6169 10.7366 10.6422 8.26968 8.19155 7.50379 6.84635 6.72957
threshold=0.061212718486785896 0.0073728760619690163 0.085785049945116057 0.041561255231499679 0.10872498527169229 0.074747651815414443 0.062032889574766166 0.033511172980070121 0.41249433159828192 0.036780052036537891 0.11829384416341783 0.30784314870834356 0.40588235855102545 0.40980392694473272
decision_type=2 2 2 2 2 2 2 2 2 2 2 2 2 2
left_child=1 8 4 -3 5 6 -2 -5 13 -4 -10 -9 -8 -1
right_child=2 3 9 7 -6 -7 12 11 10 -11 -12 -13 -14 -15
leaf_value=0.036482289424783813 -0.021716917594378292 0.029251748790694632 -0.011572779805110307 0.0069803947711322258 -0.034257084952510959 -0.029316809365379445 0.0048873541418069863 -0.042507077226052431 0.050019393944763797 -0.050658857758757607 0.008745985466303504 -0.010134548269977908 0.038407736294748133 0.0057052805002974095
leaf_weight=19.540296785533432 7.1752645000815418 17.000739984214306 6.5989722162485114 12.327173061668871 44.275560114532709 22.300755113363266 12.319085430353882 11.162688851356508 227.6585134845227 200.01077324151993 5.5499821044504634 16.645872592926025 9.4159298166632635 10.662572551518677
leaf_count=76 16 51 16 38 125 53 32 28 1271 646 24 51 44 41
internal_value=0 0.0382202 -0.0405386 -0.00151617 -0.0203977 -0.00752168 0.0100026 -0.0153899 0.0467971 -0.0495478 0.0491326 -0.02521 0.021548 0.0267393
internal_weight=622.644 320.548 302.096 57.1365 95.4866 51.211 28.9103 40.1357 263.411 206.61 233.208 27.8086 21.735 30.2029
internal_count=2512 1580 932 168 270 145 92 117 1412 662 1295 79 76 117
is_linear=0
shrinkage=0.03


Tree=5
num_leaves=15
num_cat=0
split_feature=5 20 20 24 34 16 22 24 22 3 9 26 2 9
split_gain=808.142 140.74 92.8375 50.8799 41.4742 38.7093 24.7734 23.8584 15.9358 14.7317 13.9839 13.5928 13.4173 10.1496
threshold=0.081748697906732573 0.0023124813321385904 0.0061844405594405601 0.97908126120071703 0.025409773284313729 0.0062015241702741706 0.019192371517419819 0.00092458858543417375 0.026491448283195499 0.59019610285758983 0.090819686651229872 0.01228701137006283 0.33921569585800176 0.12249254807829858
decision_type=2 2 2 2 2 2 2 2 2 2 2 2 2 2
left_child=1 12 5 4 6 -2 11 -7 -4 -8 -10 -3 -1 -9
right_child=2 3 8 -5 -6 7 9 13 10 -11 -12 -13 -14 -15
leaf_value=0.002160085661517994 0.026809678622859122 0.030497008169806977 -0.024465463894808252 0.043978535997120115 0.032745500547791399 0.014174054174500978 -0.041435821730221659 -0.013509051752068835 -0.011944823333630838 -0.0023781444694033274 -0.049037542276384377 -0.013379483608116536 0.049066086863970383 -0.047791435291100214
leaf_weight=5.9698333740234366 22.789015986025333 10.209551222622396 41.991691697388887 21.209076125174761 17.10853311046958 12.701022252440451 29.48700338602066 17.832779236137867 11.437163993716238 12.587655194103716 184.23020799085498 11.420052133500574 204.45280180871487 16.428812362253666
leaf_count=18 108 41 110 112 69 32 67 57 38 42 627 32 1129 30
internal_value=0 0.0338689 -0.0344227 0.0047763 -0.00628963 -0.00380065 -0.0174963 -0.0192042 -0.0432909 -0.030457 -0.0470274 0.00803236 0.0477823 -0.0317598
internal_weight=619.855 312.445 307.411 102.022 80.8128 69.7516 63.7043 46.9626 237.659 42.0747 195.667 21.6296 210.423 34.2616
internal_count=2512 1510 1002 363 251 227 182 119 775 109 665 73 1147 87
is_linear=0
shrinkage=0.03


Tree=6
num_leaves=15
num_cat=0
split_feature=18 16 18 17 38 47 4 38 36 18 31 39 22 25
split_gain=969.574 111.059 54.4543 27.2008 20.5348 17.3408 24.0055 16.0357 10.9517 10.1125 12.9531 10.0594 9.3055 8.39245
threshold=0.061212718486785896 0.0073728760619690163 0.085785049945116057 0.047883413732051856 0.12018977850675584 0.14022319018840793 0.51095038652420055 0.062529183924198165 0.00464558880776167 0.040083907544612891 0.70477527379989635 0.017142037861049179 0.03035503160208464 0.020273452624678615
decision_type=2 2 2 2 2 2 2 2 2 2 2 2 2 2
left_child=1 9 5 -3 7 12 11 -5 -8 -1 -11 -7 13 -2
right_child=2 3 -4 4 -6 6 8 -9 -10 10 -12 -13 -14 -15
leaf_value=0.048733503707155859 0.0048827408359439998 0.03757146378479586 -0.047350124821299244 0.0020784726327376019 0.015462657490018968 0.00068020266976010673 0.04243745832525013 -0.040851172874903079 -0.0037795995384165967 -0.0033970067689493223 0.037129202805954914 -0.035480021544048335 -0.041476664790461075 -0.029289702408154074
leaf_weight=188.17588008381426 10.665872015058996 10.7185030169785 204.2253803871572 11.914350472390653 15.144962929189203 10.971089802682402 8.5432437919080275 19.216271884739399 7.4750096611678591 7.4337059669196597 64.908791624009609 15.742730773985384 29.300386685878038 12.312746688723562
leaf_count=1037 27 30 662 31 57 27 32 50 34 21 354 45 70 35
internal_value=0 0.0364034 -0.0386158 -0.00145488 -0.0117385 -0.0192213 -0.00460682 -0.0251969 0.0226779 0.0446451 0.0329451 -0.0215119 -0.0305018 -0.014187
internal_weight=616.749 317.512 299.236 56.9941 46.2756 95.0111 42.7321 31.1306 16.0183 260.518 72.3425 26.7138 52.279 22.9786
internal_count=2512 1580 932 168 138 270 138 81 66 1412 375 72 132 62
is_linear=0
shrinkage=0.03


Tree=7
num_leaves=15
num_cat=0
split_feature=18 16 18 17 13 47 4 31 14 39 39 22 25 9
split_gain=918.801 105.638 52.0792 25.8762 19.8027 16.4964 22.8185 14.0504 10.338 9.57931 9.20422 8.85102 7.99128 7.59385
threshold=0.061212718486785896 0.0073728760619690163 0.085785049945116057 0.047883413732051856 0.096066575497388854 0.14022319018840793 0.51095038652420055 1.0078591108322146 0.41249433159828192 0.017142037861049179 0.024378243833780292 0.03035503160208464 0.020273452624678615 0.11829384416341783
decision_type=2 2 2 2 2 2 2 2 2 2 2 2 2 2
left_child=1 8 5 -3 7 11 9 -5 -1 -7 -8 12 -2 -10
right_child=2 3 -4 4 -6 6 10 -9 13 -11 -12 -13 -14 -15
leaf_value=0.024122795020362915 0.0047583921113451191 0.036729189669689292 -0.046286441352568097 -0.01332112422617323 -0.032423607223918807 0.00066292460328653939 0.043951817677562184 0.027840470534221375 0.046796873436302643 -0.034637183325499858 0.00058679073402788037 -0.040487535853774598 -0.028597273727076974 0.0074379946733556385
leaf_weight=29.932019397616386 10.6684837192297 10.68177931755781 202.71954509615898 14.403088606894018 20.061081275343895 10.971444204449655 6.8514414355158832 11.752531439065931 223.28014785051346 15.691459491848944 9.1634486839175207 29.166578345000744 12.28144386038184 5.5321433097124091
leaf_count=117 27 30 662 49 55 27 25 34 1271 45 41 70 35 24
internal_value=0 0.0355418 -0.0376988 -0.00139459 -0.0114261 -0.0187261 -0.00446745 0.00573134 0.043624 -0.0209743 0.0221254 -0.0297504 -0.0138329 0.045931
internal_weight=613.157 315.643 297.514 56.8985 46.2167 94.7943 42.6778 26.1556 258.744 26.6629 16.0149 52.1165 22.9499 228.812
internal_count=2512 1580 932 168 138 270 138 83 1412 72 66 132 62 1295
is_linear=0
shrinkage=0.03


Tree=8
num_leaves=15
num_cat=0
split_feature=18 5 18 4 5 23 15 28 22 42 41 42 31 18
split_gain=871.322 95.3262 50.1287 30.8775 28.2159 18.7265 17.9676 14.9134 13.9317 13.0799 10.6266 6.09491 4.85163 4.22528
threshold=0.061212718486785896 0.081748697906732573 0.075556103140115752 0.51687118411064159 0.10487447679042818 0.045391988009214408 0.46200785040855413 0.0013124173280423281 0.01827744580805302 0.026994814164936546 0.068489782512187972 0.0099957864731550234 0.70477527379989635 0.02962047886103392
decision_type=2 2 2 2 2 2 2 2 2 2 2 2 2 2
left_child=1 6 4 8 7 -4 -1 -2 -3 10 -5 -7 13 -8
right_child=2 3 5 9 -6 11 12 -9 -10 -11 -12 -13 -14 -15
leaf_value=0.011348232056299944 -0.0093615440625429078 0.001334839727974656 -0.002067531005613992 0.023490248593602381 -0.031897521239493951 -0.02008480102786573 0.038787427532051381 0.031328569492063946 -0.039341428325040693 0.039228739035727711 -0.020313552122094493 -0.045817370091419687 0.046127632993308257 0.0076655867784004555
leaf_weight=17.372892588376999 16.030486911535267 13.087307918816807 10.123121552169321 7.6690724156796959 26.50021792948246 13.658538699150084 7.152010157704356 12.966317567974327 15.175193548202513 14.557216435670851 8.2793094962835294 216.30569678544998 220.64583978429437 9.61147667840123
leaf_count=55 48 38 30 30 68 29 41 44 36 71 30 713 1243 36
internal_value=0 0.0347274 -0.0368291 0.000202094 -0.010592 -0.0427439 0.0426157 0.00958422 -0.0215632 0.0205453 0.000853538 -0.0444883 0.0447774 0.0238224
internal_weight=609.135 313.55 295.584 58.7681 55.497 240.087 254.782 28.9968 28.2625 30.5056 15.9484 229.964 237.409 16.7635
internal_count=2512 1580 932 205 160 772 1375 92 74 131 60 742 1320 77
is_linear=0
shrinkage=0.03


Tree=9
num_leaves=15
num_cat=0
split_feature=18 16 18 18 47 4 18 31 36 11 39 24 12 18
split_gain=826.892 96.9239 48.5088 24.3968 15.5518 21.5682 9.99845 11.8271 9.90734 9.01665 9.0163 7.83605 7.83157 7.81406
threshold=0.061212718486785896 0.0073728760619690163 0.085785049945116057 0.041561255231499679 0.14022319018840793 0.51095038652420055 0.040083907544612891 0.70477527379989635 0.00464558880776167 0.4921568632125855 0.017142037861049179 0.036780052036537891 0.45032873749732977 0.048714781180024154
decision_type=2 2 2 2 2 2 2 2 2 2 2 2 2 2
left_child=1 6 4 -3 -2 10 12 -8 -7 -5 -6 -4 -1 -11
right_child=2 3 11 9 5 8 7 -9 -10 13 -12 -13 -14 -15
leaf_value=0.015532004817148235 -0.028425113884883325 0.026911233323352182 -0.0084177856852118635 0.0065063942206110698 0.0009763808210890121 0.040835920594886013 -0.0042518231803471843 0.034354702407070108 -0.0032550482533682356 -0.0026939363868084252 -0.033283466759582235 -0.045495025486955033 0.047409220320774555 -0.035208494107326099
leaf_weight=10.077590223401783 51.695661880075932 16.814157620072365 6.5177206769585601 12.085242725908754 10.945679247379305 8.5119675546884519 7.3965187817811957 63.749607309699059 7.4432400651276103 11.277411855757238 15.560280330479143 192.74661604687572 173.42749878391623 16.48233175650239
leaf_count=38 132 51 16 40 27 32 21 354 34 28 45 646 999 49
internal_value=0 0.0339528 -0.0360073 -0.00145838 -0.0176753 -0.0038303 0.0417934 0.0302936 0.0220286 -0.0142158 -0.0199547 -0.0443929 0.0458611 -0.023169
internal_weight=604.732 311.31 293.421 56.6591 94.1568 42.4612 254.651 71.1461 15.9552 39.845 26.506 199.264 183.505 27.7597
internal_count=2512 1580 932 168 270 138 1412 375 66 117 72 662 1037 77
is_linear=0
shrinkage=0.03


Tree=10
num_leaves=15
num_cat=0
split_feature=18 16 18 17 11 47 4 6 36 38 22 25 16 23
split_gain=785.016 92.6609 46.7779 23.3969 18.7406 14.7564 20.5174 9.7984 9.45207 8.6651 8.50798 7.62977 7.41058 7.14449
threshold=0.061212718486785896 0.0073728760619690163 0.085785049945116057 0.047883413732051856 0.48039215803146368 0.14022319018840793 0.51095038652420055 0.40980392694473272 0.00464558880776167 0.062529183924198165 0.03035503160208464 0.020273452624678615 0.065436392580287953 0.059803918004035957
decision_type=2 2 2 2 2 2 2 2 2 2 2 2 2 2
left_child=1 7 5 -3 -5 10 12 -1 -8 -6 11 -2 -7 -4
right_child=2 3 13 4 9 6 8 -9 -10 -11 -12 -13 -14 -15
leaf_value=0.022060452815376556 0.0057696290757987875 0.035015956774793217 -0.011177702582067135 0.013441071829163622 -0.0018204791800774708 -0.033747129643828068 0.039894312073104371 0.043209687546429967 -0.0031787947590743906 -0.035917056309999709 -0.038276568649813186 -0.026793880420502885 -0.0023789868114450635 -0.044688966635055366
leaf_weight=29.586229678243399 10.626766815781595 10.565373972058294 7.7678874209523192 16.555358085781336 10.473938889801504 13.246059261262419 8.4988743923604471 222.76281315274537 7.4411421157419673 18.960925437510014 28.723169527947903 12.151637781411408 13.189194761216639 189.52659469842911
leaf_count=116 27 30 20 50 28 36 32 1296 34 60 70 35 36 642
internal_value=0 0.0332114 -0.0352163 -0.00142037 -0.0109639 -0.0172108 -0.00371404 0.0409348 0.0215069 -0.0247675 -0.0277058 -0.0122415 -0.0194704 -0.04351
internal_weight=600.076 308.905 291.171 56.5556 45.9902 93.8768 42.3753 252.349 15.94 29.4349 51.5016 22.7784 26.4353 197.294
internal_count=2512 1580 932 168 138 270 138 1412 66 88 132 62 72 662
is_linear=0
shrinkage=0.03


Tree=11
num_leaves=15
num_cat=0
split_feature=18 16 18 5 18 23 28 18 31 33 0 42 6 34
split_gain=745.849 88.5267 45.47 25.9233 22.3563 17.5241 13.6673 10.064 11.4067 8.32908 7.2187 5.88754 5.52901 4.93257
threshold=0.061212718486785896 0.0073728760619690163 0.075556103140115752 0.10487447679042818 0.041561255231499679 0.045391988009214408 0.0013124173280423281 0.040083907544612891 0.70477527379989635 0.033511172980070121 0.51079609990119945 0.0099957864731550234 0.40980392694473272 0.001645875548801081
decision_type=2 2 2 2 2 2 2 2 2 2 2 2 2 2
left_child=1 7 3 6 -3 -4 -2 12 -9 -6 -11 -7 -1 -10
right_child=2 4 5 -5 9 11 -8 8 13 10 -12 -13 -14 -15
leaf_value=0.021639401229345028 -0.0083695228397882102 0.025865204346003697 -0.0010176843503186292 -0.030054919905685634 0.0061098080863650744 -0.018236751162440386 0.030676394568333237 -0.0051157364158941473 0.0026635088338710857 -0.034216585288596356 -0.0028798201891631217 -0.043272005281487363 0.045949475005169972 0.035128425714033858
leaf_weight=14.97156213223934 15.974485546350481 16.714581105858088 10.084124989807604 26.15629044547677 12.26686406880617 13.470403373241423 12.914123252034186 7.3630768582224837 5.1180846579372874 15.987058557569982 11.44576872140169 210.16624543443322 164.75904573313892 57.726521424949169
leaf_count=59 48 51 30 68 38 29 44 21 25 44 35 713 978 329
internal_value=0 0.0325016 -0.0344726 -0.00945153 -0.00136872 -0.0402225 0.0098442 0.0401086 0.0286557 -0.0135974 -0.022328 -0.0419524 0.0442014 0.0326944
internal_weight=595.118 306.353 288.766 55.0449 56.4143 233.721 28.8886 249.938 70.2077 39.6997 27.4328 223.637 179.731 62.8446
internal_count=2512 1580 932 160 168 772 92 1412 375 117 79 742 1037 354
is_linear=0
shrinkage=0.03


Tree=12
num_leaves=15
num_cat=0
split_feature=18 16 18 17 38 38 47 4 18 34 1 36 39 22
split_gain=708.963 84.8161 43.991 21.744 17.4137 14.2468 13.92 19.3984 9.86812 10.9495 10.9393 8.82364 8.48768 8.06882
threshold=0.061212718486785896 0.0073728760619690163 0.085785049945116057 0.047883413732051856 0.12018977850675584 0.062529183924198165 0.14022319018840793 0.51095038652420055 0.040083907544612891 0.001645875548801081 0.083784442394971861 0.00464558880776167 0.017142037861049179 0.03035503160208464
decision_type=2 2 2 2 2 2 2 2 2 2 2 2 2 2
left_child=1 8 6 -3 5 -5 13 12 -1 -10 -11 -9 -8 -2
right_child=2 3 -4 4 -6 -7 7 11 9 10 -12 -13 -14 -15
leaf_value=0.043412378551317653 -0.011492114561511103 0.033929853760283651 -0.041921114621794327 0.0025740267817414963 0.014517241597874526 -0.03796092924203729 0.0016394611347643466 0.03916776462505326 -0.0071863923523006129 0.037553726551915405 0.0047527978664983822 -0.0026191919937240244 -0.031600852440784477 -0.036887651612038996
leaf_weight=177.61083447933197 22.647092230618 10.474408403038977 193.0763258561492 11.858509115874769 15.063184663653372 18.900923185050488 10.901569128036501 8.4580303728580457 6.3709854111075392 51.325020853430033 12.07157316431403 7.4072854146361342 15.360696859657763 28.342327736318111
leaf_count=1037 62 30 662 31 57 50 27 32 26 290 59 34 45 70
internal_value=0 0.0318273 -0.0337579 -0.00133422 -0.0105397 -0.0230391 -0.0162746 -0.0031609 0.0393362 0.027997 0.0316902 0.021381 -0.0185569 -0.0265242
internal_weight=589.869 303.675 286.193 56.297 45.8226 30.7594 93.117 42.1276 247.378 69.7676 63.3966 15.8653 26.2623 50.9894
internal_count=2512 1580 932 168 138 81 270 138 1412 375 349 66 72 132
is_linear=0
shrinkage=0.03


Tree=13
num_leaves=15
num_cat=0
split_feature=18 16 18 5 18 23 9 18 34 5 6 11 12 18
split_gain=674.234 81.1726 42.5686 24.229 20.695 17.1902 13.0098 9.66287 10.4813 12.4641 8.3754 7.85021 7.65613 7.26478
threshold=0.061212718486785896 0.0073728760619690163 0.075556103140115752 0.10487447679042818 0.041561255231499679 0.038235306739807136 0.062032889574766166 0.040083907544612891 0.001645875548801081 0.081748697906732573 0.53921571373939525 0.4921568632125855 0.45032873749732977 0.048714781180024154
decision_type=2 2 2 2 2 2 2 2 2 2 2 2 2 2
left_child=1 7 3 6 -3 -4 -2 12 -9 -10 -11 -6 -1 -13
right_child=2 4 5 -5 11 -7 -8 8 9 10 -12 13 -14 -15
leaf_value=0.01313696863766573 -0.019562821470241878 0.025005323574354751 0.0045488135264535887 -0.028879186473559942 0.0062296632831635975 -0.040222902936448271 0.021800799584135524 -0.0070151420318933519 0.038297998649451485 -0.01025039430232833 0.030574802717837704 -0.0018427963208180449 0.044223000074350864 -0.033177106247233787
leaf_weight=9.9055641479790193 7.9117770791053799 16.603170223534107 7.4716404080390921 25.88694816455245 12.06594058871269 221.41807521879673 20.888798918575048 6.3794102780520907 47.782880876213312 9.7223933115601522 5.4153740890324107 11.202864158898594 165.51527038961649 16.262200761586428
leaf_count=38 19 51 19 68 40 753 73 26 271 43 35 28 999 49
internal_value=0 0.0311845 -0.0330688 -0.00882488 -0.00128002 -0.0387217 0.00980799 0.0385934 0.0273684 0.0310094 0.00604305 -0.0130647 0.0426524 -0.0214904
internal_weight=584.432 300.855 283.577 54.6875 56.1342 228.89 28.8006 244.721 69.3001 62.9206 15.1378 39.531 175.421 27.4651
internal_count=2512 1580 932 160 168 772 92 1412 375 349 78 117 1037 77
is_linear=0
shrinkage=0.03


Tree=14
num_leaves=15
num_cat=0
split_feature=18 16 18 17 13 5 18 31 9 18 31 4 23 44
split_gain=641.495 77.9202 41.6271 20.2868 16.2663 12.7286 17.1056 12.0243 10.7128 9.46434 10.6871 7.35388 6.74193 4.3723
threshold=0.061212718486785896 0.0073728760619690163 0.085785049945116057 0.047883413732051856 0.096066575497388854 0.10872498527169229 0.074747651815414443 1.0078591108322146 0.078163266181945815 0.040083907544612891 0.70477527379989635 0.44875866174697882 0.059803918004035957 0.16577927023172381
decision_type=2 2 2 2 2 2 2 2 2 2 2 2 2 2
left_child=1 9 5 -3 7 6 8 -5 -2 11 -11 -1 -4 -7
right_child=2 3 12 4 -6 13 -8 -9 -10 10 -12 -13 -14 -15
leaf_value=0.013047770373530511 -0.0064472002197149044 0.03296106685570372 -0.0094064858910666554 -0.012298907221571133 -0.029396298853806072 -0.032685170565225123 -0.02387331859575121 0.025905629500133948 0.028289071108138976 -0.005790698259669021 0.030763887484072393 0.043509121509098192 -0.041660360640655369 -0.0083205770462091381
leaf_weight=9.9571787565946561 15.496208146214487 10.375282771885393 7.6659319624304763 14.280996292829515 19.673146560788155 31.340335085988045 21.510286659002304 11.669357020407913 13.096134249120949 7.3174564726650706 61.486118942499161 163.170464200899 180.88976246863604 10.835338506847618
leaf_count=39 41 30 20 49 55 92 53 34 51 21 354 998 642 33
internal_value=8.71685e-07 0.0305712 -0.0324067 -0.00124715 -0.010147 -0.0153752 -0.00474092 0.00539796 0.0101742 0.0378982 0.0267801 0.0419433 -0.0404773 -0.0271537
internal_weight=578.764 297.93 280.834 55.9988 45.6235 92.2783 50.1026 25.9504 28.5923 241.931 68.8036 173.128 188.556 42.1757
internal_count=2512 1580 932 168 138 270 145 83 92 1412 375 1037 662 125
is_linear=0
shrinkage=0.03


Tree=15
num_leaves=15
num_cat=0
split_feature=18 16 18 17 38 38 47 4 18 31 36 39 24 16
split_gain=610.749 74.6908 40.3267 19.3443 15.7629 13.4719 12.9152 18.1687 9.35035 10.2256 8.20993 8.14327 7.59221 8.07098
threshold=0.061212718486785896 0.0073728760619690163 0.085785049945116057 0.047883413732051856 0.12018977850675584 0.062529183924198165 0.14022319018840793 0.51095038652420055 0.040083907544612891 0.70477527379989635 0.00464558880776167 0.017142037861049179 0.017409695042400527 0.0062015241702741706
decision_type=2 2 2 2 2 2 2 2 2 2 2 2 2 2
left_child=1 8 6 -3 5 -5 12 11 -1 -10 -9 -8 -2 -14
right_child=2 3 -4 4 -6 -7 7 10 9 -11 -12 -13 13 -15
leaf_value=0.041270588396903535 -0.00045088556424151743 0.032309607753718717 -0.039795662256459495 0.002978280556139295 0.013955940310896234 -0.036481764829030691 0.0023023133708905174 0.038600460809481957 -0.0056505399286042703 0.030104591024238351 -0.0019498980302525026 -0.030287123754517902 -0.010405349644013673 -0.040095861914581719
leaf_weight=170.76410037279129 9.5973745845258218 10.308284085243939 186.12197441980243 11.824197225272657 15.012739423662422 18.676453731954098 10.83868293464184 8.3957567848265153 7.3235098682343951 60.9989078566432 7.3555543571710578 15.138522502034901 14.694866713136433 25.87186760827899
leaf_count=1037 26 30 662 31 57 50 27 32 21 354 34 45 46 60
internal_value=8.75958e-07 0.029982 -0.0317784 -0.00119396 -0.0098859 -0.0218501 -0.0150062 -0.0023664 0.0372229 0.0261776 0.021409 -0.0173898 -0.0249691 -0.0304055
internal_weight=572.923 294.908 278.015 55.8217 45.5134 30.5007 91.8926 41.7285 239.087 68.3224 15.7513 25.9772 50.1641 40.5667
internal_count=2512 1580 932 168 138 81 270 138 1412 375 66 72 132 106
is_linear=0
shrinkage=0.03


Tree=16
num_leaves=15
num_cat=0
split_feature=18 5 18 4 2 47 4 42 22 31 23 36 39 22
split_gain=581.53 72.58 39.0753 22.884 16.812 12.3252 17.3007 12.2584 11.0763 9.97732 9.62034 7.85237 7.78435 7.69612
threshold=0.061212718486785896 0.081748697906732573 0.085785049945116057 0.51687118411064159 0.28823530673980718 0.14022319018840793 0.51095038652420055 0.026994814164936546 0.01827744580805302 1.0483226180076601 0.056862749159336097 0.00464558880776167 0.017142037861049179 0.03035503160208464
decision_type=2 2 2 2 2 2 2 2 2 2 2 2 2 2
left_child=1 4 5 8 -1 13 12 9 -3 -5 -4 -8 -7 -2
right_child=2 3 10 7 -6 6 11 -9 -10 -11 -12 -13 -14 -15
leaf_value=-0.010545073101170754 -0.0098430495761399634 0.00074855124593007434 -0.001238986351914814 -0.022792709799709873 0.03800039907148331 0.0022436607456208673 0.037771813439936935 0.035421575637010962 -0.035954950722247428 0.020064921319332983 -0.040397270463065592 -0.0019042427049418646 -0.029648032211727501 -0.034653676227761054
leaf_weight=5.7119490206241599 22.331299096345901 12.84856363758445 6.1262420713901511 7.9004648216068762 229.08223926834762 10.840614147484304 8.3668515123426896 13.91521283239126 14.72269122302532 7.648187130689621 177.53256994858384 7.353931386023759 15.045425757765768 27.558533772826195
leaf_count=14 62 38 17 32 1361 27 32 71 36 28 645 34 45 70
internal_value=2.25613e-07 0.0294097 -0.0311677 -0.000888878 0.0367277 -0.0146486 -0.00228842 0.0168979 -0.0198554 -0.00165644 -0.0391347 0.0209225 -0.0169817 -0.0244134
internal_weight=566.985 291.829 275.155 57.0351 234.794 91.4967 41.6068 29.4639 27.5713 15.5487 183.659 15.7208 25.886 49.8898
internal_count=2512 1580 932 205 1375 270 138 131 74 60 662 66 72 132
is_linear=0
shrinkage=0.03


Tree=17
num_leaves=15
num_cat=0
split_feature=18 6 18 13 31 18 31 33 23 42 3 18 17 30
split_gain=553.676 63.9548 37.9419 24.1039 12.3656 11.8717 13.2624 11.8295 10.1625 8.7665 9.67871 8.04623 6.26938 10.0656
threshold=0.061212718486785896 0.41666667163372045 0.085785049945116057 0.07569159567356111 0.84913113713264476 0.040083907544612891 0.84913113713264476 0.024891070090234283 0.056862726807594306 0.019893190823495392 0.62549021840095531 0.045301143079996116 0.096831176429986968 0.018926745280623439
decision_type=2 2 2 2 2 2 2 2 2 2 2 2 2 2
left_child=1 3 7 4 -1 -3 -7 -2 -4 -5 -11 -6 -9 -14
right_child=2 5 8 9 11 6 -8 12 -10 10 -12 -13 13 -15
leaf_value=-0.0037835777154071781 0.0078403782070267953 0.041872537302615136 0.00017780174962506176 0.0094558668515346191 0.041242904004157865 -0.00079944118860670178 0.032085991066530345 -0.029898299062452192 -0.039784960901541412 -0.034897434437834537 0.0001062724072372529 0.0044145761421538815 -0.019113858147101898 0.012080932047100494
leaf_weight=11.848261464387177 16.470206402242184 154.33301335573196 5.7454097568988791 11.388559915125368 19.652313243597749 14.33620886877179 42.311642732471228 29.423570908606052 175.35914280638099 14.862229824066164 11.976911317557095 8.0333732105791551 34.336840566247702 10.856485608965157
leaf_count=51 45 981 16 31 78 65 268 68 646 40 36 30 112 45
internal_value=0 0.0288411 -0.0305836 0.0053602 0.0213055 0.0373498 0.0239689 -0.0142975 -0.0385127 -0.0112948 -0.020249 0.0316751 -0.0193003 -0.0113622
internal_weight=560.934 288.743 272.192 77.7616 39.5339 210.981 56.6479 91.0871 181.105 38.2277 26.8391 27.6857 74.6169 45.1933
internal_count=2512 1580 932 266 159 1314 333 270 662 107 76 108 225 157
is_linear=0
shrinkage=0.03


Tree=18
num_leaves=15
num_cat=0
split_feature=18 5 18 5 4 20 2 28 42 22 31 42 18 22
split_gain=527.413 67.4642 37.0085 20.9861 20.714 18.5833 15.8788 11.8047 11.7547 10.5625 9.38148 7.23027 6.74514 6.04615
threshold=0.061212718486785896 0.081748697906732573 0.075556103140115752 0.10487447679042818 0.51687118411064159 0.011020614483966068 0.28823530673980718 0.0013124173280423281 0.026994814164936546 0.01827744580805302 1.0483226180076601 0.0099957864731550234 0.046589611098170287 0.019793121144175533
decision_type=2 2 2 2 2 2 2 2 2 2 2 2 2 2
left_child=1 6 3 7 9 -4 -1 -2 10 -3 -6 -7 -8 -14
right_child=2 4 5 -5 8 11 12 -9 -10 -11 -12 -13 13 -15
leaf_value=-0.010383835488768881 -0.0071143369307963651 0.0010248759531632369 0.0055572622474638371 -0.02635887650660388 -0.022481569699141109 -0.013157510975846562 0.03902296709658775 0.029371035106209593 0.034339089192867676 -0.034853957268049428 0.019143548382621712 -0.038860658111478784 0.0010594792186123451 0.029615192451889469
leaf_weight=5.7112652212381354 15.82832767441869 12.82757703959942 8.8726441413164121 25.148288458585739 7.9016408734023589 13.507222995162008 192.26741276867688 12.770580247044562 13.726618897169827 14.584591045975683 7.5866613835096359 193.17614566534758 9.9144652560353297 21.082896016538143
leaf_count=14 48 38 32 68 32 30 1189 44 71 36 28 710 46 126
internal_value=0 0.0283069 -0.0300029 -0.00732966 -0.000953248 -0.0355232 0.0355017 0.00993468 0.0160486 -0.0190344 -0.00206319 -0.0373375 0.0367706 0.0211904
internal_weight=554.906 285.603 269.303 53.7472 56.6271 215.556 228.976 28.5989 29.2149 27.4122 15.4883 206.683 223.265 30.9974
internal_count=2512 1580 932 160 205 772 1375 92 131 74 60 740 1361 172
is_linear=0
shrinkage=0.03


Tree=19
num_leaves=15
num_cat=0
split_feature=18 6 18 13 31 18 31 47 4 18 42 3 39 22
split_gain=502.533 60.0992 36.1978 21.714 11.7842 11.759 12.5993 11.3432 16.2375 8.90821 8.18732 9.18085 7.67469 7.42321
threshold=0.061212718486785896 0.41666667163372045 0.085785049945116057 0.07569159567356111 0.82211229205131542 0.040083907544612891 0.84913113713264476 0.14022319018840793 0.50922885537147533 0.049331394955515868 0.019893190823495392 0.62549021840095531 0.017142037861049179 0.03035503160208464
decision_type=2 2 2 2 2 2 2 2 2 2 2 2 2 2
left_child=1 3 7 4 -1 -3 -7 13 12 -6 -5 -12 -9 -2
right_child=2 5 -4 10 9 6 -8 8 -10 -11 11 -13 -14 -15
leaf_value=-0.005766356111820789 -0.0087648064843709288 0.04078381664619906 -0.037357054928817621 0.0092155588277952512 0.039169109266483017 -0.0012150889081946627 0.030915765076838932 0.0023947212756817624 0.020133890488044669 0.0010103256676941594 -0.033850894258134964 0.00030015747687027732 -0.029637151932485353 -0.033158028362132837
leaf_weight=10.611758414655922 22.125070665031672 149.54410167783499 175.94942077249289 11.369344044476746 20.820358976721767 14.262831944972275 41.474054981023073 10.808783471584322 16.30431680008769 7.6147003136575213 14.744295008480551 11.921382304280995 14.107194319367407 26.959175433963537
leaf_count=45 62 981 662 31 87 65 268 27 68 27 40 36 43 70
internal_value=0 0.0277893 -0.0294516 0.00498747 0.0202414 0.036206 0.0228844 -0.0135404 -0.0016696 0.0297869 -0.0108261 -0.0195227 -0.0164846 -0.022995
internal_weight=548.617 282.363 266.254 77.0818 39.0468 205.281 55.7369 90.3045 41.2203 28.4351 38.035 26.6657 24.916 49.0842
internal_count=2512 1580 932 266 159 1314 333 270 138 114 107 76 70 132
is_linear=0
shrinkage=0.03


Tree=20
num_leaves=15
num_cat=0
split_feature=18 16 22 18 17 11 4 5 6 2 5 38 10 45
split_gain=479.095 63.2863 35.5104 25.6713 16.8651 13.9801 11.5233 13.6886 9.32506 7.31047 6.85651 6.58233 6.1604 5.78617
threshold=0.061212718486785896 0.0073728760619690163 0.016449399292469028 0.085785049945116057 0.047883413732051856 0.48039215803146368 0.48222720623016363 0.10872498527169229 0.40980392694473272 0.40980392694473272 0.11698580905795099 0.062529183924198165 0.40588235855102545 0.016063792631030086
decision_type=2 2 2 2 2 2 2 2 2 2 2 2 2 2
left_child=1 8 -2 6 -3 -6 -4 13 9 -1 -10 -7 -5 -8
right_child=2 4 3 12 5 11 7 -9 10 -11 -12 -13 -14 -15
leaf_value=0.026796368037060279 0.027720543590041325 0.030245705421207445 -0.029862439794966472 -0.039105099332476453 0.011528694599191387 -0.001679619160448538 -0.0079937746054180945 -0.020495249410148162 0.037512158385429699 -0.0036617443131615099 0 -0.031761770619286346 -0.011979422826820499 0.020912997028475089
leaf_weight=17.894127484411005 8.10525134205818 9.9821438752114755 33.415288146585226 160.86839515343308 16.313787326216698 10.351247593760492 8.7219182923436183 27.842381291091442 191.93395387753844 10.100046735256909 4.3427299074828616 18.206567283719778 10.535616382956503 13.758191857486961
leaf_count=75 22 30 92 605 50 28 18 80 1280 41 16 60 53 62
internal_value=0 0.0272905 -0.028918 -0.0309305 -0.00151264 -0.00963073 -0.0166598 -0.00702919 0.0342997 0.0161959 0.0366772 -0.0217798 -0.0376125 0.00983829
internal_weight=542.372 279.125 263.247 255.142 54.8537 44.8716 83.7378 50.3225 224.271 27.9942 196.277 28.5578 171.404 22.4801
internal_count=2512 1580 932 910 168 138 252 160 1412 116 1296 88 658 80
is_linear=0
shrinkage=0.03


Tree=21
num_leaves=15
num_cat=0
split_feature=5 6 19 22 22 22 34 31 16 3 22 33 11 48
split_gain=376.21 69.3636 49.9695 38.2904 28.5395 27.1525 19.0108 17.7689 17.0343 16.8718 16.647 13.8584 12.8381 7.62354
threshold=0.081748697906732573 0.42549020051956182 0.10259874537587167 0.016056254506111148 0.029135359451174739 0.026491448283195499 0.016934566570881229 0.84913113713264476 0.0052745409604519787 0.63941103219985973 0.035715123638510711 0.036165779456496246 0.50392159819602977 0.026987032033503059
decision_type=2 2 2 2 2 2 2 2 2 2 2 2 2 2
left_child=1 3 -2 7 -3 9 -6 -1 10 11 -7 -4 -5 -11
right_child=2 4 5 12 6 8 -8 -9 -10 13 -12 -13 -14 -15
leaf_value=-0.0084530059330888141 0.029544797942241904 0.038921194705325006 0.002029253505361801 -0.032000941556683295 -0.018785731464268946 0.016052070872599057 0.035369044338174338 0.03229339415826276 -0.03928238885251522 0.025870072183342484 -0.02610295736194811 -0.032294000504782164 0.004473599076926793 -0.005626301631082754
leaf_weight=12.616309620440004 12.714472919702528 167.765943614766 14.566209279000757 24.772411577403545 13.585793368518354 9.4939435571432096 7.3203982040286055 30.053452007472515 139.56286054477096 9.711887504905464 33.233603537082672 33.332379855215549 11.999071456491945 15.274557255208491
leaf_count=51 44 1144 42 69 34 46 52 116 528 42 155 89 44 56
internal_value=0 0.0250332 -0.0250473 0.00140527 0.034847 -0.0279877 0.00147834 0.0203396 -0.0341642 -0.0119999 -0.0163702 -0.022133 -0.0204046 0.00751472
internal_weight=536.003 268.113 267.89 79.4412 188.672 255.175 20.9062 42.6698 182.29 72.885 42.7275 47.8986 36.7715 24.9864
internal_count=2512 1510 1002 280 1230 958 86 167 729 229 201 131 113 98
is_linear=0
shrinkage=0.03


Tree=22
num_leaves=15
num_cat=0
split_feature=18 5 18 4 2 42 33 23 22 31 18 24 12 47
split_gain=436.71 58.7205 34.0296 17.3478 14.761 11.2821 10.6432 9.8295 9.65396 8.67335 6.44155 6.16739 7.03834 13.9063
threshold=0.061212718486785896 0.081748697906732573 0.085785049945116057 0.51687118411064159 0.28823530673980718 0.026994814164936546 0.024891070090234283 0.056862726807594306 0.01827744580805302 1.0483226180076601 0.046589611098170287 0.013347621464849869 0.51338019967079174 0.14113168418407443
decision_type=2 2 2 2 2 2 2 2 2 2 2 2 2 2
left_child=1 4 6 8 -1 9 -2 -4 -3 -5 -6 -8 -13 -14
right_child=2 3 7 5 10 -7 11 -9 -10 -11 -12 12 13 -15
leaf_value=-0.010698780325281612 0.0085305241982569883 0.0014212521872519019 0.0019279386880087766 -0.022591425495357052 0.036938147152074628 0.032853237982463965 0.0050188582666293091 -0.037163683127913301 -0.033053022722953324 0.017640645194387752 0.019417720052745693 -0.03022003147935387 -0.025001616561307703 0.012945213135555926
leaf_weight=5.7013160139322272 16.27826002240181 12.70834791660309 5.6500062420964232 7.8385653793811816 181.1181226214394 13.356452342122791 8.7871481589972955 162.6269383020699 14.253778092563151 7.4587102830410004 30.099612861871719 31.85436038300395 18.906017918139696 13.116479672491549
leaf_count=14 45 38 16 32 1189 71 21 646 36 28 172 90 55 59
internal_value=5.79052e-07 0.0263745 -0.02792 -0.00106277 0.0333683 0.0146507 -0.0124696 -0.0358263 -0.0177243 -0.00302993 0.034661 -0.0173168 -0.020494 -0.00952306
internal_weight=529.754 272.535 257.219 55.6159 216.919 28.6537 88.9423 168.277 26.9621 15.2973 211.218 72.664 63.8769 32.0225
internal_count=2512 1580 932 205 1375 131 270 662 74 60 1361 225 204 114
is_linear=0
shrinkage=0.03


Tree=23
num_leaves=15
num_cat=0
split_feature=18 16 18 38 11 31 22 6 5 9 14 14 18 45
split_gain=416.455 57.1357 33.2301 15.2341 16.8584 10.4375 9.28865 9.83026 17.0815 12.1299 9.03125 7.42838 6.96683 8.83075
threshold=0.061212718486785896 0.0073728760619690163 0.085785049945116057 0.048747086897492416 0.48039215803146368 0.82545971870422374 0.017709400504827503 0.38490200042724615 0.055669240653514869 0.095098715275526061 0.41249433159828192 0.39183707535266882 0.040396185591816909 0.012857523281127216
decision_type=2 2 2 2 2 2 2 2 2 2 2 2 2 2
left_child=1 10 5 -3 -5 -2 -7 -8 -9 -10 11 -1 -12 -14
right_child=2 3 -4 4 -6 6 7 8 9 -11 12 -13 13 -15
leaf_value=0.025287248809142494 -0.027746534239990253 0.023351535683707403 -0.035333264494273875 0.011359739961949611 -0.026436460400337747 0.020004657070198356 -0.02297963195449217 -0.027848081370306085 0.039828503835171038 -0.0043187741368657506 0.038974544960236973 -0.0058218822625860835 0.00052828082886387196 0.030357032425538895
leaf_weight=18.207927964627746 25.286537546664476 14.008321285247801 165.57328615710139 16.489965196698904 23.61789058893919 9.0893685147166234 25.351547192782164 9.3654708266258258 8.9407877326011675 10.540636703372 137.78673446923494 9.3181810043752176 11.866006672382353 37.911635309457779
leaf_count=73 76 45 662 51 72 23 76 17 32 46 982 44 61 252
internal_value=0 0.025913 -0.027428 -0.00155724 -0.0110242 -0.0121636 -0.00523223 -0.0100793 0.00191554 0.0176243 0.0327889 0.0149735 0.035202 0.0235995
internal_weight=523.354 269.207 254.148 54.1162 40.1079 88.5743 63.2878 54.1984 28.8469 19.4814 215.09 27.5261 187.564 49.7776
internal_count=2512 1580 932 168 123 270 194 171 95 78 1412 117 1295 313
is_linear=0
shrinkage=0.03


Tree=24
num_leaves=15
num_cat=0
split_feature=18 16 24 18 47 24 2 2 8 31 14 46 20 42
split_gain=397.451 62.3744 28.5726 23.7329 24.5576 23.6192 11.8497 9.47078 13.6212 12.6623 8.42455 8.13778 14.9312 7.08857
threshold=0.064079232513904585 0.00053245161701044065 0.0021815606725146203 0.075556103140115752 0.18459583818912509 0.0014254561459667097 0.28823530673980718 0.27862764894962316 0.33539329469203955 1.1623476743698122 0.41249433159828192 0.035218166187405593 0.023153615552325587 0.0099957864731550234
decision_type=2 2 2 2 2 2 2 2 2 2 2 2 2 2
left_child=1 10 -2 4 -4 6 -3 -7 -9 11 -1 -10 -13 -5
right_child=2 5 3 13 -6 7 -8 8 9 -11 -12 12 -14 -15
leaf_value=0.010552676079635222 0.02763423048418227 -0.0078057344222736968 -0.024664491868409178 -0.010407042859600764 0.022761753655653486 -0.032677174304625661 0.032909534036530907 0.031384216325777495 -0.028817760809294126 0.015864877185518815 0.037017618896843386 0.021911682183102861 -0.029792937835518198 -0.03563483982084667
leaf_weight=14.016511391848324 6.4997766315937033 7.2106179371476165 25.240545369684696 13.099234007298945 13.448468815535305 7.80582471191883 27.772607568651438 7.9611337631940833 18.752856504172087 13.722670730203388 162.72013619076461 9.6154712177813071 6.8590668849647036 182.21390675008297
leaf_count=63 12 21 62 31 52 22 122 23 76 51 1163 65 14 735
internal_value=3.28492e-06 0.0244638 -0.0280696 -0.0298506 -0.0077967 0.00530055 0.024468 -0.00543849 -0.00066903 -0.00696831 0.0350771 -0.0163179 -0.000347674 -0.0340807
internal_weight=516.939 276.437 240.502 234.002 38.689 99.7002 34.9832 64.717 56.9112 48.9501 176.737 35.2274 16.4745 195.313
internal_count=2512 1620 892 880 114 394 143 251 229 206 1226 155 79 766
is_linear=0
shrinkage=0.03


Tree=25
num_leaves=15
num_cat=0
split_feature=5 20 19 10 22 45 9 16 12 19 2 38 26 46
split_gain=314.643 64.6962 43.8026 26.3551 24.3097 22.5702 33.0303 11.1353 11.0888 10.6515 10.1772 7.93338 7.69946 6.83844
threshold=0.081748697906732573 0.0023124813321385904 0.10259874537587167 0.48411770164966589 0.026491448283195499 0.013334879186004402 0.042747821658849723 0.061788305511128891 0.40544663369655615 0.39095181226730352 0.33137255907058721 0.28869631886482244 0.02613959833979607 0.031262610107660301
decision_type=2 2 2 2 2 2 2 2 2 2 2 2 2 2
left_child=1 10 -2 4 7 6 11 12 -9 13 -1 -3 -4 -7
right_child=2 5 3 -5 -6 9 -8 8 -10 -11 -12 -13 -14 -15
leaf_value=-0.003820875065802871 0.028212571406417898 -0.0088960649223887005 -0.030404696434630906 0.015602435901765657 -0.034756328029692342 0.0029782744368987454 -0.02977460707929076 -0.019032608585207413 0.015832616482479363 -0.0084023954018886144 0.03588928610807153 0.033704290217992872 0 0.033292989765300117
leaf_weight=5.5045755952596656 12.412377044558523 4.4759257324039927 29.009755991399288 11.584818895906208 163.23555863276124 9.8433398269116861 29.634495258331299 12.276179123669865 17.303247164934874 9.76024107262492 159.98123693373054 11.111395366489885 10.061417642980812 24.382538445293903
leaf_count=17 44 22 78 66 681 40 77 40 51 26 1130 76 42 122
internal_value=6.92322e-06 0.0235258 -0.0233919 -0.0262434 -0.0284623 0.00278712 -0.0118082 -0.0128939 0.000978738 0.0177187 0.0345206 0.0216804 -0.0230056 0.0253031
internal_weight=510.577 254.694 255.883 243.471 231.886 89.2079 45.2218 68.6506 29.5794 43.9861 165.486 15.5873 39.0712 34.2259
internal_count=2512 1510 1002 958 892 363 175 211 91 188 1147 98 120 162
is_linear=0
shrinkage=0.03


Tree=26
num_leaves=15
num_cat=0
split_feature=18 16 24 18 47 17 5 4 39 6 36 30 10 9
split_gain=363.625 58.6639 26.7786 22.7754 23.0152 22.1659 18.2578 9.42714 8.75865 8.41831 7.80699 7.02469 6.22454 6.85172
threshold=0.064079232513904585 0.00053245161701044065 0.0021815606725146203 0.075556103140115752 0.18459583818912509 0.04530064947903157 0.081748697906732573 0.51687118411064159 0.018469106405973438 0.40980392694473272 0.001215855358168483 0.014503512997180225 0.40588235855102545 0.10598051920533182
decision_type=2 2 2 2 2 2 2 2 2 2 2 2 2 2
left_child=1 9 -2 4 -4 -3 8 -8 10 -1 -7 -9 -5 -14
right_child=2 5 3 12 -6 6 7 11 -10 -11 -12 -13 13 -15
leaf_value=0.0096936691748757946 0.02669101707881661 0.034107633857357537 -0.023781539791505359 -0.034934561406523255 0.022251845467569555 0.018548980358203345 -0.025616688097273729 -0.018188808447869572 0.03195539752840916 0.036178859478964584 -0.011826237278781767 0.01706003724381568 0.0085643122785312841 -0.027034007998063572
leaf_weight=13.812641281634567 6.5086452439427367 17.166724283248186 24.944581363350153 172.94416094571352 13.409357294440268 12.261679228395225 25.910951249301434 6.7556256912648704 12.150898035615681 157.48406107164919 14.32581966742873 10.13427998125553 6.7099131681025055 10.070779904723166
leaf_count=62 12 76 62 690 52 56 74 19 65 1164 57 47 23 53
internal_value=1.04289e-05 0.023674 -0.0271828 -0.0289519 -0.00730776 0.0050659 -0.00168262 -0.0148932 0.0128543 0.034197 0.00239498 0.00236935 -0.0331899 -0.0132438
internal_weight=504.59 270.003 234.587 228.079 38.3539 98.706 81.5393 42.8009 38.7384 171.297 26.5875 16.8899 189.725 16.7807
internal_count=2512 1620 892 880 114 394 318 140 178 1226 113 66 766 76
is_linear=0
shrinkage=0.03


Tree=27
num_leaves=15
num_cat=0
split_feature=18 18 13 6 20 29 19 20 18 42 18 18 22 31
split_gain=347.43 53.8481 31.27 29.1587 16.7623 13.8133 12.3823 8.54356 8.98519 7.62174 6.6322 6.41936 9.72486 9.07726
threshold=0.052726620808243758 0.075556103140115752 0.11566568538546564 0.40980392694473272 0.011020614483966068 0.0093908202834427374 0.10803132131695749 0.23444921725849563 0.05438546463847161 0.0099957864731550234 0.042942896485328681 0.040083907544612891 0.019192371517419819 1.002397954463959
decision_type=2 2 2 2 2 2 2 2 2 2 2 2 2 2
left_child=3 2 7 5 -3 -1 -7 8 -2 -6 -8 -5 13 -13
right_child=1 4 -4 11 9 6 10 -9 -10 -11 -12 12 -14 -15
leaf_value=0.026260147164721477 -0.013039311562491164 0.0081672375486550944 -0.028005107388834542 0.037431239570397686 -0.0084699947538449723 0.020423515512684894 -0.033534002034965316 -0.01514937229603857 0.01912607746447512 -0.034646556936980828 -0.00084782813257094415 -0.01851251464479782 0.031854755644876838 0.024617369987245952
leaf_weight=19.139646530151367 7.8152345530688754 8.5054934769868833 27.852928593754768 131.5337770562619 12.578634075820444 9.6740890145301837 9.5907234400510806 9.0985053814947587 44.377580251544714 168.98431472480297 11.367348380386828 7.9574193544685823 23.777637355029583 5.8533832803368568
leaf_count=73 28 32 71 992 30 34 30 23 198 710 41 39 173 38
internal_value=1.83502e-05 -0.022093 -0.00272242 0.028181 -0.0310394 0.00754348 -0.00495188 0.00924142 0.0139509 -0.0329614 -0.0175545 0.0340778 0.0209691 0.00037903
internal_weight=498.107 279.213 89.1442 218.894 190.068 49.7718 30.6322 61.2913 52.1928 181.563 20.9581 169.122 37.5884 13.8108
internal_count=2512 1092 320 1420 772 178 105 249 226 740 71 1242 250 77
is_linear=0
shrinkage=0.03


Tree=28
num_leaves=15
num_cat=0
split_feature=18 18 6 1 20 29 19 20 18 42 18 31 33 18
split_gain=331.895 51.928 28.4872 24.3272 16.2362 13.1814 11.7942 9.88903 8.28683 7.46328 6.39059 7.8973 7.00724 6.29176
threshold=0.052726620808243758 0.075556103140115752 0.40980392694473272 0.1083420366048813 0.011020614483966068 0.0093908202834427374 0.10803132131695749 0.40072428385416675 0.05438546463847161 0.0099957864731550234 0.040083907544612891 0.70477527379989635 0.015611447393894197 0.042942896485328681
decision_type=2 2 2 2 2 2 2 2 2 2 2 2 2 2
left_child=2 3 5 7 -3 -1 -7 8 -2 -6 -4 -12 -13 -8
right_child=1 4 10 -5 9 6 13 -9 -10 -11 11 12 -14 -15
leaf_value=0.025724397581808778 -0.012712926515088704 0.0079554178466298992 0.037051115546874867 -0.024306588453714254 -0.0082712139922466298 0.020001539700331195 -0.032660382996241695 -0.019557632980613894 0.018156446092760493 -0.034202310398697137 -0.012037420282195477 -0.0041994242787757501 0.031378724008753765 -0.00082620901628823167
leaf_weight=18.995952244848013 7.8265736885368815 8.522982541471718 128.95628691650927 29.061264880001545 12.543115958571432 9.6247855946421641 9.6051080636680144 7.9603520259261122 43.969195175915956 166.11337750777602 4.5322132296860209 5.2988344915211192 27.414075545966625 11.367181334644554
leaf_count=73 28 32 992 80 30 34 30 18 194 710 15 38 197 41
internal_value=1.98449e-05 -0.0217 0.027757 -0.0026766 -0.030587 0.00735662 -0.00483349 0.00824067 0.013137 -0.0325101 0.0336666 0.0205808 0.0256194 -0.0171107
internal_weight=491.791 275.997 215.794 88.8174 187.179 49.593 30.5971 59.7561 51.7958 178.656 166.201 37.2451 32.7129 20.9723
internal_count=2512 1092 1420 320 772 178 105 240 222 740 1242 250 235 71
is_linear=0
shrinkage=0.03


Tree=29
num_leaves=15
num_cat=0
split_feature=5 20 24 10 24 35 22 22 1 2 21 21 38 16
split_gain=262.949 56.6488 39.2981 33.6593 19.8992 23.6831 16.1693 10.6077 10.1122 10.0337 8.96427 9.26719 8.25712 8.00278
threshold=0.081748697906732573 0.0023124813321385904 0.00075127138233934364 0.48411770164966589 0.97908126120071703 0.038686681538820274 0.026491448283195499 0.013667536433786156 0.085445065051317229 0.33137255907058721 0.03958432003855706 0.080956026911735549 0.061564939096570022 0.0075459039548022603
decision_type=2 2 2 2 2 2 2 2 2 2 2 2 2 2
left_child=1 9 -2 6 5 7 8 -3 -4 -1 12 -12 -10 -9
right_child=2 4 3 -5 -6 -7 -8 13 10 -11 11 -13 -14 -15
leaf_value=-0.0050053792824761526 0.024138940856281273 0.010421369780125426 -0.034551764891902724 0.018613456662642133 0.030502832090781886 0.034393574060537599 -0.03314409812414288 -0.0074420282750139238 0.0015680025101563915 0.034301336100259733 0.022016308890091572 -0.013739665787706544 -0.031020674953479248 -0.032931581009784217
leaf_weight=5.4471921026706687 14.106543991714714 13.375484172254799 14.961195789277552 13.620501317083834 16.232648301869631 9.8572263084351999 151.99956826120615 28.570243880152702 10.983979750424625 149.64034982770681 12.706456560641529 9.8282216936349851 15.712507814168928 18.454544462263584
leaf_count=17 47 43 37 83 112 50 677 113 27 1130 59 24 48 45
internal_value=1.8011e-05 0.0221173 -0.0218588 -0.0248791 0.00252105 -0.00456782 -0.0277785 -0.0118729 -0.0144105 0.0328555 -0.00712123 0.00645071 -0.0183331 -0.0184418
internal_weight=485.497 241.578 243.919 229.812 86.4901 70.2575 216.192 60.4003 64.1924 155.088 49.2312 22.5347 26.6965 47.0248
internal_count=2512 1510 1002 955 363 251 872 201 195 1147 158 83 75 158
is_linear=0
shrinkage=0.03


Tree=30
num_leaves=15
num_cat=0
split_feature=18 16 22 24 18 47 4 6 31 2 31 46 40 10
split_gain=303.835 53.0088 26.3195 19.8749 16.9883 15.1374 11.1165 10.6121 8.5976 8.04749 11.2952 15.3968 8.01342 7.03808
threshold=0.064079232513904585 0.00053245161701044065 0.016449399292469028 0.0014254561459667097 0.085785049945116057 0.17978271096944812 0.46459750831127172 0.27549020946025854 0.70477527379989635 0.27862764894962316 1.1623476743698122 0.035218166187405593 0.078963227570056929 0.58235296607017528
decision_type=2 2 2 2 2 2 2 2 2 2 2 2 2 2
left_child=1 8 -2 7 5 -4 -7 -3 13 -5 11 -11 -13 -1
right_child=2 3 4 9 -6 6 -8 -9 -10 10 -12 12 -14 -15
leaf_value=-0.0063807778518373982 0.024732026241356231 -0.0079597530264533447 -0.023163949213586135 -0.030941757011319578 -0.033323205410134615 -0.014332293320177773 0.02684133610044475 0.030864472225795549 0.034941632121537808 -0.028368978932944308 0.018946887272709156 0.023399214400918144 -0.010456655571692718 0.030192071492221115
leaf_weight=9.4976547956466657 7.5022019743919364 7.1160600557923308 49.386255279183388 7.5392387360334387 145.94100219383836 9.6754243336617964 10.060132969170807 26.164774131029844 144.71095043607056 18.33990978077054 15.846080742776392 11.098534323275091 10.307613551616667 6.3139893412590018
leaf_count=41 18 21 143 22 658 28 45 122 1143 76 55 70 28 42
internal_value=2.00446e-05 0.0221733 -0.0255106 0.00441482 -0.0274888 -0.0145375 0.00705639 0.0224975 0.0326353 -0.00546982 -0.00100875 -0.00956314 0.00746808 0.00980553
internal_weight=479.5 256.935 222.565 96.4122 215.063 69.1218 19.7356 33.2808 160.523 63.1314 55.5921 39.7461 21.4061 15.8116
internal_count=2512 1620 892 394 874 216 73 143 1226 251 229 174 98 83
is_linear=0
shrinkage=0.03


Tree=31
num_leaves=15
num_cat=0
split_feature=18 18 6 13 18 29 19 23 18 28 33 18 22 31
split_gain=290.98 46.9973 27.1113 19.1535 13.9479 12.4625 9.90415 9.40543 7.64005 6.56177 9.55765 6.5111 9.20384 8.39592
threshold=0.052726620808243758 0.085785049945116057 0.40980392694473272 0.11566568538546564 0.074747651815414443 0.0070605596993118533 0.10511775687336923 0.056862726807594306 0.054636124521493919 0.0028453759291023448 0.024753830395638946 0.040083907544612891 0.019192371517419819 1.002397954463959
decision_type=2 2 2 2 2 2 2 2 2 2 2 2 2 2
left_child=2 3 5 4 8 -1 -7 -3 -2 10 -10 -4 13 -13
right_child=1 7 11 -5 -6 6 -8 -9 9 -11 -12 12 -14 -15
leaf_value=0.031578774727651068 -0.011754000796480217 0.0046496078092946912 0.036087176276257946 -0.022774398284010403 -0.017992097597592932 0.019700544212896035 -0.011878091361673551 -0.033531268027466928 0.026671178105505684 0.028321130855746886 -0.0062452411086416542 -0.018676011949237566 0.030280833021422583 0.023260098729667666
leaf_weight=11.340976245701311 10.740949578583239 5.4364616721868506 121.90364118479192 41.106069605797529 20.955362502485514 11.004081979393957 26.551451683044434 139.80067015811801 10.206758104264738 17.303330600261688 20.894174601882696 7.8773916736245138 22.595713023096323 5.6013278141617775
leaf_count=45 36 16 992 125 61 38 95 646 39 88 81 39 173 38
internal_value=2.39953e-05 -0.0206315 0.0265843 -0.00664092 0.00195503 0.00664765 -0.00202119 -0.032038 0.00942877 0.0144686 0.0054255 0.032576 0.0193599 -0.00030123
internal_weight=473.318 266.444 206.875 121.207 80.1006 48.8965 37.5555 145.237 59.1452 48.4043 31.1009 157.978 36.0744 13.4787
internal_count=2512 1092 1420 430 305 178 133 662 244 208 120 1242 250 77
is_linear=0
shrinkage=0.03


Tree=32
num_leaves=15
num_cat=0
split_feature=18 18 6 13 18 23 48 20 34 27 23 18 22 31
split_gain=278.119 45.7227 26.4281 18.2536 13.2567 11.1545 9.34579 8.72254 7.69277 8.49816 6.65734 6.48453 8.86893 8.03647
threshold=0.052726620808243758 0.085785049945116057 0.40980392694473272 0.11566568538546564 0.074747651815414443 0.045391988009214408 0.013859130907803776 0.00099645215769308352 0.020343234106076576 0.03177881799638272 0.033431015908718116 0.040083907544612891 0.019192371517419819 1.002397954463959
decision_type=2 2 2 2 2 2 2 2 2 2 2 2 2 2
left_child=2 3 6 4 8 -3 -1 10 9 -2 -8 -4 13 -13
right_child=1 5 11 -5 -6 -7 7 -9 -10 -11 -12 12 -14 -15
leaf_value=0.021927127607324057 0.012355586235893713 0.0097763413874936977 0.035756743256758074 -0.022301054449325675 -0.017594611337426829 -0.033210869824328755 0.0017416532833116445 0.016255457943642696 0.019169099156272511 -0.018402261995532063 -0.031196185733241781 -0.018154899490970277 0.029838215486273304 0.022930920454955196
leaf_weight=18.944667063653469 15.388220075517895 4.7079101204872122 119.39571116678417 40.766829147934914 20.832963958382607 137.92998416349292 10.063166320323949 10.368737015873192 30.570000525563955 13.09460900351405 9.3375001959502679 7.9171872958540899 22.27747330442071 5.5409125201404095
leaf_count=78 51 13 992 125 61 649 37 31 142 51 32 39 173 38
internal_value=3.39546e-05 -0.0202634 0.0262072 -0.00647421 0.00191324 -0.0316557 0.00651967 -0.00395404 0.00919538 -0.00196613 -0.015405 0.0322086 0.0190078 -0.000266881
internal_weight=467.136 263.291 203.845 120.653 79.8858 142.638 48.7141 29.7694 59.0528 28.4828 19.4007 155.131 35.7356 13.4581
internal_count=2512 1092 1420 430 305 662 178 100 244 102 69 1242 250 77
is_linear=0
shrinkage=0.03


Tree=33
num_leaves=15
num_cat=0
split_feature=18 18 14 13 18 29 23 19 34 27 24 18 22 28
split_gain=265.811 44.4319 25.8585 17.3712 12.5828 11.9652 10.8559 9.98267 7.29537 8.06935 6.99743 6.38532 8.86954 6.60303
threshold=0.052726620808243758 0.085785049945116057 0.41249433159828192 0.11566568538546564 0.074747651815414443 0.0070605596993118533 0.045391988009214408 0.10511775687336923 0.020343234106076576 0.03177881799638272 0.0085093611671620377 0.040396185591816909 0.019192371517419819 0.0014890454904822722
decision_type=2 2 2 2 2 2 2 2 2 2 2 2 2 2
left_child=2 3 5 4 8 -1 -3 -7 9 -2 -9 -4 13 -13
right_child=1 6 11 -5 -6 7 -8 10 -10 -11 -12 12 -14 -15
leaf_value=0.030849384464785672 0.012043063069859996 0.0095563800203577222 0.035397629869133043 -0.021838299496987734 -0.017206109328300745 0.019460064169667741 -0.032846575806397368 -0.022469794453752093 0.018682355865287967 -0.017947721295872299 0.0081728101038683124 0.018377764411584549 0.029602104391402109 -0.018742849069524215
leaf_weight=11.270407393574713 15.366161841899158 4.7176691964268676 117.25224348157644 40.429297916591167 20.711277436465025 11.136434324085711 135.33744288235903 17.350237056612972 30.478964161127806 13.074410974979399 8.7970360331237298 6.3469835184514505 21.791976321488619 6.9128530696034431
leaf_count=46 51 13 996 125 61 40 649 62 142 51 31 48 170 27
internal_value=3.78023e-05 -0.0199105 0.0258277 -0.00632461 0.00185716 0.00635885 -0.0312827 -0.00216166 0.00895237 -0.00191881 -0.0122056 0.031852 0.0186398 -0.000698131
internal_weight=460.973 260.115 200.858 120.06 79.6308 48.5541 140.055 37.2837 58.9195 28.4406 26.1473 152.304 35.0518 13.2598
internal_count=2512 1092 1420 430 305 179 662 133 244 102 93 1241 245 75
is_linear=0
shrinkage=0.03


Tree=34
num_leaves=15
num_cat=0
split_feature=18 18 10 29 13 18 23 18 18 22 10 24 43 28
split_gain=254.196 43.1827 25.2775 17.7664 16.5319 11.9437 10.5676 7.18345 6.19484 8.32948 7.82311 6.16699 5.64701 6.63461
threshold=0.052726620808243758 0.085785049945116057 0.35882353782653814 0.0093908202834427374 0.11566568538546564 0.074747651815414443 0.045391988009214408 0.054636124521493919 0.03911294229328633 0.018517450429499153 0.4450980424880982 0.92005787037037046 0.05210359767079354 0.0030874478742566685
decision_type=2 2 2 2 2 2 2 2 2 2 2 2 2 2
left_child=2 4 3 -1 5 7 -3 -2 -4 10 -10 12 13 -9
right_child=1 6 8 -5 -6 -7 -8 11 9 -11 -12 -13 -14 -15
leaf_value=0.026115809783053761 -0.011820385973593021 0.0093418256421085276 0.03505259017597305 -0.010768117489211852 -0.02138567687607356 -0.01682628685819226 -0.032491316892223752 -0.0042813417639075597 0.016469045793512854 0.028969305936638413 -0.022981521732583707 -0.010028333372204089 0.031044283677797005 0.025144575389018695
leaf_weight=18.501201692968607 10.694434773176907 4.7270295619964591 112.22977390047163 25.627567257732153 40.09388006478548 20.590427920222282 132.77345261350274 15.510439168661835 9.5639756470918638 26.486635150387883 5.4239943213760844 6.9685073345899573 16.007341243326664 9.6024656668305379
leaf_count=104 36 13 937 84 125 61 649 63 59 209 27 25 79 41
internal_value=4.4635e-05 -0.0195647 0.0254714 0.00509245 -0.00617874 0.00180268 -0.0309183 0.00871629 0.0311624 0.0194383 0.000990875 0.0136329 0.0179915 0.00788447
internal_weight=454.801 256.968 197.833 44.1288 119.467 79.3736 137.5 58.7832 153.704 41.4746 14.988 48.0888 41.1202 25.1129
internal_count=2512 1092 1420 188 430 305 662 244 1232 295 86 208 183 104
is_linear=0
shrinkage=0.03


Tree=35
num_leaves=15
num_cat=0
split_feature=18 18 14 22 12 44 23 8 48 30 3 8 18 44
split_gain=242.918 42.1259 24.7984 14.5187 19.5024 9.69464 10.1837 8.98058 8.42806 8.24749 7.74204 6.57893 6.37573 15.2217
threshold=0.052726620808243758 0.09203896671533586 0.41249433159828192 0.016449399292469028 0.51137623190879833 0.1381502375006676 0.050000011920928962 0.32215236127376562 0.013859130907803776 0.017391252331435684 0.72745099663734447 0.54764142632484447 0.040396185591816909 0.051637910306453712
decision_type=2 2 2 2 2 2 2 2 2 2 2 2 2 2
left_child=2 3 8 -2 7 6 -6 -5 -1 -8 -7 -12 -4 -14
right_child=1 -3 12 4 5 10 9 -9 -10 -11 11 -13 13 -15
leaf_value=0.020758045822511183 0.019617519057479105 -0.032107851841233742 0.034802348544735143 0.0033460106182375037 0.02007268532227648 0.036235483986957445 -0.027176868697297935 -0.027519320474895276 -0.0039619935926945866 0.0043839287281679223 -0.015553038275666434 0.018707213545537685 -0.016831259171329781 0.028006537806234237
leaf_weight=18.669132322072983 13.875732231885193 118.92811096459627 112.44681112188846 9.4165475741028768 7.0560563541948786 7.8626379854977158 18.907919365912679 51.043744303286076 29.43386634811759 10.582515630871056 7.8567939884960678 8.3180217631161195 7.3413012214004985 27.028390690684319
leaf_count=79 45 602 996 34 29 39 58 156 100 59 20 50 36 209
internal_value=4.94349e-05 -0.0192224 0.0251031 -0.00753916 -0.0109449 0.00109971 -0.00843842 -0.0227109 0.0060178 -0.016197 0.0152509 0.00202029 0.0311711 0.0179479
internal_weight=448.768 253.848 194.92 134.92 121.044 60.5839 36.5465 60.4603 48.103 29.4904 24.0375 16.1748 146.817 34.3697
internal_count=2512 1092 1420 490 445 255 146 190 179 117 109 70 1241 245
is_linear=0
shrinkage=0.03


Tree=36
num_leaves=15
num_cat=0
split_feature=18 18 6 24 16 47 23 15 29 21 20 45 37 18
split_gain=231.96 41.1257 24.2731 15.391 17.8984 16.5855 15.7918 12.7156 10.7075 8.69388 9.40706 7.21268 7.20365 6.47678
threshold=0.052726620808243758 0.09203896671533586 0.40980392694473272 0.00092458858543417375 0.0062015241702741706 0.18459583818912509 0.096078410744667067 0.80099037289619457 0.0070605596993118533 0.012240009382367136 0.0011048318849070731 0.018153049051761631 0.077915489673614516 0.040083907544612891
decision_type=2 2 2 2 2 2 2 2 2 2 2 2 2 2
left_child=2 3 8 -2 6 -6 11 -8 -1 -10 -11 -5 -7 -4
right_child=1 -3 13 4 5 12 7 -9 9 10 -12 -13 -14 -15
leaf_value=0.029569237559332006 0.029531801945638932 -0.03176292396063872 0.03455557032813715 0.0016902255299975641 -0.028053882988708572 0.018095707757944331 -0.023119915037345277 0.016843384441902635 0.014581086691736486 -0.028463535386564952 0.0081964260064689189 0.03574285551522724 -0.012952915751741763 0.017603552369208034
leaf_weight=10.792153134942053 7.5711032524704924 116.66900200024247 109.72154017724097 9.9914347417652625 52.718060705810785 10.978378742933275 20.183136969804767 8.792190879583357 14.746774248778818 12.974592767655851 9.4649401940405351 12.00872018560767 11.940886992961167 34.380590993911028
leaf_count=45 21 602 992 38 170 34 69 58 54 44 35 70 30 250
internal_value=5.77549e-05 -0.0188707 0.0247331 -0.00733743 -0.00999039 -0.019073 0.00364102 -0.0105921 0.00586617 -0.00209441 -0.0134724 0.0218324 0.00205776 0.0308279
internal_weight=442.934 250.853 192.081 134.184 126.613 75.6373 50.9755 28.9753 47.9785 37.1863 22.4395 22.0002 22.9193 144.102
internal_count=2512 1092 1420 490 469 234 235 127 178 133 79 108 64 1242
is_linear=0
shrinkage=0.03


Tree=37
num_leaves=15
num_cat=0
split_feature=18 18 10 13 29 18 23 34 42 24 37 18 18 45
split_gain=221.65 42.1993 22.0606 16.2375 15.92 11.107 10.3344 7.70254 9.07637 5.749 6.16284 5.46423 5.401 8.39118
threshold=0.051332747563719756 0.085785049945116057 0.35882353782653814 0.11566568538546564 0.0070605596993118533 0.074747651815414443 0.045391988009214408 0.020101495726495732 0.01128229917958379 0.018251235875706217 0.016050148755311969 0.078925814479589476 0.03911294229328633 0.016397525556385521
decision_type=2 2 2 2 2 2 2 2 2 2 2 2 2 2
left_child=2 3 4 5 -1 7 -3 8 -2 10 -6 -5 -4 -14
right_child=1 6 12 11 9 -7 -8 -9 -10 -11 -12 -13 13 -15
leaf_value=0.031241825233123258 0.019154055534404437 0.0098890388743874784 0.034190058492119146 -0.026294597555230351 0.0006055192484109177 -0.016004486604012162 -0.031512969071435144 0.018289536869482769 -0.01337183692401433 0.010389705585209085 -0.031291175209468107 0 0.00022124135160025778 0.029192973787065219
leaf_weight=12.299262657761572 9.7516107857227343 4.6814877390861502 105.40952215436846 30.677811719477177 10.085585102438932 20.244099818170071 125.510822115466 32.424418032169342 20.487155679613352 9.5628865547478181 9.2481599189341051 9.1265451312065107 14.355085186660288 23.241841619834304
leaf_count=80 37 13 937 86 34 61 649 163 72 36 29 41 95 179
internal_value=6.89559e-05 -0.0181001 0.024957 -0.00530512 0.00521392 0.0022966 -0.0298744 0.00856752 -0.00225206 -0.00707246 -0.0160145 -0.0205626 0.0304734 0.0187768
internal_weight=437.106 252.904 184.202 122.712 41.1959 82.9073 130.192 62.6632 30.2388 28.8966 19.3337 39.8044 143.006 37.5969
internal_count=2512 1122 1390 460 179 333 662 272 109 99 63 127 1211 274
is_linear=0
shrinkage=0.03


Tree=38
num_leaves=15
num_cat=0
split_feature=18 18 10 43 16 24 47 23 7 37 33 30 31 6
split_gain=211.944 41.1821 21.4753 14.1019 11.825 19.5899 16.7967 13.7006 12.0867 11.2435 8.06101 6.11125 6.10348 8.40601
threshold=0.051332747563719756 0.09203896671533586 0.35882353782653814 0.092647511512041106 0.0062015241702741706 0.00092458858543417375 0.18459583818912509 0.096078410744667067 0.79803922772407543 0.074572335928678526 0.027581412345170978 0.01366271171718836 0.6841760277748109 0.52352944016456615
decision_type=2 2 2 2 2 2 2 2 2 2 2 2 2 2
left_child=2 4 3 10 7 -6 -7 -2 -9 -8 -1 -12 13 -4
right_child=1 -3 12 -5 5 6 9 8 -10 -11 11 -13 -14 -15
leaf_value=0.015520714044095912 0.020258032022236444 -0.031117156790357686 -0.015119671020390609 0.031560974118205486 0.028392075074538965 -0.027196274004306846 0.022930577714926254 -0.021437081369765128 0.017117719212694935 -0.015377635185495167 -0.028545376897377225 0.0022110539127347642 0.03207551277975669 0.028196103068978188
leaf_weight=9.1629621125757712 24.126038789749146 112.27282255515456 5.8952739946544153 10.824970841407774 7.2530270963907233 53.142359431833029 10.993820216506721 20.367977831512693 9.0344221107661706 12.686315279453991 11.556467097252609 9.415624435991047 128.1355501729995 6.3975890539586544
leaf_count=47 125 602 26 64 19 176 35 71 62 32 37 31 1135 50
internal_value=7.34408e-05 -0.0177827 0.0246137 0.00510456 -0.00659148 -0.0134979 -0.018111 0.00429766 -0.00915917 0.00269138 -0.00567843 -0.0156161 0.0301314 0.00800437
internal_weight=431.265 249.877 181.388 40.96 137.604 84.0755 76.8225 53.5284 29.4024 23.6801 30.1351 20.9721 140.428 12.2929
internal_count=2512 1122 1390 179 520 262 243 258 133 67 115 68 1211 76
is_linear=0
shrinkage=0.03


Tree=39
num_leaves=15
num_cat=0
split_feature=18 16 18 24 47 24 6 31 4 46 31 24 8 10
split_gain=202.551 43.8652 21.0951 16.8704 11.5786 13.9875 11.2129 8.66765 8.59679 7.22987 14.2939 7.40027 6.39524 5.90855
threshold=0.064079232513904585 0.00053245161701044065 0.09203896671533586 0.0014254561459667097 0.17978271096944812 0.017409695042400527 0.27078439295291906 0.70477527379989635 0.48940916359424597 0.037415962666273124 1.1395127773284914 0.21505164565826335 0.67787209153175365 0.41372549533844
decision_type=2 2 2 2 2 2 2 2 2 2 2 2 2 2
left_child=1 7 4 6 5 -2 -3 12 -6 10 -5 -11 -1 -4
right_child=2 3 13 9 8 -7 -8 -9 -10 11 -12 -13 -14 -15
leaf_value=-0.008733985637216949 0.012605327974297136 -0.011751050272309702 -0.032337859283700587 -0.029986180109024086 -0.0084286649080085162 -0.024264339572778963 0.029160029843334049 0.032288900509108612 0.023591871099024372 0.020721548563660375 0.010440912614773801 -0.0079022553319708783 0.02754964875485208 0
leaf_weight=8.9737733341753465 9.861201558262108 6.4926709756255176 104.73240712471306 20.12681877985597 15.982604216784241 49.461959268897772 24.36584734916687 123.49606715515256 11.067239847034214 11.940916143357756 10.804922863841055 17.561209175735712 5.3459141813218585 5.3752941079437724
leaf_count=43 23 19 569 83 47 165 124 1143 55 81 36 51 40 33
internal_value=8.10975e-05 0.019178 -0.0221408 0.00289978 -0.0106307 -0.0178754 0.0202697 0.0297439 0.00529129 -0.00628672 -0.0159968 0.00416796 0.00634403 -0.0307923
internal_weight=425.589 229.108 196.481 91.2924 86.373 59.3232 30.8585 137.816 27.0498 60.4339 30.9317 29.5021 14.3197 110.108
internal_count=2512 1620 892 394 290 188 143 1226 102 251 119 132 83 602
is_linear=0
shrinkage=0.03


Tree=40
num_leaves=15
num_cat=0
split_feature=18 18 10 29 13 18 20 20 18 10 18 44 24 37
split_gain=194.407 38.8727 20.6166 14.6747 11.1108 12.5944 7.76874 7.10933 6.73864 5.79438 5.72267 14.5894 5.32768 5.75956
threshold=0.051332747563719756 0.09203896671533586 0.35882353782653814 0.0070605596993118533 0.10619456693530084 0.074747651815414443 0.23444921725849563 0.024430956839664706 0.05438546463847161 0.41372549533844 0.03911294229328633 0.051637910306453712 0.018251235875706217 0.016050148755311969
decision_type=2 2 2 2 2 2 2 2 2 2 2 2 2 2
left_child=2 4 3 -1 5 6 8 -6 -2 -3 -4 -12 13 -5
right_child=1 9 10 12 7 -7 -8 -9 -10 -11 11 -13 -14 -15
leaf_value=0.03033682584543378 -0.0067776062310037884 -0.032040618146716771 0.033439080362215448 0.00059276724135174101 -0.022624561576866837 -0.016149210687511864 -0.016367627449843918 0.0038168667277934062 0.018257638075531765 0 -0.012956914499088005 0.028101598418534945 0.0099613121303717116 -0.030323571736959445
leaf_weight=11.824167516082523 11.285755321383474 102.58400024287403 99.252022818662226 10.007642641663557 40.475972924381495 26.246739752590656 8.0764165632426721 10.763538740575312 39.179204750806093 5.3752941079437724 9.169360922649501 27.156202517449856 9.4880411364138109 9.2016469649970514
leaf_count=80 52 569 937 34 141 86 22 45 174 33 50 224 36 29
internal_value=8.42966e-05 -0.0171923 0.0239622 0.00480371 -0.00633629 0.000365255 0.00810788 -0.0170791 0.0125568 -0.0304793 0.0295135 0.017524 -0.00691006 -0.0155383
internal_weight=420.086 243.987 176.099 40.5215 136.028 84.7881 58.5414 51.2395 50.465 107.959 135.578 36.3256 28.6973 19.2093
internal_count=2512 1122 1390 179 520 334 248 186 226 602 1211 274 99 63
is_linear=0
shrinkage=0.03


Tree=41
num_leaves=15
num_cat=0
split_feature=18 18 1 10 22 23 45 16 8 18 31 8 4 12
split_gain=186.117 44.6485 15.706 15.3624 16.9315 11.6105 10.3501 9.37725 8.35722 8.21677 7.78847 9.22662 5.09976 4.99288
threshold=0.046589611098170287 0.085785049945116057 0.092305243015289321 0.34705883264541632 0.016449399292469028 0.037254884839057929 0.012643891386687757 0.0090963720939891395 0.32215236127376562 0.066477064043283476 0.69888573884964 0.4407756924629212 0.38889729976654058 0.48133739829063421
decision_type=2 2 2 2 2 2 2 2 2 2 2 2 2 2
left_child=2 3 10 4 12 -3 -5 9 -6 -8 11 -1 -2 -10
right_child=1 5 -4 6 8 -7 7 -9 13 -11 -12 -13 -14 -15
leaf_value=-0.022562597229562855 -0.002768009817512824 0.016185586851204407 -0.0041788100886839879 -0.018323287516801168 0.0069048267400276921 -0.03028189518936298 0.028346944865565743 -0.009271566409318777 -0.031573605629560138 -0.0017404771247826489 0.031107641929888394 0.022637941385378803 0.02807135037696008 -0.011843361982237635
leaf_weight=4.6483086086809626 8.3059954121708888 3.7718102410435668 13.545874627307056 9.4724317193031293 8.5394856631755811 117.17367399670184 27.59865390881896 11.35218872129917 29.628386933356524 10.724621795117853 128.06232023239136 8.5415285974740964 8.109774209558962 25.07830660790205
leaf_count=18 26 10 43 36 30 652 190 38 90 45 1149 70 36 79
internal_value=8.1182e-05 -0.0153952 0.0259353 -0.00365318 -0.0121388 -0.0285686 0.00774967 0.0132962 -0.0191053 0.020184 0.0288622 0.00563768 0.0136985 -0.0233186
internal_weight=414.553 259.755 154.798 138.81 79.6619 120.945 59.1479 49.6755 63.2462 38.3233 141.252 13.1898 16.4158 54.7067
internal_count=2512 1232 1280 570 261 662 309 273 199 235 1237 88 62 169
is_linear=0
shrinkage=0.03


Tree=42
num_leaves=15
num_cat=0
split_feature=18 18 14 16 24 19 45 37 23 45 30 16 18 27
split_gain=177.961 43.2634 15.4295 14.2266 18.8122 16.6851 14.2779 12.3627 9.17136 8.04672 11.5498 7.25628 9.20351 6.06111
threshold=0.046589611098170287 0.09203896671533586 0.40464316308498388 0.0062015241702741706 0.00092458858543417375 0.2765092551708222 0.012643891386687757 0.074572335928678526 0.10460804775357248 0.011821487918496134 0.01366271171718836 0.00014336069023569026 0.067489925771951689 0.057666338980197913
decision_type=2 2 2 2 2 2 2 2 2 2 2 2 2 2
left_child=2 3 9 6 -5 -6 -2 -7 -8 -1 -11 12 -10 -4
right_child=1 -3 13 4 5 7 8 -9 11 10 -12 -13 -14 -15
leaf_value=0.02827550215021489 -0.018724294934054763 -0.029885285219012948 0.03223105939207048 0.025698487910120114 -0.025581011618471317 0.026164665738544906 0.02546829889013635 -0.014047517648092714 0.030769803651373689 -0.018129301650463663 0.021736905300099106 -0.02020247490004343 -0.01100188441299811 0.003322922823531636
leaf_weight=8.628315441310404 14.225282628089188 103.80602007359266 112.33301544934511 8.6114213615655881 57.112907771021128 10.241999343037607 25.318436941131949 13.726729176938532 8.0680642835795897 14.973813083022835 8.6388378068804723 8.1638302579522115 7.3629101179540148 7.6885563656687728
leaf_count=42 56 602 1105 25 191 36 168 36 50 46 29 32 36 58
internal_value=7.93126e-05 -0.0151244 0.0255883 -0.00482259 -0.012401 -0.0170047 0.00594725 0.00371163 0.013635 0.00654342 -0.00286842 0 0.0116908 0.0304886
internal_weight=408.9 256.638 152.263 152.832 89.6931 81.0816 63.1385 23.9687 48.9132 32.241 23.6127 23.5948 15.431 120.022
internal_count=2512 1232 1280 630 288 263 342 72 286 117 75 118 86 1163
is_linear=0
shrinkage=0.03


Tree=43
num_leaves=15
num_cat=0
split_feature=18 18 1 10 22 23 45 16 8 18 31 8 0 18
split_gain=170.269 42.0561 15.1437 14.0715 15.7658 10.4698 9.47019 8.34767 7.90191 7.70105 7.61459 9.15211 4.09428 3.62355
threshold=0.046589611098170287 0.085785049945116057 0.092305243015289321 0.34705883264541632 0.016449399292469028 0.038235306739807136 0.012643891386687757 0.0090963720939891395 0.32215236127376562 0.066477064043283476 0.69888573884964 0.43845795094966894 0.38758534193038946 0.070725943893194212
decision_type=2 2 2 2 2 2 2 2 2 2 2 2 2 2
left_child=2 3 10 4 12 -3 -5 9 -6 -8 11 -1 -2 -10
right_child=1 5 -4 6 8 -7 7 -9 13 -11 -12 -13 -14 -15
leaf_value=-0.023122980536492567 -0.0023184711179382589 0.013898615058031378 -0.0042897694955707005 -0.01740463824990551 0.0068295676527589701 -0.029670903632935879 0.027508036777928613 -0.0084879299475168635 -0.029681210430691926 -0.0017137184991112672 0.030513061460814402 0.022218006084993927 0.025513231151121221 -0.012226825525563152
leaf_weight=4.5406460613012305 7.7547211870551136 3.9831664338707915 13.495734266936777 9.4581134021282178 8.5403687357902509 112.5196957308799 26.973254280164838 11.245682120323179 29.533059652894735 10.702682401984928 123.32060428429395 8.403460552915929 8.5878658741712552 24.367422070354223
leaf_count=17 24 11 43 36 30 651 190 38 83 45 1149 71 38 86
internal_value=8.66971e-05 -0.0148483 0.0252658 -0.00345963 -0.0116215 -0.0279465 0.0075253 0.0128983 -0.0184098 0.0194634 0.0282344 0.00514617 0.0133304 -0.0225638
internal_weight=403.426 253.666 149.76 137.163 78.7834 116.503 58.3797 48.9216 62.4409 37.6759 136.265 12.9441 16.3426 53.9005
internal_count=2512 1232 1280 570 261 662 309 273 199 235 1237 88 62 169
is_linear=0
shrinkage=0.03


Tree=44
num_leaves=15
num_cat=0
split_feature=18 18 1 24 10 46 45 16 18 46 31 8 10 41
split_gain=162.806 40.9612 14.711 12.9645 18.6435 12.0846 12.0501 7.81368 8.64522 7.77324 7.43802 8.79574 6.33056 5.56439
threshold=0.046589611098170287 0.09203896671533586 0.092305243015289321 0.00092458858543417375 0.34705883264541632 0.04535926133394242 0.012643891386687757 0.0090963720939891395 0.066477064043283476 0.074325963854789748 0.69888573884964 0.43845795094966894 0.42921574413776403 0.16790682822465899
decision_type=2 2 2 2 2 2 2 2 2 2 2 2 2 2
left_child=2 3 10 -2 5 -5 -6 8 -8 13 11 -1 -3 -7
right_child=1 12 -4 4 6 9 7 -9 -10 -11 -12 -13 -14 -15
leaf_value=-0.022588607641713204 0.026336005077695276 -0.030985349228710001 -0.0041766167183402651 -0.027932696679261283 -0.020208685359567848 -0.008488319785045698 0.026977716301776845 -0.0086390350212450923 -0.0022928986614154465 -0.016507353916743496 0.030190403514328275 0.021921053829263432 0.002532789112436931 0.02134274458050061
leaf_weight=4.5557010844349852 9.3608364015817624 94.939962979406118 13.499642934650181 39.16442446783185 11.561117641627787 8.2705275565385836 26.479779398068786 11.800229363143442 12.6355003118515 20.615092776715755 120.95667725428939 8.2905882280319911 4.871756285429 10.969210911542175
leaf_count=17 32 573 43 123 43 37 187 41 59 67 1149 71 29 41
internal_value=8.42964e-05 -0.0145849 0.0249284 -0.00457188 -0.0069761 -0.0164964 0.00515673 0.0115191 0.0177978 -0.00438889 0.0279052 0.00501785 -0.0293023 0.00878632
internal_weight=397.971 250.668 147.303 150.857 141.496 79.0193 62.4766 50.9155 39.1153 39.8548 133.803 12.8463 99.8117 19.2397
internal_count=2512 1232 1280 630 598 268 330 287 246 145 1237 88 602 78
is_linear=0
shrinkage=0.03


Tree=45
num_leaves=15
num_cat=0
split_feature=18 18 14 24 16 43 38 31 31 22 47 19 29 36
split_gain=155.69 39.7757 15.1372 12.5315 17.4911 14.4769 10.4321 8.26426 9.82207 7.929 7.9019 9.63149 7.06004 11.2867
threshold=0.046589611098170287 0.09203896671533586 0.40464316308498388 0.00046326382610006032 0.0073728760619690163 0.042540615424513824 0.13737773150205615 1.2328987717628481 0.85173714160919201 0.035349013283848769 0.18357669562101367 0.37079854309558874 0.0093908202834427374 0.0034454558044672017
decision_type=2 2 2 2 2 2 2 2 2 2 2 2 2 2
left_child=2 3 12 -2 6 -6 9 8 -7 -5 -8 -12 -1 -14
right_child=1 -3 -4 4 5 7 10 -9 -10 -11 11 -13 13 -15
leaf_value=0.021052254613575228 0.026977236284535928 -0.029012740265375276 0.029659596859740317 0.026703367713821174 -0.027013755397737361 -0.010291556748142753 -0.021562103249819404 -0.022865013400477641 0.025322551479403505 -0.0057522118494365082 0.020957106127447462 -0.018140575576395666 -0.02608174335628511 0.016495667651445296
leaf_weight=13.10236704722047 8.6544928848743421 97.830527951940894 113.26185287814587 20.769825424999002 44.338633220642805 11.871897969394924 14.717392813414333 8.8804372921586019 12.263731598854063 8.5712865609675628 12.439709205180408 7.3932964354753485 9.7038203440606612 8.8173081651329976
leaf_count=54 29 602 1163 140 142 49 63 19 45 47 65 31 31 32
internal_value=8.02231e-05 -0.0143277 0.0245957 -0.00446823 -0.00676567 -0.0161948 0.00474986 -0.000866765 0.0082428 0.0173645 -0.00624473 0.00591832 0.00568417 -0.00603365
internal_weight=392.617 247.731 144.885 149.901 141.246 77.3547 63.8915 33.0161 24.1356 29.3411 34.5504 19.833 31.6235 18.5211
internal_count=2512 1232 1280 630 601 255 346 113 94 187 159 96 117 63
is_linear=0
shrinkage=0.03


Tree=46
num_leaves=15
num_cat=0
split_feature=18 18 14 24 10 45 46 45 30 16 16 18 10 29
split_gain=148.924 38.6169 14.804 11.9519 16.9934 11.3578 10.8241 7.52688 9.96274 7.51016 7.00883 8.09384 6.3379 6.24392
threshold=0.046589611098170287 0.09203896671533586 0.40464316308498388 0.00046326382610006032 0.34705883264541632 0.012643891386687757 0.04535926133394242 0.011821487918496134 0.013586859218776228 0.061788305511128891 0.0090963720939891395 0.066477064043283476 0.42921574413776403 0.016237087547779087
decision_type=2 2 2 2 2 2 2 2 2 2 2 2 2 2
left_child=2 3 7 -2 6 -6 -5 -1 -9 -8 11 -7 -3 -4
right_child=1 12 13 4 5 10 9 8 -10 -11 -12 -13 -14 -15
leaf_value=0.02708988661847719 0.026364872827747004 -0.030462315157243916 0.031728409364848602 -0.026556305851576763 -0.019658706808275715 0.026273731574106361 -0.014171107748930553 -0.018133984737788093 0.018903854194801686 0.011294856207222226 -0.0079010771901654453 -0.00217214528922935 0.0031229594308731187 0.0064240317078792519
leaf_weight=8.2244913056492823 8.6365629062056524 91.108196008950472 99.832339096814394 38.997971404343843 11.458432823419569 25.977872168645263 24.353756491094828 14.362296417355539 8.8897801563143712 15.281216345727442 11.695512264966963 12.574869226664303 4.8037436343729487 11.208595041185616
leaf_count=42 29 573 1063 126 43 187 96 44 31 49 41 59 29 100
internal_value=7.94962e-05 -0.0140711 0.0242736 -0.00436464 -0.0066207 0.00504876 -0.0157135 0.00555987 -0.00347911 -0.00420976 0.0112772 0.0172719 -0.0287201 0.0293595
internal_weight=387.406 244.888 142.518 148.976 140.34 61.7067 78.6329 31.4766 23.2521 39.635 50.2483 38.5527 95.9119 111.041
internal_count=2512 1232 1280 630 601 330 271 117 75 145 287 246 602 1163
is_linear=0
shrinkage=0.03


Tree=47
num_leaves=15
num_cat=0
split_feature=10 22 22 26 9 16 31 22 7 39 10 0 24 2
split_gain=125.327 50.334 35.1596 11.7705 12.4456 9.93847 12.3977 8.9824 14.4849 8.62297 8.53886 9.8607 7.76385 7.52397
threshold=0.35882353782653814 0.016449399292469028 0.029135359451174739 0.018330446444451812 0.11251316219568254 0.00053245161701044065 1.0988508462905886 0.026491448283195499 0.58235296607017528 0.033872472122311599 0.33431373536586767 0.3793796449899674 0.0017844742063492065 0.30784314870834356
decision_type=2 2 2 2 2 2 2 2 2 2 2 2 2 2
left_child=1 10 5 -4 -5 9 12 8 13 -2 11 -1 -7 -3
right_child=2 7 3 4 -6 6 -8 -9 -10 -11 -12 -13 -14 -15
leaf_value=-0.0039917890749030724 0.032549431743563471 -0.004456351271278287 -0.020655618225468294 0.029987184699254269 -0.010527640125430596 0.023202485454633603 0.031878944264892198 -0.029024688334294307 0.0071273824934472308 -0.010515491921416291 -0.012474842713053673 0.027975952804132526 -0.013429678009141984 -0.033486813409520269
leaf_weight=11.963346585631369 95.389462466351688 13.118026141077278 20.036155454814434 11.114989645779135 12.512943839654325 5.2907511591911343 13.302735434845088 103.23512282781303 19.447041321545839 3.3753490205854169 9.0237625446170551 24.755925267934799 16.220762280747294 23.482015691697598
leaf_count=38 1038 58 97 76 67 42 76 607 67 27 39 127 92 61
internal_value=8.35274e-05 -0.0158095 0.0184558 -0.0047012 0.00926702 0.0260051 0.0111995 -0.0237177 -0.0132276 0.0308684 0.0115046 0.017815 -0.0030851 -0.0239296
internal_weight=382.268 205.025 177.243 43.6641 23.6279 133.579 34.8142 159.282 56.0471 98.7648 45.743 36.7193 21.5115 36.6
internal_count=2512 997 1515 240 143 1275 210 793 186 1065 204 165 134 119
is_linear=0
shrinkage=0.03


Tree=48
num_leaves=15
num_cat=0
split_feature=18 18 14 24 10 45 46 45 46 35 16 18 10 27
split_gain=136.269 36.7314 14.4617 11.109 15.4812 10.6154 10.4122 7.27087 7.11658 6.78978 6.48792 7.64039 6.15061 6.13866
threshold=0.046589611098170287 0.09203896671533586 0.40464316308498388 0.00046326382610006032 0.34705883264541632 0.012643891386687757 0.04535926133394242 0.011821487918496134 0.074325963854789748 0.036695316433906562 0.0090963720939891395 0.066477064043283476 0.42921574413776403 0.057666338980197913
decision_type=2 2 2 2 2 2 2 2 2 2 2 2 2 2
left_child=2 3 7 -2 6 -6 -5 -1 -8 -9 11 -7 -3 -4
right_child=1 12 13 4 5 10 8 9 -10 -11 -12 -13 -14 -15
leaf_value=0.026550525766263752 0.025582519633171912 -0.029972576179745577 0.030752017945313306 -0.025821082612291459 -0.01907606115652892 0.02565482297093848 0.0088339586971279849 -0.01597345014990038 -0.015498746125165962 0.014595301566965122 -0.0075315197509431518 -0.0021114757785661254 0.0031446096178775456 0.0015045267598676117
leaf_weight=8.0375793278217333 8.5823151841759664 87.515551568940282 99.391167039051652 38.183495458215475 11.34961351752281 25.47397899441421 19.063397601246834 14.090436823666098 20.277745492756367 9.0306503698229772 11.611435968428848 12.500065229833124 4.7945872433483592 7.3554698172956696
leaf_count=42 29 573 1105 126 43 187 78 44 67 31 41 59 29 58
internal_value=8.40583e-05 -0.0135638 0.0236484 -0.00410631 -0.00630597 0.00489474 -0.0150492 0.00514131 -0.00377841 -0.00370303 0.0109664 0.0167915 -0.0281905 0.028829
internal_weight=377.257 239.352 137.905 147.042 138.46 60.9351 77.5246 31.1587 39.3411 23.1211 49.5855 37.974 92.3101 106.747
internal_count=2512 1232 1280 630 601 330 271 117 145 75 287 246 602 1163
is_linear=0
shrinkage=0.03


Tree=49
num_leaves=15
num_cat=0
split_feature=18 18 14 4 22 8 10 31 45 36 42 10 22 29
split_gain=130.423 35.6614 14.1348 10.1315 12.7654 9.5229 7.94234 7.82259 6.99734 8.89125 6.9708 6.78893 6.68123 6.20224
threshold=0.046589611098170287 0.09203896671533586 0.40464316308498388 0.50632339715957653 0.016449399292469028 0.32215236127376562 0.33137255907058721 0.84913113713264476 0.011821487918496134 0.0034454558044672017 0.027276933193206791 0.44117647409439092 0.035145981237292297 0.016237087547779087
decision_type=2 2 2 2 2 2 2 2 2 2 2 2 2 2
left_child=2 3 8 4 -2 -6 -7 10 -1 -10 -5 -3 -9 -4
right_child=1 11 13 7 5 6 -8 12 9 -11 -12 -13 -14 -15
leaf_value=0.026204123370664287 0.010209359957718815 -0.029746881894754506 0.031027955486157135 -0.026648634292554315 0.0076977952074885805 -0.029362668823058356 -0.00013449111657623996 0.01731712160694808 -0.018047934025484966 0.016767594616169747 0.0060722707176655115 0.0057134196435687599 -0.0057226974425828451 0.0056469980132899354
leaf_weight=7.9276250600814846 17.31559231877327 86.098043270409107 93.650984583422542 9.9016454219818133 9.6737977564334852 38.327591858804226 10.842175956815479 35.05107337795198 13.738183915615084 9.3808394819498044 10.129860844463108 4.3715549595654002 14.904970875009893 10.956313824281095
leaf_count=42 60 577 1063 29 36 122 46 197 42 33 66 25 74 100
internal_value=8.6277e-05 -0.0133212 0.023348 -0.00401238 -0.0114611 -0.0180133 -0.0232335 0.00414473 0.00505141 -0.0035914 -0.0109165 -0.0279145 0.0104295 0.0285536
internal_weight=372.27 236.616 135.654 146.147 76.1592 58.8436 49.1698 69.9876 31.0466 23.119 20.0315 90.4696 49.956 104.607
internal_count=2512 1232 1280 630 264 204 168 366 117 75 95 602 271 1163
is_linear=0
shrinkage=0.03


Tree=50
num_leaves=15
num_cat=0
split_feature=18 18 14 16 45 41 37 41 1 40 45 30 27 13
split_gain=124.813 34.6444 13.8077 9.97976 10.885 10.3993 9.329 7.27482 6.92782 6.76061 6.73497 8.80985 6.04537 5.68531
threshold=0.046589611098170287 0.09203896671533586 0.40464316308498388 0.0062015241702741706 0.012643891386687757 0.15532381832599643 0.074572335928678526 0.05283883027732373 0.075318153947591795 0.073708362877368941 0.011821487918496134 0.013586859218776228 0.057666338980197913 0.079795692116022124
decision_type=2 2 2 2 2 2 2 2 2 2 2 2 2 2
left_child=2 3 10 4 -2 7 -7 -5 -3 -6 -1 -12 -4 -11
right_child=1 8 12 5 9 6 -8 -9 -10 13 11 -13 -14 -15
leaf_value=0.025864427275544947 -0.016361458598534669 -0.0090533636933433411 0.030260916924256233 0.0052934227404210377 0.020847811784030945 0.020490243133034384 -0.012318212619344439 -0.022044972023902699 -0.031755128680568734 0.011553637070291075 -0.017220142547138131 0.017740886165384547 0.0011894636154764823 -0.019303654095916636
leaf_weight=7.8187135159969356 13.928582224994896 17.358076091855764 95.217198621481657 9.5762688368558866 28.545415548607707 13.877434663474562 13.378985799849032 48.377718061208725 71.30197786539793 10.218651631847026 14.342548131942751 8.7630225978791696 7.3044947180896989 7.5795120783150187
leaf_count=42 56 89 1105 31 186 58 37 162 513 54 44 31 58 46
internal_value=8.79181e-05 -0.0130723 0.0230529 -0.00391888 0.00529033 -0.0104392 0.00454228 -0.0174517 -0.0276414 0.0122675 0.00496533 -0.0034843 0.0282807 -0.00205826
internal_weight=367.589 234.143 133.446 145.483 60.2722 85.2104 27.2564 57.954 88.6601 46.3436 30.9243 23.1056 102.522 17.7982
internal_count=2512 1232 1280 630 342 288 95 193 602 286 117 75 1163 100
is_linear=0
shrinkage=0.03


Tree=51
num_leaves=15
num_cat=0
split_feature=18 18 14 24 16 43 34 31 31 10 45 30 5 11
split_gain=119.45 33.6809 13.4843 10.5279 14.0692 13.6403 9.97503 7.78905 8.84061 6.7002 6.48157 8.37388 6.36795 9.84845
threshold=0.046589611098170287 0.09203896671533586 0.40464316308498388 0.00092458858543417375 0.0073728760619690163 0.042540615424513824 0.001234087004061231 1.2328987717628481 0.85173714160919201 0.44117647409439092 0.011821487918496134 0.013586859218776228 0.082466479390859618 0.64117649197578441
decision_type=2 2 2 2 2 2 2 2 2 2 2 2 2 2
left_child=2 3 10 -2 6 -6 -5 8 -7 -3 -1 -12 -8 -14
right_child=1 9 -4 4 5 7 12 -9 -10 -11 11 -13 13 -15
leaf_value=0.025531119227404284 0.024185468755605909 -0.029262592164690782 0.028011178229305926 -0.027583171234280043 -0.025749512915999612 -0.0090769434865264897 0.017093320728770768 -0.021672613796056412 0.025063873623125156 0.0060137034923633268 -0.016737669583661238 0.017372012199146809 -0.030384164087520912 0.0085112069713422344
leaf_weight=7.7109104171395328 9.2012120615690929 82.586682008579373 100.4655570005998 5.8073823004961005 41.419858615845442 11.4988902322948 31.513596752658486 8.5604495592415315 12.15835580229759 4.3359292075037947 14.370517484843733 8.723690275102852 6.2071964703500297 18.461917897686362
leaf_count=42 32 577 1163 20 139 49 195 19 45 25 44 31 26 105
internal_value=8.7385e-05 -0.0128277 0.0227612 -0.00382335 -0.00606917 -0.0147754 0.00436463 0 0.00893839 -0.0273735 0.00488394 -0.00337577 0.00855315 -0.00270775
internal_weight=363.022 231.751 131.271 144.829 135.628 73.6376 61.9901 32.2177 23.6572 86.9226 30.8051 23.0942 56.1827 24.6691
internal_count=2512 1232 1280 630 598 252 346 113 94 602 117 75 326 131
is_linear=0
shrinkage=0.03


Tree=52
num_leaves=15
num_cat=0
split_feature=18 18 1 16 24 45 43 31 23 16 31 8 47 31
split_gain=114.319 32.7266 13.6028 11.2914 14.3929 12.3513 11.2234 7.79293 7.74374 7.6532 7.46499 7.53452 6.2976 5.86963
threshold=0.046589611098170287 0.098350059241056456 0.092305243015289321 0.0062015241702741706 0.00092458858543417375 0.012643891386687757 0.042540615424513824 1.2328987717628481 0.10460804775357248 1.0000000180025095e-35 0.69888573884964 0.43845795094966894 0.14365634322166446 0.98346406221389782
decision_type=2 2 2 2 2 2 2 2 2 2 2 2 2 2
left_child=2 3 10 5 -5 -2 -6 13 -7 12 11 -1 -10 -8
right_child=1 -3 -4 4 6 8 7 -9 9 -11 -12 -13 -14 -15
leaf_value=-0.022579063312904588 -0.01726867386658381 -0.028307660300858625 -0.0056139341054345059 0.022403929154422478 -0.025344957004950725 0.023519265378332807 -0.0045802019100008645 -0.023057041786363836 -0.011338538803892928 -0.01869135287893758 0.028213219408672496 0.019503225891773491 0.025916910037483004 0.022361216951729788
leaf_weight=4.483201324939726 14.772815883159636 76.835846850648522 13.077520636841653 8.4610914736986143 42.951489437371492 24.806726118549705 18.058759566396478 10.131661951541899 4.8000108748674419 9.5296774506568891 104.27772601600736 7.3428798858076334 9.394318647682665 9.5088949687778932
leaf_count=17 59 542 43 25 162 173 82 25 20 42 1149 71 68 34
internal_value=8.4148e-05 -0.012598 0.0224622 -0.00439487 -0.0111859 0.00516861 -0.0152029 -0.00287764 0.0124711 0 0.0256915 0.00237462 0.0132888 0.00549518
internal_weight=358.433 229.251 129.181 152.415 89.1119 63.3035 80.6508 37.6993 48.5307 23.724 116.104 11.8261 14.1943 27.5677
internal_count=2512 1232 1280 690 328 362 303 141 303 130 1237 88 88 116
is_linear=0
shrinkage=0.03


Tree=53
num_leaves=15
num_cat=0
split_feature=18 16 9 23 6 16 31 42 4 22 34 39 19 10
split_gain=109.381 36.9167 16.5963 13.0342 10.5944 9.32844 9.36883 7.70575 7.17213 7.07778 12.8123 7.38861 7.06375 8.88264
threshold=0.074747651815414443 0.00053245161701044065 0.12357623130083085 0.033431015908718116 0.40980392694473272 0.00087494488536155209 0.82545971870422374 0.0099957864731550234 0.43206475675106054 0.027885103598237041 0.013803841300249349 0.036317346617579467 0.10259874537587167 0.27647060155868536
decision_type=2 2 2 2 2 2 2 2 2 2 2 2 2 2
left_child=1 4 5 -2 -1 -3 8 -5 -7 11 -11 -6 -8 -14
right_child=3 2 -4 7 9 6 12 -9 -10 10 -12 -13 13 -15
leaf_value=-0.00098928772551558006 0.017127583914700078 -0.022797694542150075 -0.022041943624407624 0.001777662115118529 0.032403839009704526 -0.023992212432836273 0.033760486988519155 -0.025839443046752807 0.0079723970528730297 -0.026682749924282278 0.024577797441322789 -0.011328463423846679 0.023640056415814972 -0.0024310703711866283
leaf_weight=12.789864759892223 5.9744013845920554 7.1255710572004309 21.919398695230484 9.3730719089508039 84.701745905913413 9.6773160025477427 12.785036517307161 114.69002160802484 12.00380778685212 4.7497826591134062 10.726921444758771 2.5860909819602957 18.719113577157259 26.022693447768688
leaf_count=68 15 42 61 30 1063 32 77 737 68 16 96 16 63 128
internal_value=7.9274e-05 0.0127702 0.000100071 -0.021603 0.0244107 0.00612749 0.00926393 -0.023734 -0.00698956 0.0275591 0.00742113 0.0308498 0.0154691 0.0089572
internal_weight=353.845 223.807 108.253 130.037 115.554 86.3335 79.208 124.063 21.6811 102.765 15.4767 87.2878 57.5268 44.7418
internal_count=2512 1730 471 782 1259 410 368 767 100 1191 112 1079 268 191
is_linear=0
shrinkage=0.03


Tree=54
num_leaves=15
num_cat=0
split_feature=18 18 14 16 24 34 43 25 26 22 40 29 14 29
split_gain=105.08 31.1101 12.7455 10.4358 13.4619 11.2281 10.7539 7.96692 8.46567 7.48891 7.8776 6.43548 7.77852 6.01796
threshold=0.046589611098170287 0.098350059241056456 0.40464316308498388 0.0062015241702741706 0.00092458858543417375 0.001234087004061231 0.042540615424513824 0.03203695826232434 0.011875310912728311 0.036987517029047019 0.081404261291027083 0.016237087547779087 0.52645355463027965 0.0093908202834427374
decision_type=2 2 2 2 2 2 2 2 2 2 2 2 2 2
left_child=2 3 13 5 -5 -2 -6 8 -8 10 -7 -4 -13 -1
right_child=1 -3 11 4 6 9 7 -9 -10 -11 -12 12 -14 -15
leaf_value=0.019292675691106573 -0.026905114006776139 -0.027844865264026138 0.029956507622714474 0.021763595103040712 -0.024752892318479162 0.025585045655392779 0.013386522812128496 0.020409736961546472 -0.019789318508251247 -0.0071893997022494938 -0.0014160296348486438 -0.018766580838177768 0.025304994847860477 -0.0062355691575714462
leaf_weight=12.209250472486021 6.6762487590312949 73.922803981229663 84.321266960352659 8.4163049980998021 42.068032013252378 26.058444609865546 8.1717590242624301 8.2256163135170919 20.91804463416338 15.528690323233603 14.263871101662515 5.132346408441661 5.2970311101526022 18.132735766470432
leaf_count=54 23 542 1063 25 162 181 26 39 76 85 73 36 64 63
internal_value=7.92099e-05 -0.0121744 0.0219154 -0.00418436 -0.010766 0.00505818 -0.0147017 -0.00261134 -0.0101116 0.00972888 0.0163471 0.0272524 0.00384585 0.00450175
internal_weight=349.342 224.25 125.093 150.327 87.7998 62.5273 79.3835 37.3154 29.0898 55.851 40.3223 94.7506 10.4294 30.342
internal_count=2512 1232 1280 690 328 362 303 141 102 339 254 1163 100 117
is_linear=0
shrinkage=0.03


Tree=55
num_leaves=15
num_cat=0
split_feature=18 18 1 16 24 45 43 31 31 8 24 19 21 47
split_gain=100.525 30.2426 12.5587 9.86055 12.8357 11.3562 10.3635 7.46198 7.28556 6.99188 6.56762 5.51995 7.56597 5.19202
threshold=0.046589611098170287 0.098350059241056456 0.092305243015289321 0.0062015241702741706 0.00092458858543417375 0.012643891386687757 0.042540615424513824 1.2328987717628481 0.69888573884964 0.43845795094966894 0.16246202256944448 0.27946090698242193 0.079392738640308394 0.14113168418407443
decision_type=2 2 2 2 2 2 2 2 2 2 2 2 2 2
left_child=2 3 8 5 -5 -2 -6 11 9 -1 -7 -8 -13 -12
right_child=1 -3 -4 4 6 10 7 -9 -10 -11 13 12 -14 -15
leaf_value=-0.022124541085887905 -0.016653416018663238 -0.027590045410123096 -0.005351465304390686 0.021265559245688331 -0.024321364520048565 0.024402540343895687 -0.010032833504235717 -0.022503727003482805 0.02747668132679908 0.018704772346985223 -0.016598217681897946 0.03148508329268853 -0.0058155055691038798 0.0099059991825071105
leaf_weight=4.4736293181776983 14.642851937562225 72.40882178209722 13.002089582383631 8.4020653143525106 41.573039615526795 19.722365032881498 10.565685808658602 9.8945294506847841 98.559704141225666 7.0391628947108984 7.4390130452811745 9.2280863113701361 7.5276034064590922 20.46604728884995
leaf_count=17 59 542 43 25 162 138 52 25 1149 71 40 35 29 125
internal_value=8.15332e-05 -0.0119459 0.021632 -0.00408278 -0.0105076 0.0049136 -0.0143756 -0.00251508 0.0248848 0.00169095 0.0120087 0.00566276 0.0157344 0.00210258
internal_weight=344.945 221.87 123.075 149.461 87.191 62.2703 78.7889 37.2159 110.072 11.5128 47.6274 27.3214 16.7557 27.9051
internal_count=2512 1232 1280 690 328 362 303 141 1237 88 303 116 64 165
is_linear=0
shrinkage=0.03


Tree=56
num_leaves=15
num_cat=0
split_feature=18 18 13 12 23 44 42 34 40 16 10 31 36 28
split_gain=96.3546 33.8594 20.0368 12.6126 12.4642 9.70596 7.44088 6.85566 7.10425 6.57031 6.69054 6.5136 6.03812 3.29465
threshold=0.074747651815414443 0.03994440287351609 0.11566568538546564 0.45032873749732977 0.033431015908718116 0.053796268999576576 0.0099957864731550234 0.001645875548801081 0.1304908096790314 0.018786817263137145 0.26862746477127081 1.2167096138000491 0.015885276719927791 0.012568503179384205
decision_type=2 2 2 2 2 2 2 2 2 2 2 2 2 2
left_child=1 3 5 -1 -2 11 -6 -7 9 13 -11 -3 -8 -9
right_child=4 2 -4 -5 6 7 12 8 -10 10 -12 -13 -14 -15
leaf_value=-0.00090412294645137359 0.017171633778697935 -0.025148022468540383 -0.020580725831735841 0.030424981139825003 0.0022006158406893033 -0.01247082032119946 -0.026698593056195201 0.026536788329049616 -0.014792722312215505 0.018184921923594652 -0.012365141163334391 0.0092128611059021023 0.0036342204374819765 0.0021524711086048079
leaf_weight=13.185250926762818 5.9153960943222037 10.048227218911054 25.894009687006474 77.489257069770247 9.2363688796758634 7.4409802891314021 103.6769971717149 42.087989030405879 5.0435950998216859 11.191504571586849 10.63634170591831 6.8888928797096005 5.5984616093337527 6.3488988503813735
leaf_count=57 15 53 83 1013 30 34 695 313 23 41 41 23 42 49
internal_value=7.59259e-05 0.0121564 0.00194743 0.0259158 -0.0207563 0.00811842 -0.0229279 0.0123497 0.0151001 0.0176374 0.00338412 -0.0115169 -0.0250802 0.0236122
internal_weight=340.682 216.255 125.58 90.6745 124.427 99.6864 118.512 82.7493 75.3083 70.2647 21.8278 16.9371 109.275 48.4369
internal_count=2512 1730 660 1070 782 577 767 501 467 444 82 76 737 362
is_linear=0
shrinkage=0.03


Tree=57
num_leaves=15
num_cat=0
split_feature=18 18 14 0 24 16 23 19 37 31 6 48 36 47
split_gain=92.0443 28.8253 12.2365 9.00278 10.6787 6.70703 11.5134 8.60363 9.95886 5.73305 6.99746 5.62384 10.9557 5.0847
threshold=0.046589611098170287 0.098350059241056456 0.40464316308498388 0.75614202022552501 0.00092458858543417375 0.0073728760619690163 0.094607852399349227 0.2765092551708222 0.074572335928678526 0.67232489585876476 0.5313725769519807 0.013859130907803776 0.0034454558044672017 0.069035504013299956
decision_type=2 2 2 2 2 2 2 2 2 2 2 2 2 2
left_child=2 3 11 4 -2 6 13 -7 -9 10 -4 -1 -13 -6
right_child=1 -3 9 -5 5 7 -8 8 -10 -11 -12 12 -14 -15
leaf_value=0.01825290094522691 0.022142290413591743 -0.027139036956033202 -0.021451764197712626 0.018413384593822135 -0.0063782747224419263 -0.021233851399388642 -0.015464433227752164 0.019533886919422479 -0.015644616494716376 0.02893691283680196 0.023617412250457992 -0.02758152259073177 0.015145355243167645 0.019817266742691155
leaf_weight=12.191119261085989 9.0845125392079336 69.684552799910307 3.9672361016273481 12.800172206014393 8.192629551514985 49.583786150440574 22.428699746727943 11.117112636566164 14.170708410441874 80.869177680462599 4.4450095314532518 8.7740644626319426 8.9222927913069707 20.106959009543061
leaf_count=57 32 542 18 110 43 203 92 45 43 1099 46 28 32 122
internal_value=7.45179e-05 -0.0115174 0.0210654 -0.00385196 -0.00622844 -0.00861887 -8.89064e-05 -0.0142065 8.92938e-06 0.0265354 0.00203671 0.00399172 -0.00653639 0.0122143
internal_weight=336.338 217.169 119.169 147.485 134.684 125.6 50.7283 74.8716 25.2878 89.2814 8.41225 29.8875 17.6964 28.2996
internal_count=2512 1232 1280 690 580 548 257 291 88 1163 64 117 60 165
is_linear=0
shrinkage=0.03


Tree=58
num_leaves=15
num_cat=0
split_feature=18 18 9 12 23 34 11 19 42 13 27 34 42 20
split_gain=88.4841 31.8546 18.843 12.3074 11.9339 9.78744 9.2757 8.89851 7.18439 6.73738 6.05901 11.8593 7.05055 5.81792
threshold=0.074747651815414443 0.03994440287351609 0.12357623130083085 0.45032873749732977 0.033431015908718116 0.001645875548801081 0.63333335518836986 0.14141237735748294 0.0099957864731550234 0.076253112405538573 0.036023795604705817 0.018676832964368544 0.026409371756017212 0.011020614483966068
decision_type=2 2 2 2 2 2 2 2 2 2 2 2 2 2
left_child=1 3 5 -1 -2 -3 7 9 -6 -7 -9 -12 -13 -10
right_child=4 2 -4 -5 8 6 -8 10 13 -11 11 12 -14 -15
leaf_value=-0.001037556230093337 0.016911476482007991 -0.020142934813206496 -0.022417396623643993 0.030047993615205427 0.0023218404319036083 0.0072561347758572682 0.025525050497962155 0.02358137543017683 0.0045043839449281737 -0.025840334532996941 -0.029119685446324112 0.027061567454988403 -0.0027615564012310047 -0.026132708287733696
leaf_weight=13.119771648198364 5.8989555016160002 8.6704841777682287 21.482598250731826 74.225623623933643 9.1814840137958509 8.2404901366680878 24.209458770230412 18.650537705048919 5.1517141908407202 10.96218631416559 6.2776245586574104 11.759889520704748 13.790960285812615 100.62126043438911
leaf_count=57 15 40 66 1013 30 63 211 97 29 29 25 67 62 708
internal_value=7.90227e-05 0.0117645 0.00186987 0.0254265 -0.0201949 0.00731726 0.0102516 0.00433921 -0.0223813 -0.0121513 0.0108936 0.00241556 0.0118238 -0.0245568
internal_weight=332.243 211.39 124.044 87.3454 120.853 102.562 93.8911 69.6817 114.954 19.2027 50.479 31.8285 25.5508 105.773
internal_count=2512 1730 660 1070 782 594 554 343 767 92 251 154 129 737
is_linear=0
shrinkage=0.03


Tree=59
num_leaves=15
num_cat=0
split_feature=18 16 5 23 24 16 14 22 21 18 22 34 39 45
split_gain=84.4717 30.9714 15.9837 11.5079 10.4092 9.45908 9.31053 7.81548 8.91484 7.16473 6.98327 11.8923 6.97784 6.79409
threshold=0.074747651815414443 0.00053245161701044065 0.13284534960985186 0.033431015908718116 0.0014254561459667097 0.0012734626610305961 0.41249433159828192 0.020531333982944492 0.042730724439024932 0.10049571469426156 0.027885103598237041 0.013803841300249349 0.036317346617579467 0.032975101843476302
decision_type=2 2 2 2 2 2 2 2 2 2 2 2 2 2
left_child=1 6 4 -2 -3 -6 -1 8 -7 13 12 -12 -8 -5
right_child=3 2 -4 9 5 7 10 -9 -10 -11 11 -13 -14 -15
leaf_value=-0.00083564126329207253 0.016493049421278057 0.021040758671573283 -0.024729293482654242 -0.018687839874939854 -0.027328967007523606 -0.021490065706010787 0.031437976359380171 0.016848114523610878 0.0084568829434838091 -0.02893387728553852 -0.02660876162704413 0.02328113352120777 -0.011522763576440618 0.0060562313717493765
leaf_weight=12.700835481286047 5.9176044315099707 24.580773193389177 17.419708415865898 38.844289066269994 8.5681452061980945 14.710218179970978 74.628284060861915 21.54401096701622 17.399577289819717 62.346526309847832 4.6803988534957162 10.174487139098344 2.4928744398057452 11.920770391821859
leaf_count=71 15 136 50 182 48 70 1060 94 73 517 16 96 16 68
internal_value=7.97891e-05 0.011553 -4.84273e-05 -0.0198894 0.00531618 -0.00131089 0.0229165 0.00362291 -0.00563016 -0.0220723 0.0261763 0.00609193 0.0297552 -0.0128112
internal_weight=327.929 208.899 104.222 119.029 86.8027 62.222 104.677 53.6538 32.1098 113.112 91.976 14.8549 77.1212 50.7651
internal_count=2512 1730 471 782 421 285 1259 237 143 767 1188 112 1076 250
is_linear=0
shrinkage=0.03


Tree=60
num_leaves=15
num_cat=0
split_feature=18 18 14 12 22 45 23 37 30 20 29 14 30 1
split_gain=80.7787 26.5304 11.5194 8.19007 10.4726 8.73872 8.76201 13.2835 8.02744 9.07924 6.47826 7.17632 5.91953 10.2465
threshold=0.046589611098170287 0.098350059241056456 0.40464316308498388 0.51137623190879833 0.016449399292469028 0.012643891386687757 0.050000011920928962 0.028133394196629528 0.013460366521030666 0.0064742476851851862 0.016237087547779087 0.52645355463027965 0.018926745280623439 0.066130585968494429
decision_type=2 2 2 2 2 2 2 2 2 2 2 2 2 2
left_child=2 3 -1 4 -2 -5 -7 -8 9 -6 -4 -12 13 -9
right_child=1 -3 10 5 8 6 7 12 -10 -11 11 -13 -14 -15
leaf_value=0.0037052384629718774 0.0097551098795588265 -0.026440700493598982 0.028770815958200743 -0.020898371756806901 0.018319376325117223 0.033483387369266454 -0.024354831746844129 0.025974547302216319 -0.026543636664979709 -0.014480965771745936 -0.019342950551910165 0.023990585437451296 0.028735743742384544 -0.0093215738941386048
leaf_weight=29.555457834154367 17.169565293937922 65.588169997557998 74.304067093413323 8.727234981954096 8.9247633852064627 8.4857188537716848 10.305585002526639 9.4796771220862883 29.478203725069761 23.069709343835711 4.9955578576773387 4.757983872666955 10.24081017076969 18.85137234814465
leaf_count=117 62 542 1063 33 39 46 46 62 127 85 36 64 82 108
internal_value=7.15412e-05 -0.0109068 0.0202578 -0.00358249 -0.0100251 0.00410889 0.00853993 0.00300448 -0.0157303 -0.00470367 0.0258216 0.00202605 0.0112285 0.00332372
internal_weight=323.934 210.321 113.613 144.733 78.6422 66.0904 57.3632 48.8774 61.4727 31.9945 84.0576 9.75354 38.5719 28.331
internal_count=2512 1232 1280 690 313 377 344 298 251 124 1163 100 252 170
is_linear=0
shrinkage=0.03


Tree=61
num_leaves=15
num_cat=0
split_feature=18 18 14 0 24 29 14 16 24 43 31 43 47 31
split_gain=77.1914 25.7756 11.3137 8.04612 9.53724 6.34507 6.91308 5.71778 9.61076 9.60051 7.25241 6.99136 6.65416 5.8239
threshold=0.046589611098170287 0.098350059241056456 0.40464316308498388 0.75614202022552501 0.00092458858543417375 0.016237087547779087 0.52645355463027965 0.0073728760619690163 0.13947784810126587 0.042540615424513824 1.2328987717628481 0.064544625580310835 0.069035504013299956 0.85173714160919201
decision_type=2 2 2 2 2 2 2 2 2 2 2 2 2 2
left_child=2 3 -1 4 -2 -4 -7 8 12 -9 13 -10 -6 -11
right_child=1 -3 5 -5 7 6 -8 9 11 10 -12 -13 -14 -15
leaf_value=0.003604521514263161 0.02118469991607913 -0.026193389811994632 0.02855364693647992 0.017782137631304439 -0.0064816655846179913 -0.018832508703038049 0.023780301044658895 -0.02317529528504525 -0.029607050601942599 -0.0075524987549341451 -0.021361550237696154 0 0.025492036281180939 0.019676891806534338
leaf_weight=29.526188254356384 8.9508529175072891 64.260251253843307 72.66319752857089 12.481429252773522 8.038540147244932 5.0306970588862878 4.6749995369464159 38.627175100147724 9.6899841539561766 11.5778527520597 9.4567397832870466 18.158191233873367 13.792179966345428 13.076379764825104
leaf_count=117 32 542 1063 110 43 36 64 157 40 56 25 83 91 53
internal_value=7.62351e-05 -0.010696 0.0199734 -0.00348814 -0.00576791 0.0255809 0.00199286 -0.00807159 -0.000117514 -0.0133154 -0.0014019 -0.011511 0.0140369 0.00716995
internal_weight=320.005 208.11 111.895 143.849 131.368 82.3689 9.7057 122.417 49.6789 72.7381 34.111 27.8482 21.8307 24.6542
internal_count=2512 1232 1280 690 580 1163 100 548 257 291 134 123 134 109
is_linear=0
shrinkage=0.03


Tree=62
num_leaves=15
num_cat=0
split_feature=18 18 12 24 21 18 36 7 1 34 6 30 8 24
split_gain=74.3248 30.361 11.9313 10.5521 13.4195 9.48639 8.88801 8.72773 8.2919 8.77959 7.84878 14.4675 6.73187 6.45913
threshold=0.03994440287351609 0.09203896671533586 0.45032873749732977 0.00021405113769645793 0.042730724439024932 0.048158092424273498 0.00099913449957966826 0.58235296607017528 0.075318153947591795 0.010525220726588508 0.37000003457069403 0.01700561307370663 0.32825003564357763 0.32294170673076933
decision_type=2 2 2 2 2 2 2 2 2 2 2 2 2 2
left_child=2 3 -1 -2 6 -6 -5 12 9 -3 -8 -12 -7 -9
right_child=1 8 -4 4 5 7 10 13 -10 -11 11 -13 -14 -15
leaf_value=-0.0014594956396659828 0.024429514664722974 -0.020712362521761812 0.029357666266011852 0.014560321777785752 0.028631233015712323 0.0033924404149618076 -0.025162466218153358 0.024450604810794811 -0.029744209399031971 0.021166466356481759 -0.01631229492640654 0.024562903904670488 -0.024485222055277641 -0.00041571954409614151
leaf_weight=13.038108464330433 11.202415870502589 8.9131448157131654 68.249148293863982 8.3138135094195587 11.186096424236892 13.776476763188841 35.466051563620567 14.339913528412579 56.025834549218416 5.6792065128684035 25.321867443621159 8.9223281256854516 14.341564673930405 21.442729203030467
leaf_count=57 49 55 1013 45 112 46 136 96 513 34 142 54 50 110
internal_value=7.61831e-05 -0.00848414 0.0244624 -0.00130917 -0.0035024 0.00545753 -0.0120834 0.00060954 -0.0246416 -0.00364598 -0.0156203 -0.00481176 -0.0114086 0.0102368
internal_weight=316.219 234.931 81.2873 164.313 153.111 75.0868 78.0241 63.9007 70.6182 14.5924 69.7102 34.2442 28.118 35.7826
internal_count=2512 1442 1070 840 791 414 377 302 602 89 332 196 96 206
is_linear=0
shrinkage=0.03


Tree=63
num_leaves=15
num_cat=0
split_feature=18 18 12 24 21 8 11 3 1 33 34 22 23 23
split_gain=71.1926 29.4668 11.7056 10.4696 12.5474 9.99751 9.83628 9.85785 8.22835 13.5864 11.2084 8.05156 7.08923 4.73568
threshold=0.03994440287351609 0.098350059241056456 0.45032873749732977 0.00037696074151679189 0.028498955070972446 0.44622433185577398 0.4294117689132691 0.48431372642517095 0.072415526956319823 0.057285621762275703 0.007976271731626185 0.03594802878797055 0.025490209460258487 0.060784332454204566
decision_type=2 2 2 2 2 2 2 2 2 2 2 2 2 2
left_child=2 3 -1 -2 12 6 7 -6 10 -10 -7 -11 -5 -3
right_child=1 13 -4 4 5 8 -8 -9 9 11 -12 -13 -14 -15
leaf_value=-0.0014208788922026212 0.0230762088386119 0.00701889420762517 0.029152619110543933 0.010542617141268168 -0.011984996564849509 -0.0078628003823313572 -0.020117137623798718 0.025544323198484556 -0.017000634736125897 0.03199024298432384 0.034222918066580323 -0.009630256102470796 -0.01944358831708505 -0.027552551041880077
leaf_weight=13.044940404593943 12.03076716698706 2.8762273974716654 66.704766276292503 6.8463137969374648 11.081035953015091 6.9267899841070202 25.06158740259707 10.263968035578726 17.499408476054668 10.896331038326023 17.910274086520076 4.9284228272736064 47.45021940022707 58.841309018433094
leaf_count=57 54 11 1013 34 41 39 118 38 87 72 164 34 219 531
internal_value=8.46691e-05 -0.00830701 0.0242025 -0.00177462 -0.00393872 0.00214537 -0.00801344 0.00657522 0.0102978 0.000235871 0.0226626 0.0192336 -0.0153691 -0.0257246
internal_weight=312.362 232.613 79.7497 170.895 158.864 104.568 46.4066 21.345 58.1612 33.3242 24.8371 15.8248 54.2965 61.7175
internal_count=2512 1442 1070 900 846 593 197 79 396 193 203 106 253 542
is_linear=0
shrinkage=0.03


Tree=64
num_leaves=15
num_cat=0
split_feature=5 6 22 16 22 45 23 28 29 2 22 31 20 9
split_gain=61.7999 19.456 18.3653 12.7326 11.2709 13.65 9.71031 8.06624 8.89968 8.2942 7.55044 9.35304 9.28963 6.93887
threshold=0.081748697906732573 0.42549020051956182 0.026491448283195499 0.0052745409604519787 0.029135359451174739 0.015936752781271938 0.078431375324726119 0.013069075185820471 0.013458246830850841 0.31176471710205084 0.01465490134432912 0.84913113713264476 0.023153615552325587 0.089953199028968825
decision_type=2 2 2 2 2 2 2 2 2 2 2 2 2 2
left_child=1 10 7 6 -3 -6 -4 8 9 -2 11 -1 -12 -8
right_child=2 4 3 -5 5 -7 13 -9 -10 -11 12 -13 -14 -15
leaf_value=-0.011383925466495274 0.02633876073145653 0.027228508892121493 0.029787009421842748 -0.027837849179614179 -0.024720580034023436 0.025183710101700559 0.01744058013268571 0.014538264816829667 -0.021961821965438472 -0.0074811291213616026 0.010041687150609142 0.021598341467733869 -0.023350690262034346 -0.019080217158940847
leaf_weight=10.229158010333778 7.8866071496158865 74.743009941652417 4.3725945726037052 67.671530174091458 8.1664294265210611 7.578777451068162 4.2194235324859646 20.25176202878356 18.936812052503228 17.268882598727942 10.713535292074086 20.076828584074974 17.097236476838589 19.434218607842922
leaf_count=46 38 1144 29 530 22 64 13 95 71 59 55 108 71 167
internal_value=9.20687e-05 0.0139361 -0.0127575 -0.0209543 0.022484 -0.000399594 -0.00348624 -0.000257153 -0.00745379 0.00417035 0.000271784 0.0103574 -0.0105757 -0.0115968
internal_weight=308.647 148.605 160.042 95.6978 90.4882 15.7452 28.0262 64.3441 44.0923 25.1555 58.1168 30.306 27.8108 23.6536
internal_count=2512 1510 1002 739 1230 86 209 263 168 97 280 154 126 180
is_linear=0
shrinkage=0.03


Tree=65
num_leaves=15
num_cat=0
split_feature=18 18 2 24 5 8 26 34 18 36 44 34 26 27
split_gain=65.802 27.7663 10.4555 11.4438 9.22613 8.2883 12.194 7.54604 7.85028 9.95264 8.97039 7.36099 6.19972 5.88606
threshold=0.03994440287351609 0.10049571469426156 0.7235294282436372 0.00037696074151679189 0.12812129408121112 0.42077319324016577 0.0089369029738008993 0.001234087004061231 0.074747651815414443 0.0010505788959562781 0.062176294624805457 0.023780948067632854 0.036013042554259307 0.057356687262654311
decision_type=2 2 2 2 2 2 2 2 2 2 2 2 2 2
left_child=5 2 3 -2 7 6 -1 -5 9 -9 -11 -12 -6 -13
right_child=1 -3 -4 4 12 -7 -8 8 -10 10 11 13 -14 -15
leaf_value=0.028441847380691863 0.022513766163039704 -0.025854405748478908 0.028744434531800034 -0.022422217761950497 -0.025272768588878836 0.028715428393851401 -0.018181973801713693 0.032482688823922849 -0.012599056507581967 -0.017887840930087846 -0.0047522475199801902 0.029238966383220214 0.0045334730839128234 0.0030587723067404425
leaf_weight=7.5139103457331684 11.867241954430936 56.522200742736459 7.4928889460861674 12.100181428715585 27.364590844139457 60.655211097560823 8.7696264516562206 8.8263769224286062 26.555088946595788 14.685262728482483 24.916900459676981 14.417169062420728 7.087897077202796 16.137342533096671
leaf_count=93 54 522 82 43 122 935 42 67 140 70 115 93 28 106
internal_value=9.74439e-05 -0.00800548 -0.00187366 -0.00362053 -0.00594493 0.0237393 0.00392594 -0.00179821 0.000911515 0.00568995 0.00147069 0.00709193 -0.0191461 0.0165415
internal_weight=304.912 227.973 171.451 163.958 152.091 76.9387 16.2835 117.638 105.538 78.9831 70.1567 55.4714 34.4525 30.5545
internal_count=2512 1442 920 838 784 1070 135 634 591 451 384 314 150 199
is_linear=0
shrinkage=0.03


Tree=66
num_leaves=15
num_cat=0
split_feature=18 18 12 2 24 5 34 18 44 41 1 23 40 41
split_gain=63.0836 26.9109 11.2639 10.0548 10.9123 8.83186 7.19151 7.47841 7.30621 6.06834 5.86437 4.55344 8.07905 4.36247
threshold=0.03994440287351609 0.10049571469426156 0.45032873749732977 0.7235294282436372 0.00037696074151679189 0.12812129408121112 0.001234087004061231 0.074747651815414443 0.062176294624805457 0.15532381832599643 0.075318153947591795 0.096078429371118559 0.035530596971511848 0.37039311230182653
decision_type=2 2 2 2 2 2 2 2 2 2 2 2 2 2
left_child=2 3 -1 4 -2 6 -6 8 -8 -7 -3 12 -9 -10
right_child=1 10 -4 -5 5 9 7 11 13 -11 -12 -13 -14 -15
leaf_value=-0.0016123656288270956 0.022065210992606027 -0.0043370555889981561 0.028619350360143 0.028382231167817733 -0.021908634266875976 -0.025420549115101453 -0.01126463005204969 -0.019579250945641079 0.012943045581732229 0.0031030918014875938 -0.030239227748223178 -0.024982111507202226 0.019683714783625392 -0.010687367675770955
leaf_weight=12.919858064502476 11.787112154066561 10.690557269379495 62.564262960106134 7.3879728000611058 12.059820050373672 26.028822313994169 16.349201440811157 7.806690691038968 56.05317441932857 8.0616706199944002 44.681867552921176 11.469180103391407 7.0800164677202702 6.3349615558981887
leaf_count=57 54 73 1013 82 43 106 77 42 358 44 449 65 33 16
internal_value=0.000106369 -0.0078382 0.0234981 -0.00181424 -0.0035282 -0.00580433 -0.00174725 0.000904272 0.00556879 -0.018794 -0.0256162 -0.0123349 -0.000608716 0.0102396
internal_weight=301.275 225.791 75.4841 170.419 163.031 151.244 117.153 105.093 78.7373 34.0905 55.3724 26.3559 14.8867 62.3881
internal_count=2512 1442 1070 920 838 784 634 591 451 150 522 140 75 374
is_linear=0
shrinkage=0.03


Tree=67
num_leaves=15
num_cat=0
split_feature=18 18 12 2 24 46 25 27 24 36 36 1 14 45
split_gain=60.5046 26.0534 11.0452 9.6857 10.4254 8.64003 6.69035 12.2642 11.3009 10.4498 7.60499 5.80516 5.69018 8.92863
threshold=0.03994440287351609 0.10049571469426156 0.45032873749732977 0.7235294282436372 0.00037696074151679189 0.043375791981816299 0.031321693211793906 0.055129984393715865 0.15796610169491529 0.0067590847611427316 0.0029563788557425146 0.075318153947591795 0.33322708308696752 0.016397525556385521
decision_type=2 2 2 2 2 2 2 2 2 2 2 2 2 2
left_child=2 3 -1 4 -2 12 7 8 -7 -8 -10 -3 -6 -14
right_child=1 11 -4 -5 5 6 9 -9 10 -11 -12 -13 13 -15
leaf_value=-0.0015696860882802484 0.021626307841190594 -0.0042389357645156783 0.028418187613115008 0.028025325821828349 -0.023619716302484006 0.024544646997033369 0.045327778245146319 -0.0281569446855734 -0.012929263008834417 -0.0012647530855197907 0.017963986388149566 -0.030082834708687372 -0.022277278373359476 0.0035956696237711681
leaf_weight=12.927281647920607 11.707347616553305 10.656687447801231 61.152463408187032 7.2846382781863204 26.346169322729111 14.118264155462382 5.25934063643217 11.863577425479887 27.387330867350101 10.19035825319588 7.5360717959702006 43.593591064214706 17.122746076434851 30.64854115433991
leaf_count=57 54 73 1013 82 116 94 33 56 116 64 48 449 83 174
internal_value=9.59357e-05 -0.00769328 0.023242 -0.00178026 -0.0034624 -0.00569215 0.00136867 -0.00318558 0.00366302 0.0178016 -0.00556966 -0.0253907 -0.0128504 -0.00614027
internal_weight=297.794 223.715 74.0797 169.464 162.18 150.472 76.3549 60.9052 49.0417 15.4497 34.9234 54.2503 74.1175 47.7713
internal_count=2512 1442 1070 920 838 784 411 314 258 97 164 522 373 257
is_linear=0
shrinkage=0.03


Tree=68
num_leaves=15
num_cat=0
split_feature=18 18 12 5 34 14 26 34 26 13 1 9 16 0
split_gain=57.9343 25.2943 10.8299 9.15689 8.26523 8.93456 8.86141 9.11389 7.69984 5.9501 5.7461 5.68567 4.60974 7.94945
threshold=0.03994440287351609 0.10049571469426156 0.45032873749732977 0.12812129408121112 0.001234087004061231 0.56330788135528576 0.011875310912728311 0.023780948067632854 0.036013042554259307 0.082164846360683455 0.075318153947591795 0.10409637540578844 0.0081345415875869898 0.50876298546791088
decision_type=2 2 2 2 2 2 2 2 2 2 2 2 2 2
left_child=2 3 -1 4 -2 6 -6 12 -5 -9 -3 -11 13 -8
right_child=1 10 -4 8 5 -7 7 9 -10 11 -12 -13 -14 -15
leaf_value=-0.0015281540908688559 -0.01957741158908571 -0.0041428424531684497 0.028217836647724096 -0.021656412365616353 0.021845048493062534 0.022746161047793995 0.023011131143607737 0.019697442118355536 0.0093335871418455865 -0.011033526578088156 -0.029928037796243 0.01348604261163335 -0.023106497881651582 -0.013653751626125738
leaf_weight=12.934503588825462 12.318894159048794 10.623650804162024 59.774136667605489 28.426000928506255 13.44888139888644 18.191311569884419 5.5965313054621246 16.108970494940877 8.0443648323416692 20.219380758702759 42.530914530158043 11.776609241962431 18.760337237268686 15.762427505105732
leaf_count=57 46 73 1013 126 86 177 30 98 30 80 449 75 75 97
internal_value=0.000102751 -0.00752359 0.0229868 -0.00171588 0.00198494 0.00451053 0.000843016 -0.00273855 -0.014613 0.00593423 -0.025166 -0.00165802 -0.0129968 -0.00277063
internal_weight=294.517 221.808 72.7086 168.654 132.183 119.864 101.673 88.2243 36.4704 48.105 53.1546 31.996 40.1193 21.359
internal_count=2512 1442 1070 920 764 718 541 455 156 253 522 155 202 127
is_linear=0
shrinkage=0.03


Tree=69
num_leaves=15
num_cat=0
split_feature=18 18 4 2 24 46 33 20 27 1 1 14 39 44
split_gain=55.5019 24.5294 10.6034 9.01955 9.90131 8.28586 7.11201 8.23826 8.12432 7.73383 5.68716 5.36808 7.10786 4.53152
threshold=0.03994440287351609 0.10049571469426156 0.45736509561538702 0.7235294282436372 0.00037696074151679189 0.043375791981816299 0.065291672945022597 0.023153615552325587 0.036023795604705817 0.12012178823351861 0.075318153947591795 0.33322708308696752 0.013511304743587972 0.14577331393957141
decision_type=2 2 2 2 2 2 2 2 2 2 2 2 2 2
left_child=2 3 -1 4 -2 11 7 9 -9 13 -3 -6 -13 -7
right_child=1 10 -4 -5 5 6 -8 8 -10 -11 -12 12 -14 -15
leaf_value=-0.00037299854321919042 0.021260324629281686 -0.0040487417441402258 0.028299719974726342 0.027391616832291882 -0.023107267758247035 0.0038139443672503773 0.021741941163989333 0.0039170455912619336 -0.022524793397941917 -0.019626796856760897 -0.02977469503092732 -0.024155059002579356 0.00096896623007544311 0.031502928061940161
leaf_weight=14.115798179060219 11.594632830470799 10.591427158564327 57.254466120153666 7.102147025987505 25.820836523547769 11.773995459079748 11.019034359604118 17.58588520437479 21.563591608777642 4.4728564620017996 41.4934465540573 11.974195750430225 35.620647976174951 9.3146867789328081
leaf_count=65 54 73 1005 82 116 93 69 67 103 15 449 59 198 64
internal_value=0.000103074 -0.00736566 0.0227323 -0.00166424 -0.00328733 -0.00547159 0.00146598 -0.00248997 -0.0109612 0.0102294 -0.024942 -0.0125167 -0.00601059 0.0178433
internal_weight=291.298 219.927 71.3703 167.843 160.74 149.146 75.73 64.711 39.1495 25.5615 52.0849 73.4157 47.5948 21.0887
internal_count=2512 1442 1070 920 838 784 411 342 170 172 522 373 257 157
is_linear=0
shrinkage=0.03


Tree=70
num_leaves=15
num_cat=0
split_feature=18 18 12 2 24 9 45 14 46 13 22 22 31 16
split_gain=53.1701 23.787 10.434 8.67852 9.46369 7.79956 10.1991 9.45243 11.4352 6.36022 7.77418 8.03002 6.92297 6.07585
threshold=0.03994440287351609 0.10049571469426156 0.45032873749732977 0.7235294282436372 0.00021405113769645793 0.042747821658849723 0.012857523281127216 0.36943098902702337 0.063764695078134551 0.053743710741400726 0.035715123638510711 0.020531333982944492 0.85173714160919201 0.0040239949094115768
decision_type=2 2 2 2 2 2 2 2 2 2 2 2 2 2
left_child=2 3 -1 4 -2 -6 -7 8 -8 -9 11 13 -13 -11
right_child=1 -3 -4 -5 5 6 7 9 -10 10 -12 12 -14 -15
leaf_value=-0.001477875935910101 0.021771434130096776 -0.024718508328057977 0.027825418259487075 0.02704855387306361 0.019764054625497983 -0.023585014514107099 -0.020282374756844919 -0.018022001216602586 0.0091205658613232651 0.015881512841329968 -0.011184403255443667 0.00029461694659813238 0.032313477628524247 -0.019818866728230591
leaf_weight=12.943243287503718 10.626474987715481 51.040783688426018 57.120914588216692 7.0033267904072991 8.51420317776501 25.285030890256166 39.192005561664701 7.4185310844331971 15.221293814480303 5.831740025430916 11.980336269363759 8.7578127607703227 19.698862291872501 7.5133308432996273
leaf_count=57 49 522 1013 82 74 82 188 36 59 54 79 51 132 34
internal_value=0.000104309 -0.0072096 0.0224797 -0.00161276 -0.00320386 -0.00526407 -0.0070529 -0.00307221 -0.0119724 0.00492193 0.00867321 0.0146837 0.0232243 -0.00398588
internal_weight=288.148 218.084 70.0642 167.043 160.04 149.413 140.899 115.614 54.4133 61.2006 53.7821 41.8017 28.4567 13.3451
internal_count=2512 1442 1070 920 838 789 715 633 247 386 350 271 183 88
is_linear=0
shrinkage=0.03


Tree=71
num_leaves=15
num_cat=0
split_feature=18 18 4 2 24 5 34 5 45 1 41 22 37 22
split_gain=50.9245 23.0277 10.2456 8.35135 9.03679 7.76989 6.05075 6.36016 6.17536 5.78291 5.75489 5.61559 9.82852 5.7512
threshold=0.03994440287351609 0.10049571469426156 0.45736509561538702 0.7235294282436372 0.00021405113769645793 0.12812129408121112 0.001234087004061231 0.044132761657238014 0.012643891386687757 0.075318153947591795 0.15532381832599643 0.019534729421138767 0.03490953519940377 0.017421396449208263
decision_type=2 2 2 2 2 2 2 2 2 2 2 2 2 2
left_child=2 3 -1 4 -2 6 -6 -8 -9 -3 -7 12 -10 -14
right_child=1 9 -4 -5 5 10 7 8 11 -11 -12 -13 13 -15
leaf_value=-0.00038817325364329773 0.021356392215679747 -0.0033902026249499231 0.027921323777597949 0.026710096522452237 -0.019882612046008663 -0.024272867248847165 0.026602232108791396 -0.017888904574216578 -0.026705392316244712 -0.029496769602719981 0.0037333580565282287 0.0076953936610804968 0.021973299499456644 -0.010653283098901213
leaf_weight=14.106790831312535 10.548066010698674 10.369426904246209 54.6828468372114 6.9061280675232402 12.007297988981007 24.814867669716477 6.1306964410468927 14.328656680881975 12.083564870059492 39.654815582558513 7.8862133733928195 55.539154902100563 8.3381862025707942 7.3515145424753419
leaf_count=65 49 73 1005 82 44 106 65 48 51 449 44 346 45 40
internal_value=0.000110204 -0.00706009 0.0222265 -0.00156126 -0.00312413 -0.0051439 -0.00135924 0.00109114 -0.000982353 -0.0244812 -0.0176065 0.0022414 -0.00834868 0.00704024
internal_weight=284.748 215.959 68.7896 165.934 159.028 148.48 115.779 103.772 97.6411 50.0242 32.7011 83.3124 27.7733 15.6897
internal_count=2512 1442 1070 920 838 789 639 595 530 522 150 482 136 85
is_linear=0
shrinkage=0.03


Tree=72
num_leaves=15
num_cat=0
split_feature=18 18 4 2 24 46 33 27 24 36 1 5 22 18
split_gain=48.7937 22.3126 10.0579 8.04031 8.6603 7.38266 6.66034 7.90657 10.4185 6.82638 5.71854 5.16635 7.31663 7.29388
threshold=0.03994440287351609 0.10049571469426156 0.45736509561538702 0.7235294282436372 0.00037696074151679189 0.043375791981816299 0.065291672945022597 0.055129984393715865 0.15796610169491529 0.0029563788557425146 0.075318153947591795 0.12812129408121112 0.018788677640259269 0.074747651815414443
decision_type=2 2 2 2 2 2 2 2 2 2 2 2 2 2
left_child=2 3 -1 4 -2 11 7 8 -7 -10 -3 12 -6 -14
right_child=1 10 -4 -5 5 6 -8 -9 9 -11 -12 -13 13 -15
leaf_value=-0.00037792584759377277 0.020108131451629107 -0.0033119988495019952 0.027731821000466072 0.026376092103630417 -0.022127577906670769 0.023932406751835562 0.021047608140325455 -0.019565863995555821 -0.012268025183759594 0.017342513743879656 -0.029346812528877192 -0.024833864075563549 0.0094858770300172996 -0.017593577169182594
leaf_weight=14.108820680528877 11.359516182914374 10.34346725605428 53.437353305052966 6.8105530254542819 16.288810571655631 13.840376016683875 11.042320501059292 15.776048211380838 26.867380864918232 7.2973539195954791 38.686586617492139 18.447071315720677 26.344094887375832 11.073390934616326
leaf_count=65 54 73 1005 82 78 94 69 84 116 48 449 82 157 56
internal_value=0.000108213 -0.00691373 0.0219752 -0.00151774 -0.00305029 -0.00510622 0.00146958 -0.0024112 0.00372346 -0.00525115 -0.0242583 -0.0118215 -0.00656705 0.000909771
internal_weight=281.723 214.177 67.5462 165.147 158.336 146.977 74.8235 63.7812 48.0051 34.1647 49.0301 72.1534 53.7063 37.4175
internal_count=2512 1442 1070 920 838 784 411 342 258 164 522 373 291 213
is_linear=0
shrinkage=0.03


Tree=73
num_leaves=15
num_cat=0
split_feature=10 22 22 10 26 16 16 1 39 16 38 11 24 31
split_gain=44.6592 22.4485 16.232 10.2682 9.1551 7.57469 13.017 7.48913 7.44595 7.01012 8.96687 5.84854 7.26889 5.39297
threshold=0.35882353782653814 0.026491448283195499 0.029135359451174739 0.27254903316497808 0.018330446444451812 0.00053245161701044065 0.00074239417989417991 0.071315076202154173 0.033872472122311599 0.0070069768219513133 0.16395421326160434 0.3254902064800263 0.18371957686223758 1.0483226180076601
decision_type=2 2 2 2 2 2 2 2 2 2 2 2 2 2
left_child=1 3 5 11 -4 8 -7 -6 -2 10 -3 12 -1 -8
right_child=2 9 4 -5 7 6 13 -9 -10 -11 -12 -13 -14 -15
leaf_value=0.015855444587303532 0.028449051606505741 0.029416490360410236 -0.018813970430813089 -0.011264708229628401 0.036915819940197998 -0.033467376125326631 0.0012196455784702772 -0.0012125433933233253 -0.013805692275252055 -0.027619615091985451 -0.018577311279906552 0.015127412189346384 -0.024114164943121935 0.029182013905870045
leaf_weight=5.3052682392299157 57.551600285805762 3.4908735342323762 16.414325267076492 40.621883220970631 4.5022619105875519 4.0559344887733486 12.741953084245326 15.257865931838749 2.7590274438261977 55.706233175471425 7.6662484984844923 34.239118980243802 7.5086458697915077 10.93222154304385
leaf_count=24 1038 20 97 173 36 25 104 107 27 518 69 142 51 81
internal_value=0.000108929 -0.0105869 0.0133965 -0.000472638 -0.00333564 0.0202261 0.00648138 0.00993149 0.0260868 -0.0234069 -0.00114392 0.00886264 -0.00745683 0.0155163
internal_weight=278.753 154.538 124.215 87.6749 36.1745 88.0407 27.7301 19.7601 60.3106 66.8634 11.1571 47.053 12.8139 23.6742
internal_count=2512 997 1515 390 240 1275 210 143 1065 607 89 217 75 185
is_linear=0
shrinkage=0.03


Tree=74
num_leaves=15
num_cat=0
split_feature=18 18 4 2 24 40 25 27 31 36 22 34 24 40
split_gain=45.145 20.9923 9.78725 7.56022 8.15323 6.94233 9.76885 9.71162 8.45705 7.68845 7.39476 5.78144 6.99636 7.81893
threshold=0.03994440287351609 0.10049571469426156 0.45736509561538702 0.7235294282436372 0.00037696074151679189 0.030249295756220821 0.031321693211793906 0.052446207031607635 1.2167096138000491 0.0067590847611427316 0.02510357461869717 0.025880887681159422 0.15796610169491529 0.054818540811538703
decision_type=2 2 2 2 2 2 2 2 2 2 2 2 2 2
left_child=2 3 -1 4 -2 8 7 11 -6 -8 -10 12 13 -7
right_child=1 -3 -4 -5 5 6 9 -9 10 -11 -12 -13 -14 -15
leaf_value=-0.00045005002771345476 0.019636494533463864 -0.023844159048977347 0.027406963790169998 0.025819244193858726 -0.02236367896873118 -0.0028127372574963086 0.042094272976385107 -0.023006264763911214 0.018454845630978496 0.0035444700176343407 -0.014852454114045935 0.023406250911188201 -0.011845113452580536 0.033565181965606351
leaf_weight=14.076693391427396 11.23103712685406 47.215065839700401 51.256678198464215 6.6699564000591627 32.779987331479788 13.943160452879967 5.7017675340175655 17.854773825034499 9.9884937070310134 13.337020883336661 9.9924811515957099 7.0625493191182604 28.612894060090184 6.2142044175416222
leaf_count=65 54 522 1005 82 193 76 40 94 34 79 43 57 128 40
internal_value=0.000107979 -0.00666197 0.0215253 -0.00145032 -0.00294054 -0.00494638 2.27199e-05 -0.0049732 -0.0134161 0.0181361 0.00182558 0.0013379 -0.00259494 0.010284
internal_weight=275.937 210.603 65.3334 163.388 156.718 145.487 92.7264 73.6876 52.761 19.0388 19.981 55.8328 48.7703 20.1574
internal_count=2512 1442 1070 920 838 784 514 395 270 119 77 301 244 116
is_linear=0
shrinkage=0.03


Tree=75
num_leaves=15
num_cat=0
split_feature=10 22 20 10 45 16 38 1 11 9 1 23 22 33
split_gain=41.1801 21.2173 15.4362 9.69286 6.98176 6.96784 8.09717 6.58221 5.51554 10.1911 5.34888 5.6467 4.54927 4.39581
threshold=0.35882353782653814 0.026491448283195499 0.0016228971048513304 0.27254903316497808 0.012766248080879452 0.0070069768219513133 0.16532037407159808 0.1083420366048813 0.3254902064800263 0.042747821658849723 0.073135357350111022 0.081372559070587172 0.019534729421138767 0.026813077740371231
decision_type=2 2 2 2 2 2 2 2 2 2 2 2 2 2
left_child=1 3 7 8 -4 6 -3 -2 9 -1 12 -12 -6 -5
right_child=2 5 4 13 10 -7 -8 -9 -10 -11 11 -13 -14 -15
leaf_value=0.017470035253090072 0.024212940768377416 0.027578168852433086 -0.017775095848361414 0.004558033231579728 -0.0054488126346358074 -0.027266214754420228 -0.017925244083416128 -0.011061565309059728 0.014738366385243812 -0.029612022112579951 0.014412714564560263 -0.014109231829461303 0.026890208855259772 -0.016678559289078885
leaf_weight=6.1443537622690183 66.411709756124765 3.6369870156049711 12.149592572823165 10.874821359291671 4.3853361029177931 53.678702485747635 7.3579661827534437 3.8779749292880288 34.138168592005968 6.5124586224555969 8.3326751124113816 13.794047819450496 12.285087734460829 29.507286816835403
leaf_count=50 1138 22 74 70 42 518 67 18 142 25 37 108 98 103
internal_value=0.000126934 -0.0102139 0.0130589 -0.000425935 0.000338192 -0.0229541 -0.000714589 0.0219731 0.00866541 -0.00728596 0.00667734 -0.00293948 0.01855 -0.0109436
internal_weight=273.087 151.851 121.236 87.1771 50.9467 64.6737 10.995 70.2897 46.795 12.6568 38.7971 22.1267 16.6704 40.3821
internal_count=2512 997 1515 390 359 607 89 1156 217 75 285 145 140 173
is_linear=0
shrinkage=0.03


Tree=76
num_leaves=15
num_cat=0
split_feature=18 18 4 5 34 42 26 34 16 22 40 27 8 25
split_gain=41.7489 19.7069 9.58021 7.14925 7.197 7.1224 6.98339 6.61318 8.49638 7.99764 6.24411 4.27745 8.93015 5.71302
threshold=0.03994440287351609 0.10049571469426156 0.45736509561538702 0.12812129408121112 0.001234087004061231 0.010755845811218025 0.036013042554259307 0.029272508528265111 0.00411318824404762 0.036987517029047019 0.013173880986869337 0.056916266679763801 0.51961666345596325 0.032485084608197219
decision_type=2 2 2 2 2 2 2 2 2 2 2 2 2 2
left_child=2 3 -1 4 -2 -6 -5 8 9 -7 -3 -9 13 -13
right_child=1 10 -4 6 5 7 -8 11 -10 -11 -12 12 -14 -15
leaf_value=-0.00059873447084865018 -0.018449849330169601 0.015142747652119945 0.027090727316379331 -0.020193397571924621 0.023204478579314035 0.014352166772373068 0.0098308959789789666 0.020228362193944392 -0.016323645208550067 -0.020676551353002347 -0.026032109556614839 -0.023447122613465751 0.021727246120376228 0.00917120082014331
leaf_weight=14.028667097911237 11.958967370912431 2.2145905625075093 49.246869347523898 26.48550427518785 13.626746508292852 22.302998289465908 7.7304247766733161 18.156196314841509 28.699855744838715 5.7836734466254702 43.246461551636457 10.433721423149114 10.122307788580654 6.3391077481210223
leaf_count=65 46 23 1005 126 83 160 30 135 122 35 499 49 98 36
internal_value=0.000121048 -0.00640719 0.0210756 -0.0013793 0.00191505 0.00432806 -0.0131589 0.00137506 -0.00532898 0.00614429 -0.0234095 0.00975649 0.00167257 -0.0112959
internal_weight=270.376 207.101 63.2755 161.64 127.424 115.465 34.2159 101.838 56.7865 28.0867 45.4611 45.0513 26.8951 16.7728
internal_count=2512 1442 1070 920 764 718 156 635 317 195 522 318 183 85
is_linear=0
shrinkage=0.03


Tree=77
num_leaves=15
num_cat=0
split_feature=18 18 12 5 1 34 42 34 16 31 40 12 13 1
split_gain=39.9837 19.039 9.37606 6.79496 6.89662 6.85156 6.80941 6.29959 8.04341 8.79695 6.10506 5.97985 4.52505 4.23272
threshold=0.03994440287351609 0.10049571469426156 0.45032873749732977 0.12812129408121112 0.14359862357378009 0.001234087004061231 0.010755845811218025 0.029272508528265111 0.00411318824404762 1.0873326659202578 0.013173880986869337 0.51137623190879833 0.054168468341231353 0.072002846747636809
decision_type=2 2 2 2 2 2 2 2 2 2 2 2 2 2
left_child=2 3 -1 5 -5 -2 -7 8 9 13 -3 -6 -11 -8
right_child=1 10 -4 4 11 6 7 -9 -10 12 -12 -13 -14 -15
leaf_value=-0.0015790876423699457 -0.018020827740425797 0.014830007387122085 0.026585123199417821 -0.026688668562970776 -0.015596324809307767 0.022758554791353858 0.028993173538709425 0.0095375509696959664 -0.015938262091582955 -0.028543024136114661 -0.025829730433509907 0.015074583246912947 0.0034247779539690508 -0.0039064188163100803
leaf_weight=12.90187108889222 11.924505950883029 2.2353132516145697 49.266639154404402 15.078795999288557 9.4754748456180113 13.517784751951693 10.921321525238456 44.873173320665956 28.562465667724609 5.1152654215693456 42.307648111134768 9.4032355118542892 7.8947722874581814 4.03501440770924
leaf_count=57 46 23 1013 71 44 83 98 318 122 17 499 41 56 24
internal_value=0.000122043 -0.00627219 0.0208264 -0.00134434 -0.0128732 0.00187067 0.0042333 0.00134227 -0.00521558 0.00596839 -0.0231753 -0.000195233 -0.0110728 0.0205265
internal_weight=267.513 205.345 62.1685 160.802 33.9575 126.844 114.92 101.402 56.5288 27.9664 44.543 18.8787 13.01 14.9563
internal_count=2512 1442 1070 920 156 764 718 635 317 195 522 85 73 122
is_linear=0
shrinkage=0.03


Tree=78
num_leaves=15
num_cat=0
split_feature=18 18 4 24 46 1 14 45 44 19 34 42 22 22
split_gain=38.3095 18.3736 9.23412 6.80461 8.85155 6.12072 5.4863 8.98211 5.38201 5.16711 7.17318 8.00977 5.59794 7.0132
threshold=0.03994440287351609 0.10049571469426156 0.45736509561538702 0.00021405113769645793 0.04535926133394242 0.075318153947591795 0.33322708308696752 0.016397525556385521 0.051637910306453712 0.38563680648803716 0.001354502147074611 0.020384899340569976 0.019055953249335292 0.035349013283848769
decision_type=2 2 2 2 2 2 2 2 2 2 2 2 2 2
left_child=2 3 -1 -2 6 -3 -5 8 -8 10 -6 -12 -13 -14
right_child=1 5 -4 4 9 -7 7 -9 -10 -11 11 12 13 -15
leaf_value=-0.00060091507328636866 0.020233759963012826 -0.0010445170012729067 0.026713999325866974 -0.021221039871239935 -0.021130636917257181 -0.028600994788009142 -0.035260895982943893 0.0051482663829591907 -0.0025366087500111115 -0.007989372959344751 0.026794432234429035 -0.0210043953224451 0.017409155802184963 -0.015296854185437213
leaf_weight=14.022296871989964 10.190378919243811 9.56056986376643 47.06714382302016 24.907540664076805 4.5352217070758334 34.08757244143635 8.3026788998395222 32.654828190803528 9.0411004796624166 20.733474114909768 19.007038546726108 5.270789502188566 19.055988841690127 6.3603015895932904
leaf_count=65 49 73 1005 122 14 449 30 202 59 86 118 20 168 52
internal_value=0.000115537 -0.00614624 0.0205764 -0.00132119 -0.00305374 -0.022941 -0.0102317 -0.00409389 -0.0203832 0.00415934 0.00897646 0.0124934 0.00244629 0.00859637
internal_weight=264.797 203.707 61.0894 160.059 149.869 43.6481 74.9061 49.9986 17.3438 74.9628 54.2293 49.6941 30.6871 25.4163
internal_count=2512 1442 1070 920 871 522 413 291 89 458 372 358 240 220
is_linear=0
shrinkage=0.03


Tree=79
num_leaves=15
num_cat=0
split_feature=18 18 4 2 1 9 34 5 1 11 15 4 34 28
split_gain=36.7454 17.7412 9.05296 6.5495 6.03496 5.9198 6.27025 5.5315 6.92187 5.69487 6.1179 6.32347 5.84743 6.34368
threshold=0.03994440287351609 0.10049571469426156 0.45736509561538702 0.7235294282436372 0.075318153947591795 0.042747821658849723 0.001234087004061231 0.12812129408121112 0.14359862357378009 0.33921569585800176 0.48403728008270269 0.51615869998931896 0.019576974445351846 0.00047195747800586515
decision_type=2 2 2 2 2 2 2 2 2 2 2 2 2 2
left_child=2 3 -1 5 -3 -2 -7 9 -9 -8 -11 -12 13 -13
right_child=1 4 -4 -5 -6 6 7 8 -10 10 11 12 -14 -15
leaf_value=-0.00058502291006232415 0.019273281380975404 -0.0010192738856688232 0.026524272467673287 0.024600894825096239 -0.028454902741203825 -0.027355144915249381 -0.025677655313663554 -0.026849471243867138 -7.3612892410531824e-05 0.022333734363677974 -0.0075333411336695622 0.011574727893134126 0.015364902263280565 -0.025460898646490975
leaf_weight=14.025411348789929 8.3180509759113175 9.5530750099569541 46.011993925552815 6.3251958079636088 33.25753219705075 7.891723569482564 4.7624412029981604 14.619871793314813 18.706628080457449 10.567042011767624 46.261825520545244 6.405544536188243 29.065548811107874 6.4289350584149361
leaf_count=65 76 73 1005 82 449 26 15 70 85 40 219 55 228 24
internal_value=9.78773e-05 -0.0060356 0.0203282 -0.00130908 -0.0227184 -0.00270294 -0.00423213 -0.00250187 -0.0127598 0.000952261 0.00275094 -6.32246e-06 0.00820051 -0.00770613
internal_weight=262.201 202.163 60.0374 159.353 42.8106 153.028 144.71 136.818 33.3265 103.491 98.7289 88.1619 41.9 12.8345
internal_count=2512 1442 1070 920 522 838 762 736 155 581 566 526 307 79
is_linear=0
shrinkage=0.03


Tree=80
num_leaves=15
num_cat=0
split_feature=18 18 8 26 22 2 1 34 26 8 45 13 1 20
split_gain=35.2173 17.1474 7.151 10.8733 6.45373 7.14842 5.94966 5.22695 8.76782 6.31702 9.17584 8.70345 5.52674 5.09276
threshold=0.03994440287351609 0.10049571469426156 0.43953195214271551 0.0089369029738008993 0.012260050047188999 0.7235294282436372 0.075318153947591795 0.001234087004061231 0.012102152220904829 0.44622433185577398 0.016397525556385521 0.082164846360683455 0.084318414330482497 0.0016228971048513304
decision_type=2 2 2 2 2 2 2 2 2 2 2 2 2 2
left_child=2 4 3 -1 -2 7 -3 -6 -9 -10 -11 -12 -13 -4
right_child=1 6 13 -5 5 -7 -8 8 9 10 11 12 -14 -15
leaf_value=0.027789128307742429 0.020761789468030936 -0.00099462848550522696 0.028895817773510999 -0.015371950751365521 -0.02344886149111744 0.024292420339717416 -0.028309119321651654 0.018102014760250928 -0.014961994375368992 -0.020769100558174179 0.020501972243629124 -0.026924563298997856 0.0014247626011857062 -0.011943417423015726
leaf_weight=7.1822491157799986 9.1220187172293645 9.5457652620971185 39.767969450447708 10.279642426408826 10.00775404833257 6.2400416731834403 32.448474064469337 14.179586346261202 39.143469220027328 14.164835522882639 18.918384332209826 5.2108513861894599 41.555633421987295 1.7822278598323453
leaf_count=107 31 73 875 59 39 82 449 94 198 60 162 28 226 29
internal_value=8.91552e-05 -0.00591909 0.0200805 0.00325789 -0.00128404 -0.00290619 -0.0224959 -0.00443053 -0.00265334 -0.00540974 -0.000439263 0.00438467 -0.00264716 0.0266072
internal_weight=259.549 200.537 59.0121 17.4619 158.543 149.421 41.9942 143.181 133.173 118.993 79.8497 65.6849 46.7665 41.5502
internal_count=2512 1442 1070 166 920 889 522 807 768 674 476 416 254 904
is_linear=0
shrinkage=0.03


Tree=81
num_leaves=15
num_cat=0
split_feature=22 16 14 24 6 48 26 1 31 39 19 36 45 24
split_gain=33.0026 20.4086 13.5089 12.6342 10.0198 9.48815 7.38839 9.63403 7.21775 6.88635 5.48905 4.72481 10.5457 9.63487
threshold=0.028029086999595169 0.00053245161701044065 0.34027844667434698 0.0014254561459667097 0.40980392694473272 0.039766497910022743 0.018330446444451812 0.07665178552269937 0.73683819174766552 0.036317346617579467 0.24459987133741382 0.00094098463887348782 0.013334879186004402 0.12683423913043482
decision_type=2 2 2 2 2 2 2 2 2 2 2 2 2 2
left_child=1 4 -2 8 -1 11 -4 -8 -3 -6 -9 13 -13 -5
right_child=2 3 6 5 9 -7 7 10 -10 -11 -12 12 -14 -15
leaf_value=-0.0033532250698507975 -0.027885139637781112 -0.008374067679596163 -0.016210321060346682 0.029916353563178108 0.029078200094585865 0.023081042003616544 0.032150031689479108 0.0076269432824462502 0.025874352283914548 -0.015111045873655115 -0.020210673426978076 -0.036473028065573024 -0.006100235045922304 -0.017025492995939681
leaf_weight=11.571858229115604 36.890906465239823 6.2394661456346538 23.269255733117461 5.7930758129805309 49.00492902379483 7.0241502951830617 6.8883930984884527 13.018219698220493 19.215926102362573 2.1042034141719332 9.1216467805206758 11.549904055893419 49.297378163784742 6.0308364275842905
leaf_count=70 434 23 164 31 1066 24 61 77 125 18 96 37 255 31
internal_value=8.70513e-05 0.00791442 -0.0144599 -0.000209829 0.0211747 -0.00615009 -0.00425606 0.00565708 0.0173718 0.0267019 -0.00444215 -0.00955818 -0.0128905 0.00675724
internal_weight=257.02 167.832 89.1884 105.151 62.681 79.6953 52.2975 29.0283 25.4554 51.1091 22.1399 72.6712 60.8473 11.8239
internal_count=2512 1680 832 526 1154 378 398 234 148 1084 173 354 292 62
is_linear=0
shrinkage=0.03


Tree=82
num_leaves=15
num_cat=0
split_feature=22 10 23 21 36 9 22 3 16 23 3 31 34 2
split_gain=31.5545 21.8727 7.94556 9.16299 11.0068 8.27705 7.25968 10.2393 6.91525 9.02646 6.39062 9.54872 6.24728 5.988
threshold=0.01440312620252371 0.35882353782653814 0.025490209460258487 0.030032753944396976 0.0038713513640686874 0.093341149389743819 0.026491448283195499 0.62941178679466259 0.0070069768219513133 0.11372550576925279 0.51176473498344432 0.87425449490547191 0.001354502147074611 0.31176471710205084
decision_type=2 2 2 2 2 2 2 2 2 2 2 2 2 2
left_child=10 6 -3 4 -4 12 7 13 9 -8 11 -1 -5 -2
right_child=1 2 3 5 -6 -7 8 -9 -10 -11 -12 -13 -14 -15
leaf_value=-0.021478945025089229 0.00092331796763441606 0.028558476368995146 -0.025120404142530341 -0.016860023842674401 0.016812479454835709 -0.0071389873882328073 0.030270418750053416 0.014372824695191376 -0.026192332922816374 -0.018455441628305681 0.025175728744930247 0.017312457503587775 0.022763944553189842 -0.022061294971962901
leaf_weight=6.6352798230946091 15.612035199999807 10.088628557510672 16.355351057834927 2.5244263038039234 6.4055269975215188 15.917170399799941 3.6040578782558423 14.289241617545484 47.750388579443097 6.7801095750182867 40.402777007780969 14.931358953937886 27.647193098440766 25.414185784757137
leaf_count=26 76 134 134 13 57 137 18 57 518 71 766 78 337 90
internal_value=8.35866e-05 -0.0059198 0.00609293 0.00204544 -0.0127934 0.00966326 -0.014265 -0.00607879 -0.0215431 0.00037115 0.0183708 0.00444046 0.0185134 -0.0136087
internal_weight=254.358 192.388 78.9383 68.8497 22.7609 46.0888 113.45 55.3155 58.1346 10.3842 61.9694 21.5666 30.1716 41.0262
internal_count=2512 1642 812 678 191 487 830 223 607 89 870 104 350 166
is_linear=0
shrinkage=0.03


Tree=83
num_leaves=15
num_cat=0
split_feature=18 18 4 24 46 24 7 2 18 5 1 22 18 31
split_gain=31.1395 15.5692 8.52591 6.08524 8.19988 6.49055 8.85985 7.44985 6.32714 6.32141 5.8878 5.53191 6.77635 5.74751
threshold=0.03994440287351609 0.10049571469426156 0.45736509561538702 0.00021405113769645793 0.048569055274128921 0.10455709790426589 0.41764706373214727 0.34254893660545355 0.0517016388475895 0.12812129408121112 0.075318153947591795 0.018788677640259269 0.074747651815414443 1.0397033691406252
decision_type=2 2 2 2 2 2 2 2 2 2 2 2 2 2
left_child=2 3 -1 -2 9 -6 -7 -8 -9 11 -3 13 -13 -5
right_child=1 10 -4 4 5 6 7 8 -10 -11 -12 12 -14 -15
leaf_value=-0.00081099735466611672 0.019459905250007202 -0.00045359868156255015 0.025829785260198801 -0.028899315075102947 0.026941824462780782 -0.030110284881330114 0.026602932513493053 0.019468212874292432 -0.006463583977711464 -0.023254275927400085 -0.027921730701189695 0.01014585187402914 -0.014536371953347591 0.0035943069632762442
leaf_weight=13.86205982044339 9.8773760050535184 9.3398503586649877 42.270447274204344 10.987331526353957 8.1450782185420376 5.329091425985097 9.3986555952578765 8.9591730562970024 35.177609540522099 19.647633830085397 30.374765974469483 28.479048683308065 12.892917791381477 6.9828361738473168
leaf_count=65 49 73 1005 52 60 18 39 96 208 96 449 194 67 41
internal_value=8.63492e-05 -0.00558083 0.0193976 -0.0011884 -0.00284969 0.00476656 0.000864404 0.00497507 -0.000519002 -0.009306 -0.0218653 -0.00403134 0.00206924 -0.0170273
internal_weight=251.724 195.591 56.1325 155.877 145.999 67.0096 58.8645 53.5354 44.1368 78.9898 39.7146 59.3421 41.372 17.9702
internal_count=2512 1442 1070 920 871 421 361 343 304 450 522 354 261 93
is_linear=0
shrinkage=0.03


Tree=84
num_leaves=15
num_cat=0
split_feature=18 18 4 22 12 33 20 31 4 44 18 41 1 31
split_gain=29.8165 15.0553 8.34865 5.82345 6.63866 8.12472 7.13641 6.84988 6.72957 10.352 8.64116 6.10375 5.79873 5.23976
threshold=0.03994440287351609 0.10049571469426156 0.45736509561538702 0.012260050047188999 0.51137623190879833 0.032169088721275337 0.0051377102789750967 1.0397033691406252 0.54280731081962597 0.05968075059354306 0.066477064043283476 0.19504020363092425 0.075318153947591795 0.84913113713264476
decision_type=2 2 2 2 2 2 2 2 2 2 2 2 2 2
left_child=2 3 -1 -2 5 6 -5 -8 -6 -10 13 -7 -3 -11
right_child=1 12 -4 4 8 11 7 -9 9 10 -12 -13 -14 -15
leaf_value=-0.00078952683107664731 0.020033862508129188 -0.00044251693456868644 0.025637791788580458 0.021322454902873666 0.017723138162522533 -0.023270277454295215 -0.024160950431592439 0.0089286097524240889 -0.025901178457172665 -0.0022138213003060981 -0.0097025675298749465 0.00062189677317957216 -0.027776239216448263 0.026128814227356214
leaf_weight=13.866179041564463 8.862365458160637 9.3366721235215646 41.338492741575465 10.257721366360785 19.796191791072488 32.206476993858814 8.9743974879384059 9.8046947568654996 10.642065776512025 8.2525242762640136 18.520741272717714 12.912698447704313 29.639455378055573 14.942814285866914
leaf_count=65 31 73 1005 64 120 173 42 39 58 50 102 53 449 188
internal_value=8.35047e-05 -0.00546313 0.0191519 -0.00115634 -0.00271296 -0.00891732 0.00327393 -0.00754375 0.00369158 -0.00201534 0.00491569 -0.0166327 -0.0216429 0.0165506
internal_weight=249.353 194.149 55.2047 155.173 146.31 74.156 29.0368 18.7791 72.1543 52.3581 41.7161 45.1192 38.9761 23.1953
internal_count=2512 1442 1070 920 889 371 145 81 518 398 340 226 522 238
is_linear=0
shrinkage=0.03


Tree=85
num_leaves=15
num_cat=0
split_feature=22 10 23 21 36 9 22 3 16 23 33 9 15 34
split_gain=28.072 19.6903 7.48135 8.62318 10.3097 7.43033 6.73503 9.70807 6.89762 8.66099 6.82509 9.53343 6.42807 5.98992
threshold=0.01440312620252371 0.35882353782653814 0.025490209460258487 0.030032753944396976 0.0038713513640686874 0.093341149389743819 0.026491448283195499 0.62941178679466259 0.0070069768219513133 0.11372550576925279 0.032370239496231086 0.078163266181945815 0.46200785040855413 0.001354502147074611
decision_type=2 2 2 2 2 2 2 2 2 2 2 2 2 2
left_child=12 6 -3 4 -4 13 7 10 9 -8 11 -2 -1 -5
right_child=1 2 3 5 -6 -7 8 -9 -10 -11 -12 -13 -14 -15
leaf_value=0 -0.017635607231142342 0.028016362664085463 -0.024469789093318293 -0.01670138099996506 0.016400623296022359 -0.0066001131571448522 0.030039636332799047 0.014158490845005357 -0.025718834737935677 -0.017906775504991059 -0.023451105259848445 0.022082426140334999 0.023031841913790339 0.022209170572982592
leaf_weight=14.314729131758211 9.7440412156283873 9.7366729760542494 16.191718703135852 2.50077513791621 6.2728037042543283 15.64828711375594 3.6163591854274255 14.176494799554346 45.363741798326373 6.5452465265989304 22.610513422638178 8.1236089281737787 45.235366215463728 26.856198532506824
leaf_count=56 46 134 134 13 57 137 18 57 518 71 93 27 814 337
internal_value=8.26318e-05 -0.00562627 0.00587797 0.00192536 -0.0125271 0.00942921 -0.0136755 -0.00580126 -0.0209029 0.00104391 -0.0131998 0.000676504 0.0176947 0.0179451
internal_weight=246.937 187.386 77.2065 67.4698 22.4645 45.0053 110.18 54.6547 55.5253 10.1616 40.4782 17.8677 59.5501 29.357
internal_count=2512 1642 812 678 191 487 830 223 607 89 166 73 870 350
is_linear=0
shrinkage=0.03


Tree=86
num_leaves=15
num_cat=0
split_feature=18 18 12 1 2 22 34 26 12 22 42 31 28 34
split_gain=27.3867 14.0765 8.09183 5.75977 5.52314 6.12116 4.68636 7.88565 8.03575 6.97989 9.37333 7.48133 9.62788 5.0908
threshold=0.03994440287351609 0.10049571469426156 0.45032873749732977 0.075318153947591795 0.7235294282436372 0.012260050047188999 0.001234087004061231 0.012102152220904829 0.51137623190879833 0.035349013283848769 0.029371920041739944 0.99770140647888195 0.00271165780141844 0.019576974445351846
decision_type=2 2 2 2 2 2 2 2 2 2 2 2 2 2
left_child=2 4 -1 -3 5 -2 -7 -8 -9 10 11 12 -10 -13
right_child=1 3 -4 -5 -6 6 7 8 9 -11 -12 13 -14 -15
leaf_value=-0.0018321915842682236 0.019460936886420487 -8.2533218878336358e-05 0.024922803388244257 -0.027513581858641979 0.023320610711176585 -0.022180296695320088 0.017617679480417179 -0.013000268519100631 0.017488442496181967 -0.013659871745052848 0.027939182929764696 -0.0056576688921419899 -0.028613362362743679 0.025650769721114516
leaf_weight=12.73832633346319 8.7246168218553048 9.2121623009443265 40.781760884216055 28.351168414577842 5.9097296064719549 9.8175746351480466 13.745884243398903 55.56210851483047 4.2927164714783457 15.328738050535319 13.231729075312613 6.8384069846943012 10.861087474972008 9.0302654737606627
leaf_count=57 31 73 1013 449 82 39 94 285 38 106 91 36 55 63
internal_value=8.60883e-05 -0.0052462 0.0186642 -0.0212064 -0.00109454 -0.0023923 -0.00404524 -0.00232317 -0.00498944 0.00261167 0.0086596 -0.000666792 -0.0148625 0.0128678
internal_weight=244.426 190.906 53.5201 37.5633 153.343 147.433 138.709 128.891 115.145 59.5829 44.2542 31.0225 15.1538 15.8687
internal_count=2512 1442 1070 522 920 838 807 768 674 389 283 192 93 99
is_linear=0
shrinkage=0.03


Tree=87
num_leaves=15
num_cat=0
split_feature=18 18 4 1 24 46 33 27 24 7 42 36 13 34
split_gain=26.1834 13.6284 8.00768 5.66824 5.5 7.47382 4.60686 7.625 7.14048 7.96451 6.87632 7.01063 4.22124 5.90813
threshold=0.03994440287351609 0.10049571469426156 0.45736509561538702 0.075318153947591795 0.00037696074151679189 0.04535926133394242 0.065291672945022597 0.055482599884271629 0.14562412763647645 0.39019608497619634 0.010755845811218025 0.002295846701599658 0.12956354767084124 0.029778736697255528
decision_type=2 2 2 2 2 2 2 2 2 2 2 2 2 2
left_child=2 4 -1 -3 -2 12 7 8 -7 -10 -11 -12 13 -6
right_child=1 3 -4 -5 5 6 -8 -9 9 10 11 -13 -14 -15
leaf_value=-0.00098659663219917643 0.018049304663999278 -8.0503216145500232e-05 0.025098425831336139 -0.027367619636125957 -0.012902515601472852 0.025698788646716361 0.020453517493121163 -0.016913412120562004 -0.030982111273808878 0.028434240374039937 -0.015520373048095341 0.014694388277569487 -0.022342747455787529 0.0064966991965210068
leaf_weight=13.806159628555177 10.474448055960236 9.211591696366666 38.853813061956316 27.668305402621627 32.733453203924 10.925249758176504 10.747062636539338 14.668694587424396 4.3882928043603888 6.7603183249011662 13.782268484123053 10.285041117109357 15.827364586293696 21.9746488109231
leaf_count=65 54 73 1005 449 187 83 69 91 16 32 68 99 80 141
internal_value=9.45254e-05 -0.00512256 0.0184188 -0.0209839 -0.00104708 -0.00270659 0.00404728 0.000541052 0.00662443 -0.000275563 0.00562537 -0.00235642 -0.00952231 -0.0051032
internal_weight=242.107 189.447 52.66 36.8799 152.567 142.092 71.5569 60.8099 46.1412 35.2159 30.8276 24.0673 70.5355 54.7081
internal_count=2512 1442 1070 522 920 866 458 389 298 215 199 167 408 328
is_linear=0
shrinkage=0.03


Tree=88
num_leaves=15
num_cat=0
split_feature=18 18 12 40 2 9 45 5 30 25 36 45 8 36
split_gain=25.0531 13.1781 7.73767 6.04411 5.21874 5.07321 6.62957 5.01852 9.30996 5.28073 12.1502 10.6604 4.55177 4.43812
threshold=0.03994440287351609 0.10049571469426156 0.45032873749732977 0.013173880986869337 0.7235294282436372 0.042747821658849723 0.012997979763895275 0.081748697906732573 0.012379100080579521 0.03203695826232434 0.0066744207870215186 0.019811719655990604 0.50974667072296154 0.0019280656706541779
decision_type=2 2 2 2 2 2 2 2 2 2 2 2 2 2
left_child=2 4 -1 -3 5 -2 -7 8 13 11 -11 -9 -13 -8
right_child=1 3 -4 -5 -6 6 7 9 -10 10 -12 12 -14 -15
leaf_value=-0.0017575668830898949 0.018457426770132367 0.017295370425709857 0.024522669403927628 -0.023919369817072687 0.022884380955645347 -0.017053941596987275 0.0088943513406049991 0.0090159890176646565 0.023151178369552602 0.037209556764440835 -0.0056852091384023921 -0.026452708657767804 -0.0031144140542651742 -0.018741251156608629
leaf_weight=12.750905361026524 7.9201317727565756 2.0158350318670264 39.070969256805256 34.198449424467981 5.8020365871489039 25.138720069080591 7.782498216256502 16.241625789552927 17.272297310642898 6.0392791144549873 21.021742090582848 23.246142383664846 11.994759475812314 9.4882364049553853
leaf_count=57 76 23 1013 499 82 92 49 80 146 44 112 116 75 48
internal_value=9.44944e-05 -0.00500825 0.0181756 -0.0207616 -0.00101326 -0.0022784 -0.00373423 -0.000502335 0.00869883 -0.00470172 0.00568647 -0.0102267 -0.0191836 -0.00650183
internal_weight=239.984 188.162 51.8219 36.2143 151.947 146.145 138.225 113.087 34.543 78.5435 27.061 51.4825 35.2409 17.2707
internal_count=2512 1442 1070 522 920 838 762 670 243 427 156 271 191 97
is_linear=0
shrinkage=0.03


Tree=89
num_leaves=15
num_cat=0
split_feature=22 16 14 6 16 40 19 4 10 39 2 22 11 16
split_gain=24.4936 16.5255 11.8244 9.23497 8.29812 6.89611 6.78137 7.30476 8.95636 6.45087 5.75581 5.70094 6.20534 5.39956
threshold=0.028029086999595169 0.00053245161701044065 0.32900510728359228 0.40980392694473272 0.00080201598419540247 0.012810109648853542 0.090909112244844451 0.51615869998931896 0.27254903316497808 0.036317346617579467 0.7235294282436372 0.024893291294574741 0.3254902064800263 0.0073728760619690163
decision_type=2 2 2 2 2 2 2 2 2 2 2 2 2 2
left_child=1 3 -2 -1 -3 -4 -6 8 11 -5 -7 12 -8 -10
right_child=2 4 5 9 6 10 7 -9 13 -11 -12 -13 -14 -15
leaf_value=-0.003708932105929747 -0.027341071645497716 -0.030586463396520165 0.020138313800140438 0.028323371180353125 0.025118370314717243 -0.012428574129660017 -0.0090121742281097719 0.016389445108700756 0.0010831311622208758 -0.015333340111136153 0.017696174869336095 -0.017556597034667311 0.01703663601499231 -0.025471905627678319
leaf_weight=11.254104068502782 30.158765433356166 5.545263545587658 7.0799642093479624 42.540073798503727 8.2810849603265506 39.2849977388978 10.306283354759215 16.156180085614324 9.6013868171721715 1.9591750446706999 4.7564843064174047 6.9789919210597864 24.334058361127973 19.488430375233293
leaf_count=70 415 33 52 1066 78 312 43 98 58 18 53 44 105 67
internal_value=0.000108673 0.00704346 -0.0130517 0.0198371 -0.00025959 -0.00385333 0.00207033 -0.000608999 -0.00487818 0.0257599 -0.00848256 0.00399128 0.00913576 -0.0171048
internal_weight=237.725 156.445 81.2802 55.7534 100.692 51.1214 95.1464 86.8653 70.7092 44.4992 44.0415 41.6193 34.6403 29.0898
internal_count=2512 1680 832 1154 526 417 493 415 317 1084 365 192 148 125
is_linear=0
shrinkage=0.03


Tree=90
num_leaves=15
num_cat=0
split_feature=18 18 24 40 33 6 37 30 2 45 40 42 23 21
split_gain=23.3624 13.6226 7.63824 7.92627 10.0967 11.9495 7.10913 6.83396 6.48506 6.40272 6.30411 6.1331 6.16497 6.61182
threshold=0.03197473660111428 0.10049571469426156 0.0005261479591836736 0.051149675622582443 0.016458860598504547 0.37000003457069403 0.066070549190044417 0.017391252331435684 0.28823530673980718 0.013334879186004402 0.012810109648853542 0.013861014507710935 0.050000011920928962 0.03040282987058163
decision_type=2 2 2 2 2 2 2 2 2 2 2 2 2 2
left_child=8 2 -2 4 -4 -6 -5 11 -1 -8 -3 -7 -13 -14
right_child=1 10 3 6 5 7 9 -9 -10 -11 -12 12 13 -15
leaf_value=-0.014704548397838435 0.018072585681973802 0.01911678437483123 -0.039528839271053363 0.019891490439190005 -0.017159455611647008 0.021514303746534482 -0.016068193494137309 0.027508271468071541 0.026013602581412935 0.0063573391307544828 -0.023591919795537264 0.0085932511140504719 -0.038551697515942507 -0.00073725806997865457
leaf_weight=2.5506082326173773 16.396376734599471 1.8591151162981976 6.5561820082366458 18.74324079696089 35.553778825327754 6.6693393019959322 15.122982919216154 8.1700674723833782 31.795342968776822 32.561270190402865 33.090735709294677 11.165925376117231 6.0989408800378433 9.0668682605028135
leaf_count=5 116 20 67 163 187 48 70 73 805 230 502 114 31 81
internal_value=0.000102 -0.00385122 -0.000166117 -0.00239535 -0.00848478 -0.00485711 0.00522007 0.006 0.0222645 -0.00105502 -0.0203271 -0.000506675 -0.00731508 -0.018839
internal_weight=235.401 201.055 166.105 149.709 83.2811 76.7249 66.4275 41.1711 34.346 47.6843 34.9499 33.0011 26.3317 15.1658
internal_count=2512 1702 1180 1064 601 534 463 347 810 300 522 274 226 112
is_linear=0
shrinkage=0.03


Tree=91
num_leaves=15
num_cat=0
split_feature=18 18 0 31 31 25 41 33 46 18 44 40 39 34
split_gain=22.4129 13.0973 7.23125 6.60568 9.21276 6.45181 6.49481 6.42152 9.21988 8.47286 6.78678 6.1508 6.04881 8.43094
threshold=0.03197473660111428 0.10049571469426156 0.41029791533946997 0.84817269444465648 0.91442957520484935 0.031321693211793906 0.13046221435070041 0.013025905005633833 0.04217085428535939 0.048714781180024154 0.053796268999576576 0.012810109648853542 0.016156287863850597 0.028315062163978496
decision_type=2 2 2 2 2 2 2 2 2 2 2 2 2 2
left_child=2 3 -1 5 -5 -2 -7 8 -6 10 -9 -3 -11 -14
right_child=1 11 -4 4 7 6 -8 9 -10 12 -12 -13 13 -15
leaf_value=-0.012813821977757964 -0.015745821895627666 0.018742206610688972 0.026687504498360829 0.027912298777999629 -0.047533010540284859 -0.011242370844331039 0.025011794425157902 -0.002606707594814974 0.01033620976478096 0.0090987470348860046 0.028072687683950947 -0.023382282350643366 -0.021635852373721277 0.0028053953129228448
leaf_weight=3.4760173708200446 35.421848515979946 1.8790497053414572 30.1862997780554 10.663811963982878 3.6237376350909463 7.116221019998191 6.8420361839234829 9.4080618917942065 3.2524121608585119 25.274210060015321 15.943045903928576 32.41399744246155 21.369993276894093 26.549002288840711
leaf_count=11 228 20 799 111 37 47 44 74 37 94 210 502 121 177
internal_value=9.89917e-05 -0.00376442 0.0220346 -0.000164351 0.00372656 -0.00915861 0.00724811 0.000777985 -0.0236615 0.00294989 0.0172195 -0.0200858 -0.00227916 -0.00846448
internal_weight=233.42 199.757 33.6623 165.464 116.084 49.3801 13.9583 105.42 6.87615 98.5443 25.3511 34.293 73.1932 47.919
internal_count=2512 1702 810 1180 861 319 91 750 74 676 284 522 392 298
is_linear=0
shrinkage=0.03


Tree=92
num_leaves=15
num_cat=0
split_feature=22 14 14 29 38 48 26 26 9 42 38 3 27 30
split_gain=21.8485 14.3342 11.4509 8.42364 6.14211 6.94067 6.81691 6.06558 10.3476 6.02122 5.96135 4.4824 6.24703 10.3191
threshold=0.028029086999595169 0.43170727789402014 0.32900510728359228 0.019203179515898231 0.035809889435768134 0.039766497910022743 0.0088282758370041865 0.018330446444451812 0.089953199028968825 0.0030228418763726954 0.10311611369252206 0.64509806036949169 0.035844188183546073 0.0093671558424830454
decision_type=2 2 2 2 2 2 2 2 2 2 2 2 2 2
left_child=1 4 -2 9 -1 6 -6 -4 -9 -3 -10 12 13 -8
right_child=2 3 7 -5 5 -7 11 8 10 -11 -12 -13 -14 -15
leaf_value=0.02558127111182832 -0.026993939126626895 -0.019283671417818504 -0.014647314692422597 -0.011307190156027774 0.015717872853958318 0.023028576915149632 -0.013308345841650655 0.034498321651190968 0.013364428160415324 0.025331590417954249 -0.01605814612350169 0.0092896726038852982 -0.017856384108302734 0.022942182696443728
leaf_weight=5.7732116300612679 28.683041280135512 1.4017624519765366 22.044622999615967 5.9681283999234429 10.804925896227358 6.9592315983027211 16.18987620994449 6.1736057638190713 8.2898395955562609 45.686024161288515 13.68475075997412 10.012265508994458 40.383213127031922 9.5510516911745054
leaf_count=39 415 14 169 65 67 23 79 59 52 1107 137 48 190 48
internal_value=0.000100977 0.00671758 -0.0125231 0.0190037 -3.79504e-05 -0.00214501 -0.00466628 -0.00347871 0.00556005 0.0232108 -0.00464451 -0.00792578 -0.0107727 0.000718403
internal_weight=231.606 152.73 78.8759 53.0559 99.6738 93.9006 86.9413 50.1928 28.1482 47.0878 21.9746 76.1364 66.1241 25.7409
internal_count=2512 1680 832 1186 494 455 432 417 248 1121 189 365 317 127
is_linear=0
shrinkage=0.03


Tree=93
num_leaves=15
num_cat=0
split_feature=22 10 45 47 9 5 31 3 22 3 16 38 33 9
split_gain=20.9127 14.898 5.90196 8.3864 7.62764 7.38781 5.62929 7.41937 5.54157 8.10407 6.81525 7.9218 6.10301 8.54514
threshold=0.01440312620252371 0.35882353782653814 0.016397525556385521 0.12619783729314807 0.042747821658849723 0.081748697906732573 0.84203067421913158 0.51176473498344432 0.026491448283195499 0.62941178679466259 0.0070069768219513133 0.14603193104267123 0.032370239496231086 0.078163266181945815
decision_type=2 2 2 2 2 2 2 2 2 2 2 2 2 2
left_child=6 8 3 4 -3 -4 7 -1 9 12 11 -10 13 -2
right_child=1 2 5 -5 -6 -7 -8 -9 10 -11 -12 -13 -14 -15
leaf_value=-0.020429366604695118 -0.016543141785903992 0.019487831427087252 0.02419747766061767 0.018601617329894671 -0.024043526102402034 0.00067430800901370741 0.021904555122467601 0.017051253959159022 0.031687462166609226 0.013183537452110277 -0.024512833551473094 -0.015483963573660185 -0.022070081785626409 0.021436860392719508
leaf_weight=6.5398285612463942 9.4438878558576125 2.8586044725962045 20.402935532387346 7.0566010233014813 15.961407793220131 26.760542978532612 38.822929980233312 8.7132577807642502 3.1896271593868715 13.968475345522164 39.947414203546941 6.3692175457254052 21.417054446414113 7.9717257339507333
leaf_count=26 46 79 329 59 136 209 713 131 17 57 518 72 93 27
internal_value=0.000112174 -0.00492513 0.00531427 -0.00583659 -0.0160505 0.0114819 0.0160928 0.000302044 -0.0122258 -0.00508841 -0.0192868 0.00275611 -0.0120583 0.0011045
internal_weight=229.424 175.347 73.0401 25.8766 18.82 47.1635 54.076 15.2531 102.307 52.8011 49.5063 9.55884 38.8327 17.4156
internal_count=2512 1642 812 274 215 538 870 157 830 223 607 89 166 73
is_linear=0
shrinkage=0.03


Tree=94
num_leaves=15
num_cat=0
split_feature=18 18 0 23 31 31 33 23 16 7 40 25 41 22
split_gain=20.1943 11.713 6.86952 6.25273 5.94541 8.73324 6.28309 9.41751 7.98105 9.39016 6.83022 6.06166 6.169 4.673
threshold=0.03197473660111428 0.10049571469426156 0.41029791533946997 0.045391988009214408 0.84817269444465648 0.91442957520484935 0.013025905005633833 0.058823540806770332 0.0062015241702741706 0.48823529481887823 0.0049954352434724578 0.031321693211793906 0.13046221435070041 0.034516660496592529
decision_type=2 2 2 2 2 2 2 2 2 2 2 2 2 2
left_child=2 4 -1 -3 11 -6 7 -7 13 -10 -11 -2 -13 -8
right_child=1 3 -4 -5 5 6 8 -9 9 10 -12 12 -14 -15
leaf_value=-0.012432008367382038 -0.015165572589221358 0.020515308398846074 0.026244842998239322 -0.02281744780072251 0.027288885192008686 -0.051872749688497796 0.017465863383095952 0.0069041662764715069 0.015078426332390446 0.012916878025943693 -0.017943581271997269 -0.010948125963095421 0.024529227528874827 -0.0037358935300535333
leaf_weight=3.4634597748517981 34.979299330618232 1.690842032432555 28.539570363471285 30.830261079594493 10.479539082385598 2.8638896439224473 32.905370036140084 3.9754440914839506 13.416512325406073 6.3072537872940293 32.359906200319529 7.0156220383942109 6.8019753657281399 11.64625823497772
leaf_count=11 228 7 799 515 111 26 369 48 47 32 154 47 44 74
internal_value=0.000122066 -0.00354636 0.0214859 -0.0194195 -0.000159111 0.0035738 0.000671672 -0.0235366 0.00285792 -0.00500667 -0.0124483 -0.00873303 0.0072199 0.0119367
internal_weight=227.275 195.272 32.003 32.5211 162.751 113.954 103.475 6.83933 96.6353 52.0837 38.6672 48.7969 13.8176 44.5516
internal_count=2512 1702 810 522 1180 861 750 74 676 233 186 319 91 443
is_linear=0
shrinkage=0.03


Tree=95
num_leaves=15
num_cat=0
split_feature=24 2 22 22 10 0 23 45 11 25 5 29 47 2
split_gain=19.7687 12.7151 9.55919 8.14104 10.0139 9.39933 6.53998 6.10819 6.33257 5.52167 7.46855 5.51516 5.43045 5.04219
threshold=0.001496362433862434 0.55000004172325145 0.027885103598237041 0.035349013283848769 0.47254902124404913 0.53374430537223827 0.03725490719079972 0.020957294851541523 0.53529414534568798 0.032315112650394447 0.082220062613487258 0.012737881392240526 0.20215000957250598 0.7235294282436372
decision_type=2 2 2 2 2 2 2 2 2 2 2 2 2 2
left_child=11 3 -3 4 5 7 -5 8 -2 10 -7 -1 -9 -4
right_child=1 2 13 6 -6 9 -8 12 -10 -11 -12 -13 -14 -15
leaf_value=0.023520196625300485 -0.0050116507126837474 0.028819587141744867 -0.012345348374084384 0.014918916251295464 -0.036136412677490889 0.021091540156823775 -0.024033778755689694 -0.025514370801564604 0.02400241514408798 0.02982257279787226 -0.0098961502571149468 0 0.00070348560477801662 0.018795664041743421
leaf_weight=32.981776903849095 37.364967064931989 14.380504921777172 12.797132154926659 2.9213563948869696 6.0704870899207881 10.094914900138976 32.785751078277826 20.230338315479461 6.1764711476862422 8.4151670634746534 14.625741219148038 11.763841501437126 9.9775764718651754 4.8387018204666665
leaf_count=586 240 383 128 10 61 151 456 132 45 46 68 96 53 57
internal_value=0.000123942 -0.00431865 0.0122865 -0.00803031 -0.00389069 -0.00140165 -0.0201451 -0.0073505 0 0.0114179 0.00327722 0.0175442 -0.0172556 -0.00260431
internal_weight=225.425 180.679 32.0163 148.663 112.956 106.885 35.7071 73.7494 43.5414 33.1358 24.7207 44.7456 30.2079 17.6358
internal_count=2512 1830 568 1262 796 735 466 470 285 265 219 682 185 185
is_linear=0
shrinkage=0.03


Tree=96
num_leaves=15
num_cat=0
split_feature=24 18 21 14 10 16 31 10 42 1 23 18 34 31
split_gain=18.8238 13.6231 10.5101 6.73502 8.80601 6.44413 5.47166 5.35909 4.3027 4.12337 4.05173 3.73376 5.09991 6.35629
threshold=0.001496362433862434 0.075556103140115752 0.042730724439024932 0.525405913591385 0.47254902124404913 0.0073728760619690163 0.72752264142036449 0.32294109463691717 0.0099957864731550234 0.095877453684806838 0.084313727915287032 0.048158092424273498 0.001645875548801081 1.2606100440025332
decision_type=2 2 2 2 2 2 2 2 2 2 2 2 2 2
left_child=6 2 3 4 5 -2 -1 8 -3 -8 -9 -4 -13 -14
right_child=1 7 11 -5 -6 -7 9 10 -10 -11 -12 12 13 -15
leaf_value=-0.0034992496887976741 0.010073624571471398 0.0048811147036486868 0.020982589845787339 0.016435063685659519 -0.040114284618831916 -0.014188921991286279 0.027016845234167305 0.014552875869239083 -0.022595339784440321 0.0011896977000657664 -0.010720231012571267 -0.018790135264702728 0.015479165815979653 -0.014439554017468555
leaf_weight=8.4800606491044146 13.740172472782431 4.8626163564622393 19.639498453121632 7.2028195171151301 6.2314485693350425 24.629405044019222 28.446574766887352 7.1488031819462803 43.783852958120406 7.341438688337802 13.137157504446803 4.960277020931243 27.651760334149003 6.3498377259820691
leaf_count=65 130 23 386 176 55 95 587 32 581 30 130 15 184 23
internal_value=0.000134428 -0.00421139 0.00231709 -0.00734579 -0.0117912 -0.00535755 0.017226 -0.0144805 -0.0197053 0.0221415 -0.0011726 0.0108691 0.00492243 0.00931671
internal_weight=223.606 179.338 110.405 51.8038 44.601 38.3696 44.2681 68.9324 48.6465 35.788 20.286 58.6014 38.9619 34.0016
internal_count=2512 1830 1064 456 280 225 682 766 604 617 162 608 222 207
is_linear=0
shrinkage=0.03


Tree=97
num_leaves=15
num_cat=0
split_feature=24 18 21 14 10 16 31 10 42 1 23 18 18 13
split_gain=18.0003 12.9832 9.98307 6.44767 8.3225 6.13194 5.30161 5.20835 4.18978 4.03757 3.85363 3.65041 5.01922 4.6317
threshold=0.001496362433862434 0.075556103140115752 0.042730724439024932 0.525405913591385 0.47254902124404913 0.0073728760619690163 0.72752264142036449 0.32294109463691717 0.0099957864731550234 0.095877453684806838 0.084313727915287032 0.048158092424273498 0.054636124521493919 0.054451953619718559
decision_type=2 2 2 2 2 2 2 2 2 2 2 2 2 2
left_child=6 2 3 4 5 -2 -1 8 -3 -8 -9 -4 -13 -14
right_child=1 7 11 -5 -6 -7 9 10 -10 -11 -12 12 13 -15
leaf_value=-0.0034122061917695751 0.009843283249367658 0.0047686820602999063 0.020700242774497044 0.016195876402348847 -0.038952511852503521 -0.013871580943147586 0.026764113049622923 0.014126331909418836 -0.022350268248838616 0.0011616568588771544 -0.010501746206015721 -0.011026552599627015 -0.0069283036434814342 0.018451592001998321
leaf_weight=8.4864111859351379 13.687463646754621 4.8749102763831607 19.341968214605004 7.1207064802292726 6.2836303636431685 24.485037107020617 27.881207167636603 7.2032692842185524 42.970324352383614 7.3413671627640715 13.051085237413643 10.95100383646786 7.687917739152911 20.235279048793018
leaf_count=65 130 23 386 176 55 95 587 32 581 30 130 65 28 129
internal_value=0.000128156 -0.00413112 0.00224711 -0.00718451 -0.01153 -0.00522679 0.016951 -0.0142279 -0.0194465 0.0218576 -0.00112581 0.010614 0.00475485 0.0113676
internal_weight=221.602 177.893 109.793 51.5768 44.4561 38.1725 43.709 68.0996 47.8452 35.2226 20.2544 58.2162 38.8742 27.9232
internal_count=2512 1830 1064 456 280 225 682 766 604 617 162 608 222 157
is_linear=0
shrinkage=0.03


Tree=98
num_leaves=15
num_cat=0
split_feature=18 24 18 0 21 33 36 10 45 24 10 37 29 42
split_gain=17.3408 10.367 9.35499 6.84331 6.2504 7.13903 11.2075 5.72964 8.89294 5.22642 5.17745 5.01417 6.29329 7.29708
threshold=0.03197473660111428 0.0005261479591836736 0.085785049945116057 0.41029791533946997 0.042730724439024932 0.014143727254122497 0.0010183939011767509 0.33137255907058721 0.016874482855200771 0.065325218023255832 0.40588235855102545 0.066070549190044417 0.011377294547855856 0.011533833574503662
decision_type=2 2 2 2 2 2 2 2 2 2 2 2 2 2
left_child=3 -2 4 -1 5 -3 -7 -8 -9 -10 -4 -6 13 -13
right_child=1 2 10 -5 11 6 7 8 9 -11 -12 12 -14 -15
leaf_value=-0.013112449249170469 0.018450451156109434 -0.040863777889747724 -0.020180576404677134 0.025669044610101065 0.016146314281722165 0.028694731047111746 -0.022706680895028898 -0.02358774407644474 0.01240456324751389 -0.019617269005403722 0.0081971531345314212 0.0091287898356631446 0.01125619331708372 -0.023576939517474367
leaf_weight=3.4124151691794422 15.977007885463534 3.4131962610408655 41.400386570952833 26.516394041478634 22.537527366541326 6.0593576338142148 16.783153936266899 10.21710488386452 23.401014866773043 3.6714095138013354 5.407531587406992 8.4802677659317869 18.609407441690564 13.798323630355297
leaf_count=11 117 46 607 799 220 31 90 66 192 29 52 49 154 49
internal_value=0.000127027 -0.00326905 -0.00547019 0.0206089 -0.00113528 -0.00768612 -0.00449985 -0.00916393 -0.0021467 0.00690795 -0.0166392 0.00541639 -0.00090516 -0.0112776
internal_weight=219.684 189.756 173.779 29.9288 126.971 63.5452 60.132 54.0727 37.2895 27.0724 46.8079 63.4255 40.888 22.2786
internal_count=2512 1702 1585 810 926 454 408 377 287 221 659 472 252 98
is_linear=0
shrinkage=0.03


Tree=99
num_leaves=15
num_cat=0
split_feature=18 24 18 0 44 31 4 8 10 5 48 29 38 30
split_gain=16.645 9.89997 9.07856 6.66654 6.38742 5.76411 5.6675 6.97463 5.01745 4.88069 4.68503 4.37468 4.37421 3.24146
threshold=0.03197473660111428 0.00037696074151679189 0.085785049945116057 0.41029791533946997 0.05968075059354306 1.2034117579460146 0.46050645411014562 0.32825003564357763 0.40588235855102545 0.081748697906732573 0.012824136763811113 0.012176573742181064 0.10386501997709276 0.013460366521030666
decision_type=2 2 2 2 2 2 2 2 2 2 2 2 2 2
left_child=3 11 4 -1 5 13 7 -6 -4 10 12 -2 -8 -3
right_child=1 2 8 -5 6 -7 9 -9 -10 -11 -12 -13 -14 -15
leaf_value=-0.012842403277144976 0.031259655343031205 -0.031159872240516487 -0.019935194627880248 0.02547130791647817 0.00666306854525238 0.0058130681307999796 0.022715855735338811 -0.019075502826699443 0.0079889416122057855 0 0.023966902984203932 0 -0.011663489890086068 -0.00049181767153364659
leaf_weight=3.4215601384639767 8.1412513554096204 11.566703686490657 40.688142566941679 25.944770981324837 15.825103770941494 7.528046987950801 3.008315486833455 18.666338980197906 5.4337332984432569 39.7173838224262 19.199267049785703 6.3994945874437681 7.9417632869444788 4.365804200526326
leaf_count=11 67 74 607 799 61 36 52 95 52 216 296 40 61 45
internal_value=0.000115124 -0.0032069 -0.00527543 0.0203774 -0.00105187 -0.0145512 0.00217122 -0.00746616 -0.0163877 0.00704607 0.0157357 0.019002 0 -0.0239156
internal_weight=217.848 188.481 173.941 29.3663 127.819 23.4606 104.358 34.4914 46.1219 69.8667 30.1493 14.5407 10.9501 15.9325
internal_count=2512 1702 1595 810 936 155 781 156 659 625 409 107 113 119
is_linear=0
shrinkage=0.03


Tree=100
num_leaves=15
num_cat=0
split_feature=24 16 38 29 47 36 20 2 45 9 44 20 11 11
split_gain=15.8538 10.9463 7.80773 5.20271 5.08364 5.31516 4.89959 6.20533 4.84542 5.87635 6.86763 6.12135 7.02425 8.0371
threshold=0.001496362433862434 0.00053245161701044065 0.040187561884522445 0.012737881392240526 0.15500855445861819 0.0067590847611427316 0.0027632059220751423 0.43235294520854956 0.04893689043819905 0.12249254807829858 0.045698432251811034 0.022440070779914532 0.43333333730697637 0.38235294818878179
decision_type=2 2 2 2 2 2 2 2 2 2 2 2 2 2
left_child=3 4 -3 -1 6 -6 7 -2 9 10 -4 -12 13 -13
right_child=1 2 8 -5 5 -7 -8 -9 -10 -11 11 12 -14 -15
leaf_value=0.022324833956583065 -0.02744710748168129 0.022316945024014784 -0.034429295535085086 -0.00078920832355223482 0.022295659205024406 -0.013443802111472341 -0.015172492488622877 0.013875669474771946 0.011178399689003042 -0.023232656054423213 0.006356397945823317 -0.012496337934881885 -0.023495921861476095 0.021024458535393351
leaf_weight=30.647012296598405 1.9498838512226999 4.9131827848032108 5.7704456429928532 11.461447667330502 20.476137259975079 2.9949923511594525 11.556304689496754 18.394481176976115 6.8279558792710295 30.390751896426082 27.402658391743898 15.069935651496055 19.811306310817599 8.3337684515863639
leaf_count=586 16 36 17 96 328 37 83 396 93 356 188 92 146 42
internal_value=0.000120885 -0.00389934 -0.00900865 0.0162149 0.00691733 0.0169199 -0.000917644 0.00767863 -0.010752 -0.0123616 -0.00751597 -0.0043878 -0.0112469 3.74041e-05
internal_weight=216 173.892 118.52 42.1085 55.3718 23.4711 31.9007 20.3444 113.607 106.779 76.3881 70.6177 43.215 23.4037
internal_count=2512 1830 970 682 860 365 495 412 934 841 485 468 280 134
is_linear=0
shrinkage=0.03


Tree=101
num_leaves=15
num_cat=0
split_feature=22 2 14 24 48 40 31 10 14 20 2 2 14 27
split_gain=15.7085 12.4403 10.1144 9.78506 5.89479 5.82468 5.7854 5.10436 8.02359 5.0853 4.58991 4.17523 5.7457 6.97854
threshold=0.028029086999595169 0.55000004172325145 0.32900510728359228 0.0014254561459667097 0.039766497910022743 0.012810109648853542 0.72752264142036449 0.47254902124404913 0.43170727789402014 0.0034799727182539685 0.7235294282436372 0.30784314870834356 0.24876020103693011 0.03359303995966912
decision_type=2 2 2 2 2 2 2 2 2 2 2 2 2 2
left_child=1 3 -2 6 7 -4 -1 8 11 -10 -7 12 13 -5
right_child=2 -3 5 4 -6 10 -8 -9 9 -11 -12 -13 -14 -15
leaf_value=-0.0065533935658679257 -0.025926221221035852 0.028184549595115856 0.019654889005301161 0.01654609328309015 0.020520695023176994 -0.010907796279139601 0.021330982999081694 -0.030400406363363653 0.028694611433432785 -0.0049343006484378615 0.016597884400464516 -0.011982746223443258 0.026746839686351366 -0.02405077795426044
leaf_weight=7.4298031199723473 24.653388267848641 17.50924950116314 6.7952261278405777 4.8622100818902272 6.7627177964895955 36.040021499618888 27.68851019628346 4.7766435435041776 8.3609556904993934 5.5831207241863003 4.4775658110156646 47.734729535877705 4.9482545200735322 6.7107203789055347
leaf_count=42 415 589 52 22 25 312 426 52 170 53 53 225 27 49
internal_value=0.000108143 0.00588061 -0.0111209 0.00233417 -0.00293637 -0.00260682 0.0153156 -0.00532144 -0.00303224 0.0161117 -0.00715984 -0.00759286 0.0048532 -0.00684869
internal_weight=214.333 142.367 71.9662 124.858 89.7394 47.3128 35.1183 82.9766 78.2 13.9441 40.5176 64.2559 16.5212 11.5729
internal_count=2512 1680 832 1091 623 417 468 598 546 223 365 323 98 71
is_linear=0
shrinkage=0.03


Tree=102
num_leaves=15
num_cat=0
split_feature=24 16 1 21 23 15 19 34 14 31 41 11 19 12
split_gain=14.4238 10.1609 5.51541 7.91873 12.607 9.54274 5.44351 6.00274 5.31821 4.81532 4.70387 5.8467 6.44633 5.16814
threshold=0.001496362433862434 0.0073728760619690163 0.07665178552269937 0.021044841967523101 0.025490209460258487 0.52749022841453563 0.22036208957433703 0.058920834763212089 0.37908589839935308 0.72752264142036449 0.032746426761150367 0.42156863212585455 0.4169947504997254 0.51137623190879833
decision_type=2 2 2 2 2 2 2 2 2 2 2 2 2 2
left_child=9 2 3 4 -2 8 7 -4 -5 -1 -3 12 -12 -13
right_child=1 10 6 5 -6 -7 -8 -9 -10 -11 11 13 -14 -15
leaf_value=-0.0037472326815718394 0.023979162249356568 0.019470844556121206 -0.0091219137386379413 0.01141354369477782 -0.033066826351100358 0.021688101917129412 -0.018679702421927159 0.028482936402194223 -0.021519830904782756 0.020570553020657072 0.018155214705249965 -0.02310812840190566 -0.01285396996363633 -0.0044958580089638619
leaf_weight=8.3255557455122453 3.7537358733825368 2.5665128380060187 7.4691347964108008 6.4098036363720876 7.2858504157047719 34.853999213082716 14.738426586613057 4.4951252536848187 7.4565051440149546 32.888531447155401 9.1356227612122911 39.924015951808542 11.146661037579177 22.100767152383924
leaf_count=65 70 9 58 33 87 573 149 45 72 617 47 439 83 165
internal_value=0.00012393 -0.00372914 0.0034551 0.0084633 -0.0127369 0.013639 -0.00745732 0.00684774 -0.00658734 0.0156427 -0.0109935 -0.0124184 0.00135457 -0.0168706
internal_weight=212.55 171.336 86.4626 59.7599 11.0396 48.7203 26.7027 11.9643 13.8663 41.2141 84.8736 82.3071 20.2823 62.0248
internal_count=2512 1830 1087 835 157 678 252 103 105 682 743 734 130 604
is_linear=0
shrinkage=0.03


Tree=103
num_leaves=15
num_cat=0
split_feature=22 2 14 24 44 40 31 11 45 29 42 42 47 9
split_gain=14.7122 11.8969 9.66833 8.77989 5.89884 5.51886 5.38575 5.0667 6.84577 5.31648 4.60482 6.31559 4.40427 7.40993
threshold=0.028029086999595169 0.55000004172325145 0.32900510728359228 0.0014254561459667097 0.051637910306453712 0.012810109648853542 0.72752264142036449 0.50784316658973705 0.02082408964633942 0.02286336570978165 0.01195899583399296 0.0083881597965955752 0.16659881919622424 0.095098715275526061
decision_type=2 2 2 2 2 2 2 2 2 2 2 2 2 2
left_child=1 3 -2 6 -5 -4 -1 10 -9 -10 11 -6 -7 -14
right_child=2 -3 5 4 7 12 -8 8 9 -11 -12 -13 13 -15
leaf_value=-0.0063020851048815104 -0.025640223246363798 0.027970002333754934 0.019136861556993973 -0.021441304868395506 -0.010754637861999834 -0.013637247144335398 0.020649931838970088 0.028935673023835137 -0.009319870423875963 0.018565120970936742 -0.012893459365236887 0.022468527543366056 0.026178434482393466 -0.013452092793900366
leaf_weight=7.4412405090406528 23.748614632058889 16.85192135325633 6.7701960601843885 10.971928359940646 8.5244687320664543 27.064787584356964 27.003081695176661 8.8111455948092026 16.250050213187937 7.2833523843437424 28.937393676955253 8.1973296767100674 6.3430464994162303 6.7510787034407258
leaf_count=42 415 589 52 70 82 201 426 116 111 38 161 45 51 113
internal_value=0.000125153 0.0057474 -0.010843 0.00229154 -0.00270409 -0.00255149 0.0147187 0.000364087 0.00917427 0 -0.00593711 0.00603212 -0.00701337 0.00647189
internal_weight=210.95 140.272 70.6777 123.42 88.9757 46.9291 34.4443 78.0037 32.3445 23.5334 45.6592 16.7218 40.1589 13.0941
internal_count=2512 1680 832 1091 623 417 468 553 265 149 288 127 365 164
is_linear=0
shrinkage=0.03


Tree=104
num_leaves=15
num_cat=0
split_feature=22 2 14 24 25 29 44 11 8 19 26 9 31 38
split_gain=14.0284 11.5777 9.44513 8.34785 5.72299 6.69915 5.92368 7.2169 5.50303 6.83101 5.44482 8.78613 5.18036 5.06773
threshold=0.028029086999595169 0.55000004172325145 0.32900510728359228 0.0014254561459667097 0.032485084608197219 0.019203179515898231 0.046425862237811096 0.50784316658973705 0.32825003564357763 0.4169947504997254 0.018330446444451812 0.089953199028968825 0.72752264142036449 0.10311611369252206
decision_type=2 2 2 2 2 2 2 2 2 2 2 2 2 2
left_child=1 3 -2 12 5 6 -5 8 9 -8 -4 -12 -1 -13
right_child=2 -3 10 4 -6 -7 7 -9 -10 -11 11 13 -14 -15
leaf_value=-0.0061484793136791028 -0.025448893198450444 0.027824755065717213 -0.013496643793466472 -0.02363957382622774 0.015642204894069721 -0.028814515010216618 0.022234003564734588 0.015117694506694423 -0.015028389066330439 -0.011261587759733217 0.033456391031620951 0.01308049024485374 0.020309610781949598 -0.014674292423806169
leaf_weight=7.4481862336397162 23.232212025206536 16.448241137433797 20.346001216210425 8.0340925343334657 11.266286430880426 7.8708225088194004 9.1265232805162686 20.105211294721812 23.43353643361479 8.9130245996639115 5.8169138170778778 7.9925539866089848 26.670490391086787 12.555083978921173
leaf_count=42 415 589 169 54 59 32 46 205 174 53 59 52 426 137
internal_value=0.000136161 0.00563873 -0.0106346 0.00224659 -0.00261893 -0.00563868 -0.00224483 0.00115517 -0.00592863 0.00606247 -0.00246247 0.00629827 0.0144301 -0.00354264
internal_weight=209.259 139.316 69.9428 122.868 88.7495 77.4832 69.6124 61.5783 41.4731 18.0395 46.7106 26.3646 34.1187 20.5476
internal_count=2512 1680 832 1091 623 564 532 478 273 99 417 248 468 189
is_linear=0
shrinkage=0.03


Tree=105
num_leaves=15
num_cat=0
split_feature=18 18 0 10 33 23 5 31 31 29 39 16 13 4
split_gain=13.4232 8.17647 6.60142 6.166 5.15553 6.69488 6.07006 5.86639 7.33503 5.60296 5.30761 3.74468 5.80042 7.02544
threshold=0.03197473660111428 0.11074747145175935 0.41029791533946997 0.44117647409439092 0.013025905005633833 0.058823540806770332 0.12812129408121112 1.9165978431701662 0.84817269444465648 0.030538008548319343 0.021987834013998512 0.061788305511128891 0.083060469478368773 0.51854589581489574
decision_type=2 2 2 2 2 2 2 2 2 2 2 2 2 2
left_child=2 4 -1 -3 5 -2 7 8 10 -8 -6 12 -10 -14
right_child=1 3 -4 -5 6 -7 9 -9 11 -11 -12 -13 13 -15
leaf_value=-0.01371726260694269 -0.044900392230088182 -0.024338182366731648 0.024667689226983057 0.020794334603694176 -0.016136050255384633 0.002912153620231739 -0.01632995904974905 -0.018628451801790947 0.013626350383399075 0.013439890336389463 0.0063133053166287744 0.025054919680131012 -0.022185544557097682 0.0089978290175535911
leaf_weight=3.3532523065805462 3.2103924690745762 19.705640377011154 23.519363501342013 1.5012938361614931 17.718775847926736 4.6579528409056365 25.480356342159215 7.5664004320278755 44.019597711972892 5.4437450850382438 16.441923847422004 12.29870264418423 9.3555285502225178 13.284177180379627
leaf_count=11 31 410 799 12 113 55 172 24 474 39 141 68 44 119
internal_value=0.000135048 -0.00285613 0.0191556 -0.0194971 -0.0004106 -0.0214382 0.000926097 0.00400185 0.00583897 -0.0105002 -0.0054964 0.0107948 0.00746694 -0.00452133
internal_weight=207.557 180.684 26.8726 21.2069 159.478 7.86835 151.609 120.685 113.119 30.9241 34.1607 78.958 66.6593 22.6397
internal_count=2512 1702 810 422 1280 86 1194 983 959 211 254 705 637 163
is_linear=0
shrinkage=0.03


Tree=106
num_leaves=15
num_cat=0
split_feature=22 10 23 21 36 18 18 3 29 30 30 22 12 11
split_gain=12.9669 9.60993 5.78488 6.56908 8.30752 6.59511 5.09211 4.8695 8.00681 4.71304 8.82596 4.17804 3.88159 4.95115
threshold=0.01440312620252371 0.35882353782653814 0.025490209460258487 0.030032753944396976 0.0038713513640686874 0.066477064043283476 0.11074747145175935 0.51176473498344432 0.0071569932624697694 0.013350695371627809 0.011577300261706116 0.020847652107477192 0.51137623190879833 0.70392158627510082
decision_type=2 2 2 2 2 2 2 2 2 2 2 2 2 2
left_child=7 6 -3 4 -4 -5 9 8 -1 10 11 -2 -11 -14
right_child=1 2 3 5 -6 -7 -8 -9 -10 12 -12 -13 13 -15
leaf_value=0.02183742883842853 -0.018009885962822821 0.025466221830777271 -0.023207557319210832 0.017742544517668171 0.014893410877524924 -0.0062517555361196976 -0.023765589808917596 0.021101381580047391 -0.013837735772390659 -0.019130808555290663 0.027731783651517496 0.0047139923227957096 0.014145812799499035 -0.018035580676820602
leaf_weight=7.8887424832209971 12.014777943491938 8.111586823128162 14.882588569074871 22.979936722200364 5.7048266511410466 15.943688507191835 18.209690466988832 28.203645288944244 11.227349808439611 26.893522639758885 7.052918227389454 13.501115357503293 7.9714188333600742 5.5653672302141786
leaf_count=54 54 134 134 368 57 119 384 766 50 182 46 73 57 34
internal_value=0.000120123 -0.00399327 0.00447383 0.000828723 -0.012133 0.00801562 -0.0102643 0.0135898 0.00141637 -0.00631244 0.00207474 -0.00640838 -0.0129188 0.000103498
internal_weight=206.151 158.831 67.6226 59.511 20.5874 38.9236 91.2088 47.3197 19.1161 72.9991 32.5688 25.5159 40.4303 13.5368
internal_count=2512 1642 812 678 191 487 830 870 104 446 173 127 273 91
is_linear=0
shrinkage=0.03


Tree=107
num_leaves=15
num_cat=0
split_feature=18 24 18 0 40 40 33 6 37 30 29 42 0 42
split_gain=12.4655 7.90341 6.92955 6.34221 5.87461 5.86606 8.23555 7.79242 6.56305 5.96539 5.64491 7.27146 6.13132 5.37315
threshold=0.03197473660111428 0.00037696074151679189 0.10049571469426156 0.41029791533946997 0.012810109648853542 0.051149675622582443 0.016458860598504547 0.37000003457069403 0.066070549190044417 0.017391252331435684 0.011377294547855856 0.011533833574503662 0.64283773303031932 0.013861014507710935
decision_type=2 2 2 2 2 2 2 2 2 2 2 2 2 2
left_child=3 -2 5 -1 -4 6 -3 -8 -7 13 11 -10 -12 -9
right_child=1 2 4 -5 -6 8 7 9 10 -11 12 -13 -14 -15
leaf_value=-0.01339212777626112 0.017615161374329235 -0.034850683353800975 0.019909221119478137 0.024331242624773462 -0.022346977376529263 0.01975600424605841 -0.014111223324410097 0.020388759741995319 0.0087358530601774845 0.025697605112254173 0.022689298237790232 -0.023124341784895006 -0.0078950184709241835 -0.0075396476893328755
leaf_weight=3.3529429361224201 13.692012734245507 6.7171532646752885 1.7089137760922337 22.667437276570126 24.400025349576026 16.996950419619679 32.599782200530171 6.0606491463258889 9.0883174538612383 7.784082061611115 11.508629100397231 14.33674964495003 8.8822266370989365 24.757313950918615
leaf_count=11 107 67 20 799 501 163 191 49 54 74 74 59 113 230
internal_value=0.000124756 -0.00275149 -0.00465204 0.0187543 -0.0182547 -0.00184771 -0.00723246 -0.00370499 0.00501456 0.00527149 -0.0012512 -0.0109306 0.00971762 -0.00104803
internal_weight=204.553 178.533 164.841 26.0204 26.1089 138.732 77.919 71.2018 60.8129 38.602 43.8159 23.4251 20.3909 30.818
internal_count=2512 1702 1595 810 521 1074 611 544 463 353 300 113 187 279
is_linear=0
shrinkage=0.03


Tree=108
num_leaves=15
num_cat=0
split_feature=18 24 14 0 18 10 45 9 29 20 46 17 41 40
split_gain=11.929 7.53518 6.64216 6.16961 5.48912 8.44791 4.87199 6.57429 4.67647 4.35735 5.49518 5.23402 5.08677 3.83016
threshold=0.03197473660111428 0.0005261479591836736 0.57083711028099071 0.41029791533946997 0.10049571469426156 0.47254902124404913 0.04893689043819905 0.12357623130083085 0.012176573742181064 0.022440070779914532 0.04217085428535939 0.11592822521924974 0.19159094244241717 0.013173880986869337
decision_type=2 2 2 2 2 2 2 2 2 2 2 2 2 2
left_child=3 8 4 -1 5 6 7 9 -2 10 11 -3 -11 -6
right_child=1 2 -4 -5 13 -7 -8 -9 -10 12 -12 -13 -14 -15
leaf_value=-0.013118302006664478 0.029312574161016795 0.0053934547377268889 0.01158875632806884 0.024125580875952644 0.013284100836192645 -0.027644826552023868 0.023893430842390866 -0.017258165403465003 -0.0020214837489465928 -0.0243523085455042 0.021326930135815832 -0.023546741441816975 0 -0.02249705736301319
leaf_weight=3.3618533983826664 8.1582403555512411 27.757678359746933 18.151396156754345 22.199006484355778 1.5995437903329754 10.221599180251358 4.5141101870685807 20.453417269513011 6.7067216886207452 8.4568768488243204 14.099646205082534 4.9347808891907325 29.579973010346293 22.92440279154107
leaf_count=11 74 195 263 799 21 104 21 135 43 48 144 33 143 478
internal_value=0.000132465 -0.00267493 -0.00461748 0.0185218 -0.0068035 -0.00396736 -0.00128113 -0.00281379 0.0164343 0.000951693 0.00697984 0 -0.0063673 -0.0192245
internal_weight=203.119 177.558 162.693 25.5609 144.542 120.018 109.796 105.282 14.865 84.829 46.7921 32.6925 38.0368 24.5239
internal_count=2512 1702 1585 810 1322 823 719 698 117 563 372 228 191 499
is_linear=0
shrinkage=0.03


Tree=109
num_leaves=15
num_cat=0
split_feature=18 18 0 10 33 42 23 38 13 39 31 32 36 8
split_gain=11.4297 7.03291 6.00107 5.80178 4.73537 6.75422 6.09002 5.85551 5.13991 9.60316 7.95014 6.88583 10.6275 4.78111
threshold=0.03197473660111428 0.11074747145175935 0.41029791533946997 0.44117647409439092 0.013025905005633833 0.010755845811218025 0.058823540806770332 0.035554202273488052 0.082164846360683455 0.018600605428218845 0.82211229205131542 0.018986735492944721 0.0066744207870215186 0.54508233070373546
decision_type=2 2 2 2 2 2 2 2 2 2 2 2 2 2
left_child=2 4 -1 -3 6 -6 -2 -7 9 10 -9 -10 -13 -14
right_child=1 3 -4 -5 5 7 -8 8 11 -11 -12 12 13 -15
leaf_value=-0.012850658107587315 -0.042469963678041893 -0.023692961507490801 0.023919077949048677 0.02017968717300175 0.017912766846359278 0.02529421202816692 0.0029862187898779067 -0.032046643904016743 -0.014858555805170225 0.017135959820970419 0.00162346108663614 0.032955173391718641 -0.017165945952639788 0.0097185940874247381
leaf_weight=3.3704385086894062 3.3095109425485125 18.164495367091153 21.74312497745268 1.5102344620972861 16.523153511807323 5.0067064026370636 4.591219597030431 6.5384280588477877 45.823615672066808 24.811479493509978 22.978638555854559 6.1898260228335884 13.043157322332265 8.0352996056899411
leaf_count=11 31 410 799 12 105 40 55 32 310 311 183 57 90 66
internal_value=0.000128499 -0.00261437 0.0182897 -0.0186356 -0.000376524 0.000927462 -0.0204845 -0.00140448 -0.0028514 0.00401864 -0.00730005 -0.00796882 0.00373087 -0.00683326
internal_weight=201.639 176.526 25.1136 19.6747 156.851 148.95 7.90073 132.427 127.42 54.3285 29.5171 73.0919 27.2683 21.0785
internal_count=2512 1702 810 422 1280 1194 86 1089 1049 526 215 523 213 156
is_linear=0
shrinkage=0.03


Tree=110
num_leaves=15
num_cat=0
split_feature=22 2 16 24 26 9 37 25 27 44 8 31 8 3
split_gain=11.3592 10.5778 7.99147 7.0318 6.14207 6.63676 6.68048 5.3243 7.22337 6.40228 5.16833 4.66107 4.52117 6.30092
threshold=0.028029086999595169 0.55000004172325145 0.025470783283283286 0.0014254561459667097 0.018330446444451812 0.089953199028968825 0.064251434057950987 0.032485084608197219 0.056916266679763801 0.046425862237811096 0.44622433185577398 0.72752264142036449 0.33701570332050329 0.46862745285034185
decision_type=2 2 2 2 2 2 2 2 2 2 2 2 2 2
left_child=1 3 4 11 -2 -6 -7 8 9 -5 12 -1 13 -11
right_child=2 -3 -4 7 5 6 -8 -9 -10 10 -12 -13 -14 -15
leaf_value=-0.0061047507525759642 -0.013484721823474094 0.027330132917575196 -0.023073514815410322 -0.024334691123258645 0.032018481422389736 0.013355264103809191 -0.020205437793078641 0.015202838932115997 -0.025157632857838706 -0.0079426813436266567 0.016332381052368682 0.019314545171617743 -0.011337378448704525 0.024656094913962683
leaf_weight=7.2795271566137663 19.470437079668045 14.981413804227484 23.679578791372478 7.2507200208492568 5.5014501712285009 10.141129075549545 7.5141264200210562 11.067776864394544 11.832723459228871 9.6126900669187325 15.300437355414031 24.973552288487554 23.501034048851579 8.0930204130709154
leaf_count=42 166 589 433 52 58 79 96 59 58 53 184 426 166 51
internal_value=0.000129121 0.00515887 -0.00983717 0.00193488 -0.00171257 0.00835149 -0.00137821 -0.00253088 -0.00549101 -0.00114134 0.00251356 0.0134684 -0.00306657 0.00779564
internal_weight=200.2 133.893 66.3067 118.911 42.6271 23.1567 17.6553 86.6584 75.5906 63.7579 56.5072 32.2531 41.2067 17.7057
internal_count=2512 1680 832 1091 399 233 175 623 564 506 454 468 270 104
is_linear=0
shrinkage=0.03


Tree=111
num_leaves=15
num_cat=0
split_feature=22 2 14 24 0 26 9 25 27 44 11 8 11 45
split_gain=10.8226 10.2998 8.43653 6.69718 5.44111 5.27158 6.21781 5.05731 6.92796 6.11053 5.94186 5.78277 5.85761 4.55114
threshold=0.028029086999595169 0.55000004172325145 0.32900510728359228 0.0014254561459667097 0.51632773876190197 0.018330446444451812 0.089953199028968825 0.032485084608197219 0.056916266679763801 0.046425862237811096 0.50784316658973705 0.33701570332050329 0.3254902064800263 0.02082408964633942
decision_type=2 2 2 2 2 2 2 2 2 2 2 2 2 2
left_child=1 3 -2 -1 -4 -6 -7 8 9 -5 11 12 -11 -12
right_child=2 -3 4 7 5 6 -8 -9 -10 10 13 -13 -14 -15
leaf_value=0.013195369178121868 -0.024549750855237661 0.027182948594024346 0.022173976479221261 -0.023772574562232324 -0.018114202818713798 0.027106863114102177 -0.0055519877751002249 0.014787103493223623 -0.024718731546321374 -0.0089049550003722621 0.028583406947850155 -0.01461585855233374 0.022534489556472276 0
leaf_weight=31.972457489464432 20.759209791664034 14.626851141219957 5.1868570726364842 7.2468531597405663 16.426375979557633 5.0949499630369273 18.140284487046301 11.09340971522033 11.718790068291126 8.5697540547698754 9.0917015844024736 20.317634989041835 9.0419422145932895 9.3195443795993906
leaf_count=468 415 589 35 52 146 56 180 59 58 50 121 157 53 73
internal_value=0.000130425 0.0050505 -0.00965345 0.00188453 -0.00194061 -0.00607936 0.00307123 -0.00247098 -0.00536888 -0.00111205 0.00246629 -0.00429484 0.00773525 0.015598
internal_weight=198.607 132.999 65.6077 118.372 44.8485 39.6616 23.2352 86.3996 75.3062 63.5874 56.3406 37.9293 17.6117 18.4112
internal_count=2512 1680 832 1091 417 382 236 623 564 506 454 260 103 194
is_linear=0
shrinkage=0.03


Tree=112
num_leaves=15
num_cat=0
split_feature=19 9 4 5 47 42 45 20 11 31 31 23 13 30
split_gain=10.027 7.74053 6.33924 6.45108 5.93906 5.3442 5.76309 6.39851 6.22615 4.52398 4.02623 4.56533 5.14665 5.94391
threshold=0.069811157882213606 0.028894335031509403 0.50734049081802379 0.10378191247582437 0.040088886395096786 0.0096560316160321253 0.015718518756330017 0.0016228971048513304 0.59411767125129711 0.49052014946937567 0.70914399623870861 0.12058824300765993 0.035732632502913482 0.013460366521030666
decision_type=2 2 2 2 2 2 2 2 2 2 2 2 2 2
left_child=-1 -2 3 10 -4 -6 8 -8 -7 -5 -3 12 -12 -14
right_child=1 2 4 9 5 6 7 -9 -10 -11 11 -13 13 -15
leaf_value=0.026409987187659748 0.027012620427441278 -0.02131059137095755 -0.022181156884432448 0.010968411703442144 0.029656376580491958 0.0143344649574345 0.022416576300731454 0.00071443546620988962 -0.024275298941491271 -0.02300478305014295 -0.017948486401754969 -0.015789849608370793 0.015390885188102055 -0.0065945227693146357
leaf_weight=10.28742883983068 6.1652972956653675 7.0960790738463393 5.569396110251545 2.7037896681576994 5.5942151464987537 3.7832612129859617 15.567146409302948 41.696725910529494 10.134000056423245 26.509537911508232 6.2659586956724516 11.114419721998273 29.226511588320136 15.495876615867017
leaf_count=422 194 38 51 21 94 75 329 394 99 393 48 84 191 79
internal_value=0.000137735 -0.00155658 -0.00283239 -0.00791054 0.00324473 0.00564357 0.00295646 0.00722217 -0.0131088 -0.019263 -0.00266932 1.23323e-05 0.00397946 0.00775274
internal_weight=197.21 186.922 180.757 98.4122 82.3447 76.7753 71.1811 57.2639 13.9173 29.2133 69.1988 62.1028 50.9883 44.7224
internal_count=2512 2090 1896 854 1042 991 897 723 174 414 440 402 318 270
is_linear=0
shrinkage=0.03


Tree=113
num_leaves=15
num_cat=0
split_feature=22 2 16 24 40 6 6 48 31 42 42 2 22 39
split_gain=10.0414 9.85987 7.45126 6.24247 5.78164 4.76997 7.13897 5.80337 4.40941 4.02797 5.9467 3.6602 4.24186 6.10657
threshold=0.028029086999595169 0.55000004172325145 0.025470783283283286 0.0014254561459667097 0.012810109648853542 0.4921568632125855 0.4294117689132691 0.033331034705042846 0.72752264142036449 0.01195899583399296 0.0083881597965955752 0.7235294282436372 0.035349013283848769 0.021672924980521206
decision_type=2 2 2 2 2 2 2 2 2 2 2 2 2 2
left_child=1 3 4 8 -2 6 7 9 -1 10 -5 12 13 -6
right_child=2 -3 -4 5 11 -7 -8 -9 -10 -11 -12 -13 -14 -15
leaf_value=-0.0061630089601705778 0.022483393907106079 0.026965102422106403 -0.022519857780428327 -0.013658463988373714 -0.015357118583099863 -0.022740798146822762 0.020236775612214965 0.014107365318241657 0.018646635104968997 -0.012508649298171507 0.02042240122406002 0.015300967565624161 -0.018954926466000718 0.019060171825913682
leaf_weight=7.2364761652424958 5.5333347064442924 14.066588346613569 22.523699708282948 6.6007170053198916 7.2304680421948415 7.2659987024962893 11.202013550791888 11.312491368502377 24.269717616494745 41.429559544660151 7.9971224777400494 4.2129751103930166 17.740405762568116 7.3147825393825769
leaf_count=42 45 589 433 40 30 92 189 48 426 219 35 53 209 62
internal_value=0.000139618 0.00490218 -0.0093639 0.00182392 -0.00154321 -0.00238359 0 -0.00383255 0.012831 -0.00786788 0.00504238 -0.00624244 -0.00986972 0.00198171
internal_weight=195.936 131.381 64.5557 117.314 42.032 85.8079 78.5419 67.3399 31.5062 56.0274 14.5978 36.4986 32.2857 14.5453
internal_count=2512 1680 832 1091 399 623 531 342 468 294 75 354 301 92
is_linear=0
shrinkage=0.03


Tree=114
num_leaves=15
num_cat=0
split_feature=22 4 42 34 27 34 22 42 42 29 3 29 20 35
split_gain=9.63345 7.93598 6.05597 5.99707 7.14436 5.25241 4.847 7.9957 4.78038 6.03489 4.25939 7.20146 3.34776 5.27505
threshold=0.01440312620252371 0.50734049081802379 0.027276933193206791 0.029778736697255528 0.055129984393715865 0.001354502147074611 0.035349013283848769 0.020549409091472629 0.029371920041739944 0.018006365746259693 0.51176473498344432 0.0071569932624697694 0.024746452378031327 0.033685306087136276
decision_type=2 2 2 2 2 2 2 2 2 2 2 2 2 2
left_child=10 2 3 12 -5 -3 8 -8 9 -7 11 -1 13 -2
right_child=1 5 -4 4 -6 6 7 -9 -10 -11 -12 -13 -14 -15
leaf_value=0.020738228234737192 0.01011902430694258 -0.02590337634839528 -0.023279848390205391 0.036569627014166994 -0.0063806421320609574 0.0098765749448159815 0.016142048925559892 -0.018186986967822286 0.024011335844376765 -0.017898065044582311 0.019699773848736984 -0.013675619238590732 -0.016792161840881167 -0.021140071490179699
leaf_weight=7.4662076570093658 13.103498740121724 3.2373762698844066 21.101518413051963 4.345494667068122 6.4425017181783915 30.477911429479718 7.6538972854614284 14.826460386626421 13.924499767366795 7.0044260327704242 25.485293440986425 10.955132081173359 23.187652089633048 5.1626907717436543
leaf_count=54 97 25 287 28 53 460 70 199 124 61 766 50 217 21
internal_value=0.000150535 -0.00346326 -0.0104078 -0.00448655 0.0136991 0.00319904 0.00516277 -0.00601253 0.0101481 0.00396655 0.0122117 0.000790493 -0.00970092 0
internal_weight=194.375 150.468 73.3434 52.2418 10.788 77.1246 73.8872 22.4804 51.4068 37.4823 43.9066 18.4213 41.4538 18.2662
internal_count=2512 1642 703 416 81 939 914 269 645 521 870 104 335 118
is_linear=0
shrinkage=0.03


Tree=115
num_leaves=15
num_cat=0
split_feature=18 24 0 14 22 48 24 39 2 25 19 34 30 20
split_gain=9.27426 6.43831 5.7098 5.35287 5.60258 6.24552 5.30658 4.71994 4.91441 5.7261 6.89772 5.33071 6.45465 6.12082
threshold=0.03197473660111428 0.00037696074151679189 0.41029791533946997 0.57083711028099071 0.035349013283848769 0.0088213779963552969 0.046368259728385937 0.010964108631014826 0.22098042070865634 0.032485084608197219 0.17534814774990085 0.048285590277777783 0.010906702838838102 0.064012183110654347
decision_type=2 2 2 2 2 2 2 2 2 2 2 2 2 2
left_child=2 -2 -1 4 5 -3 -6 -7 -9 11 -11 12 13 -10
right_child=1 3 -4 -5 6 7 -8 8 9 10 -12 -13 -14 -15
leaf_value=-0.013044953471627655 0.016500647040009551 -0.022613773421225086 0.023108798400604348 0.010849290409312155 0.012500598594434285 0.016589760013055489 -0.021583972003804006 -0.0234279666639855 -0.019627539770160261 -0.0090109200881847273 0.030608674486910702 -0.019637567394352219 0.0095275353775702391 0.010621004084716685
leaf_weight=3.3190375417470959 12.941181978676466 10.65247606532648 19.816206685965881 17.131479556206614 3.3433036934584406 11.117610013578085 26.670358096249402 7.2171477787196627 17.249573123175654 5.0565503677353254 8.3587908344343287 13.243222936056553 29.761793877929449 7.1069560106843701
leaf_count=11 107 94 799 264 20 77 492 70 116 23 64 73 263 39
internal_value=0.000143871 -0.00233172 0.0171775 -0.00409193 -0.00607154 -0.00276281 -0.0171497 -0.00019447 -0.00266997 -0.000257827 0.0162489 -0.00396221 0.000383384 -0.0105513
internal_weight=192.986 169.85 23.1352 156.909 139.778 109.764 30.0137 99.1116 87.994 80.7769 13.4153 67.3615 54.1183 24.3565
internal_count=2512 1702 810 1595 1331 819 512 725 648 578 87 491 418 155
is_linear=0
shrinkage=0.03


Tree=116
num_leaves=15
num_cat=0
split_feature=9 10 23 47 18 31 18 28 41 37 29 4 18 29
split_gain=9.12887 7.62593 8.12962 7.98948 5.55411 5.48965 5.12686 5.89517 4.29088 8.25496 7.196 3.62625 3.61273 3.17979
threshold=0.028894335031509403 0.35882353782653814 0.025490209460258487 0.040512928739190109 0.11074747145175935 0.84817269444465648 0.066477064043283476 0.0044092382888114602 0.16634881496429446 0.066070549190044417 0.011377294547855856 0.71599727869033825 0.075556103140115752 0.016117726452648643
decision_type=2 2 2 2 2 2 2 2 2 2 2 2 2 2
left_child=-1 4 13 -4 8 11 -7 -8 -2 -10 -11 -5 -12 -3
right_child=1 2 3 5 -6 6 7 -9 9 10 12 -13 -14 -15
leaf_value=0.027677062760627889 -0.0090210442695218569 0.029920691095913086 -0.028559607230731244 -0.0165236652902306 -0.022236329429388756 0.01786947238462297 -0.015825779352136228 0.019224044921594446 0.023904817300471105 -0.015866626499559288 0.024466148074012543 0.011237559767617002 -0.0064491406005285062 -0.0073311105264308113
leaf_weight=8.2757240391802025 51.763172693550587 11.991915129125116 5.3701765573350704 12.762940473388882 15.201853710692374 26.321280288510025 9.9898231625556928 4.7542521161958566 10.855858521535991 17.88137794658542 6.6025886461138708 4.1920090387575319 4.2931323498487473 1.4668851429596532
leaf_count=370 306 310 59 121 384 510 75 34 77 87 32 69 57 21
internal_value=0.000140504 -0.00137065 0.005727 0.000892147 -0.00652639 0.00452892 0.0103606 -0.00339847 -0.00346103 0.00381317 -0.0047296 -0.00904011 0.0129413 0.0252433
internal_weight=191.723 183.447 76.8493 63.3905 106.598 58.0203 41.0654 14.7441 91.3961 39.633 28.7771 16.9549 10.8957 13.4588
internal_count=2512 2142 1199 868 943 809 619 109 559 253 176 190 89 331
is_linear=0
shrinkage=0.03


Tree=117
num_leaves=15
num_cat=0
split_feature=9 10 23 47 18 31 22 12 41 37 29 28 28 18
split_gain=8.84301 7.23476 7.86944 7.61796 5.42317 5.22272 5.12598 4.65236 4.07791 7.81684 6.85619 3.57899 3.50365 3.46721
threshold=0.028894335031509403 0.35882353782653814 0.025490209460258487 0.040512928739190109 0.11074747145175935 0.84817269444465648 0.035145981237292297 0.52246528863906871 0.16634881496429446 0.066070549190044417 0.011377294547855856 0.0044092382888114602 0.0011186549272486775 0.075556103140115752
decision_type=2 2 2 2 2 2 2 2 2 2 2 2 2 2
left_child=-1 4 -3 -4 8 -5 7 12 -2 -10 -11 -8 -7 -12
right_child=1 2 3 5 -6 6 11 -9 9 10 13 -13 -14 -15
leaf_value=0.027498440008526987 -0.0087831301105289524 0.024990651070124867 -0.027830594926607961 -0.0087852474544898342 -0.022050559802576371 0.01201765381096709 -0.017120568868035129 0.024194407606284597 0.023263121441785422 -0.015485922580689957 0.023996563549640654 0.011247095938701839 -0.020234857572752115 -0.0063400020231350529
leaf_weight=8.0953205154510197 51.626635946333408 13.202023801160975 5.3974916905863202 16.945486250333488 14.891584568656979 5.2799148447811621 7.2331774188205582 19.874517410295084 10.875514405779539 17.821431757882241 6.56948174536228 5.1419078344479203 3.1816096808761358 4.2707936111837626
leaf_count=370 306 331 59 190 384 96 72 390 77 87 32 40 21 57
internal_value=0.000147077 -0.00133636 0.00560619 0.000857908 -0.00636734 0.00443684 0.0101643 0.0168736 -0.00335492 0.00374249 -0.00460091 -0.00520008 -0.00137281 0.0126852
internal_weight=190.407 182.312 76.2561 63.0541 106.055 57.6566 40.7111 28.336 91.1639 39.5372 28.6617 12.3751 8.46152 10.8403
internal_count=2512 2142 1199 868 943 809 619 507 559 253 176 112 117 89
is_linear=0
shrinkage=0.03


Tree=118
num_leaves=15
num_cat=0
split_feature=9 10 23 47 18 31 18 47 48 41 37 29 18 31
split_gain=8.56902 6.85308 7.62317 7.25659 5.29357 5.04784 5.49263 4.13624 4.18415 3.87529 7.40226 6.53227 3.32794 3.2078
threshold=0.028894335031509403 0.35882353782653814 0.025490209460258487 0.040512928739190109 0.11074747145175935 0.70477527379989635 0.066477064043283476 0.12319885194301607 0.014347121585160496 0.16634881496429446 0.066070549190044417 0.011377294547855856 0.075556103140115752 0.76675823330879223
decision_type=2 2 2 2 2 2 2 2 2 2 2 2 2 2
left_child=-1 4 -3 -4 9 -5 -7 -8 -9 13 -11 -12 -13 -2
right_child=1 2 3 5 -6 6 7 8 -10 10 11 12 -14 -15
leaf_value=0.027319850063209708 -0.019662908691854393 0.024722681205048756 -0.027120007739193028 -0.016146167481934776 -0.021864080123907715 0.014831794531012236 -0.01799920161721304 0.027805751045169247 -0.0076995557186386836 0.022640050032533651 -0.01511331599373807 0.023537295813787822 -0.0062325362868379868 -0.0033558994176926937
leaf_weight=7.9195291750365859 14.446406949311493 12.969972658669574 5.424732591607607 7.2959709772840133 14.589677335228769 32.713694676873274 8.7986661046743411 3.3083932753652316 5.1667796513065696 10.894323578570036 17.763185414485637 6.5362684093415719 4.2489201193675399 37.047566637396812
leaf_count=370 90 331 59 69 384 612 49 15 64 77 87 32 57 216
internal_value=0.000149848 -0.00130652 0.00547858 0.000810851 -0.00621175 0.00433219 0.007885 -0.00528927 0.00853665 -0.00325177 0.0036729 -0.0044753 0.0124342 -0.00855094
internal_weight=189.124 181.205 75.6782 62.7082 105.526 57.2835 49.9875 17.2738 8.47517 90.9367 39.4427 28.5484 10.7852 51.494
internal_count=2512 2142 1199 868 943 809 740 128 79 559 253 176 89 306
is_linear=0
shrinkage=0.03


Tree=119
num_leaves=15
num_cat=0
split_feature=9 10 23 47 18 31 18 28 5 30 31 36 40 34
split_gain=8.30786 6.50094 7.3843 6.91131 5.15856 4.85108 4.59388 5.51169 3.55081 5.92538 5.35809 6.17405 5.09367 4.02918
threshold=0.028894335031509403 0.35882353782653814 0.025490209460258487 0.040512928739190109 0.11074747145175935 0.84817269444465648 0.066477064043283476 0.0044092382888114602 0.035690803080797202 0.013350695371627809 0.82545971870422374 0.0020761288469657306 0.078963227570056929 0.028811764407467536
decision_type=2 2 2 2 2 2 2 2 2 2 2 2 2 2
left_child=-1 4 -3 -4 8 -5 -7 -8 -2 10 11 -10 -12 -11
right_child=1 2 3 5 -6 6 7 -9 9 13 12 -13 -14 -15
leaf_value=0.027141298534956979 -0.024355431530346243 0.024455166662636866 -0.026427478269539572 -0.0084972100595547707 -0.021676911074578982 0.017085956380820756 -0.015457555343288847 0.018532657495229952 -0.02249759883280876 -0.024020768045087945 0.021338508362929273 0.011310018938885943 -0.0072602841128435684 -0.0033944962466664723
leaf_weight=7.7482316453242666 4.6338893836364141 12.743811360793186 5.451873982558026 16.897503223270178 14.295909831300376 25.457802143879235 9.7657443145289999 4.7626355504617086 8.1999239306896907 9.9730768464505655 19.91850111074746 7.4365009926259509 6.2217995300889006 34.312899362295866
leaf_count=370 23 331 59 190 384 510 75 34 40 66 108 46 38 238
internal_value=0.000146563 -0.00128388 0.00535364 0.000763069 -0.00606972 0.00422913 0.00982711 -0.00323928 -0.00316267 -0.0014603 0.00644792 -0.00678974 0.0143927 -0.00894151
internal_weight=187.82 180.072 75.0794 62.3356 104.993 56.8837 39.9862 14.5284 90.6966 86.0627 41.7767 15.6364 26.1403 44.286
internal_count=2512 2142 1199 868 943 809 619 109 559 536 232 86 146 304
is_linear=0
shrinkage=0.03


Tree=120
num_leaves=15
num_cat=0
split_feature=9 22 33 12 33 42 40 34 26 16 16 42 31 1
split_gain=8.06556 5.83588 6.61832 6.74313 6.93994 6.20824 4.92514 4.67651 5.81606 4.39353 5.0304 3.639 5.63787 3.62146
threshold=0.034199051558971412 0.035349013283848769 0.013025905005633833 0.51137623190879833 0.025230296887457374 0.009064370300620796 0.013173880986869337 0.003570527659069326 0.0088282758370041865 0.099795439539709499 0.071864383493205439 0.029371920041739944 0.84817269444465648 0.073135357350111022
decision_type=2 2 2 2 2 2 2 2 2 2 2 2 2 2
left_child=-1 2 -2 4 7 -3 -7 8 -4 10 13 12 -5 -6
right_child=1 5 3 11 9 6 -8 -9 -10 -11 -12 -13 -14 -15
leaf_value=0.021304088723296775 -0.026378583127342946 0.023412516502108946 0.019093796591419614 -0.011588156733356145 0.0018746652260652804 0.0072956530606199336 -0.02085390223091229 0.026344885480884712 -0.018184139532496296 -0.021770790328856253 0.018237371952314299 0.022969226310213267 0.012099320144447931 -0.015657329626592657
leaf_weight=12.941623227554372 5.4392626162152728 2.2164600584655991 4.9006258975714463 10.784780321875585 19.242090305313468 5.653708645142614 27.542867932468653 8.3513525538146478 6.2790792919695377 13.681221733801065 6.3440119400620452 13.908603500109164 29.425006025703624 19.963750457391143
leaf_count=520 72 11 35 139 137 59 512 63 37 129 40 133 525 100
internal_value=0.000130677 -0.001654 0.00115354 0.0026772 -0.00288966 -0.0121756 -0.0158324 0.011793 -0.00119796 -0.00800724 -0.00306834 0.0106467 0.00542692 -0.00730653
internal_weight=186.674 173.733 138.32 132.881 78.7621 35.413 33.1966 19.5311 11.1797 59.2311 45.5499 54.1184 40.2098 39.2058
internal_count=2512 1992 1410 1338 541 582 571 135 72 406 277 797 664 237
is_linear=0
shrinkage=0.03


Tree=121
num_leaves=15
num_cat=0
split_feature=19 22 9 33 12 33 33 9 45 11 16 16 1 6
split_gain=7.88823 7.60763 4.92919 7.22821 6.3209 5.55548 4.85099 4.5099 4.41108 5.7509 3.8632 4.66056 3.72884 7.09559
threshold=0.069811157882213606 0.035349013283848769 0.028894335031509403 0.013025905005633833 0.51137623190879833 0.025428612716495994 0.017453160136938099 0.095098715275526061 0.016675097867846492 0.61372551321983349 0.099795439539709499 0.071864383493205439 0.073135357350111022 0.37450981140136724
decision_type=2 2 2 2 2 2 2 2 2 2 2 2 2 2
left_child=-1 2 -2 -4 5 6 -5 -3 9 -6 11 12 13 -7
right_child=1 7 3 4 8 10 -8 -9 -10 -11 -12 -13 -14 -15
leaf_value=0.025027975333365694 0.02570081726972805 0.0058068332485054818 -0.026224252004424606 -0.0098271340776446454 0.017214790992044995 0.020200481413967082 0.018769971284201142 -0.019052881762964782 0.015397853826841942 -0.016755520117017978 -0.020726485175758695 0.017552082986200215 -0.015727445093235787 -0.013375379104616069
leaf_weight=8.8187499006744456 5.3307935973862177 7.2615786995738736 6.59559709241148 6.332540298812094 5.486055930145084 8.5255712270736712 14.0292088589631 26.896191435400397 37.164850552100688 9.1972065302543324 13.692065623123197 6.2146129431202999 19.724234223365784 10.251184949651359
leaf_count=422 194 63 83 43 123 49 99 515 484 90 130 39 98 80
internal_value=0.00014034 -0.00135116 0.00172488 0.000416003 0.00215904 -0.00315694 0.00965858 -0.0136561 0.0101083 -0.00334132 -0.00784614 -0.00311942 -0.00723215 0.00220233
internal_weight=185.52 176.702 142.544 137.213 130.618 78.7694 20.3617 34.1578 51.8481 14.6833 58.4077 44.7156 38.501 18.7768
internal_count=2512 2090 1512 1318 1235 538 142 578 697 213 396 266 227 129
is_linear=0
shrinkage=0.03


Tree=122
num_leaves=15
num_cat=0
split_feature=24 16 42 34 43 23 18 41 1 5 21 14 26 48
split_gain=7.69263 5.87258 5.69145 6.63645 5.06565 6.43935 4.87415 4.69141 4.47585 7.6819 6.96222 7.39562 4.4315 4.31604
threshold=0.0028226981351981355 0.0073728760619690163 0.020128312520682815 0.027579683048433053 0.041671706363558776 0.11666667461395265 0.077685985714197173 0.032746426761150367 0.07665178552269937 0.056617416441440589 0.016352714970707897 0.41128903627395635 0.010669807903468611 0.033331034705042846
decision_type=2 2 2 2 2 2 2 2 2 2 2 2 2 2
left_child=2 8 -1 -4 7 13 -7 -3 9 10 -2 -12 -11 -6
right_child=1 4 3 -5 5 6 -8 -9 -10 12 11 -13 -14 -15
leaf_value=0.020925791785827229 -0.032849057111520495 0.014747386093313556 -0.02127701327570139 0.013495441438756212 -0.00072660830172358807 0.01464338367237949 -0.025053045670158286 -0.021219578979621755 -0.007607620823706431 -0.012410450823696515 -0.015183086270454905 0.016891560979179196 0.023053880633963932 0.024406800059139679
leaf_weight=22.336943685542792 3.8100143433548537 2.1461360231041935 6.7679180470295277 9.2948948801495117 21.045194146689031 2.0099807893857351 11.174496346618978 28.542697810567915 23.268275027163327 2.2485340964049128 9.1112738847732562 13.511692896252496 22.629022159148008 6.5046119811013332
leaf_count=608 47 8 45 86 158 9 246 242 248 13 44 381 307 70
internal_value=0.000144668 -0.00300792 0.0117611 -0.00172318 -0.00904994 -0.00181391 -0.0176721 -0.0178642 0.0028245 0.00771945 -0.00343053 0.00366785 0.0190519 0.00635624
internal_weight=184.402 146.002 38.3998 16.0628 71.4231 40.7343 13.1845 30.6888 74.5788 51.3105 26.433 22.623 24.8776 27.5498
internal_count=2512 1773 739 131 733 483 255 250 1040 792 472 425 320 228
is_linear=0
shrinkage=0.03


Tree=123
num_leaves=15
num_cat=0
split_feature=9 19 22 42 42 16 34 26 31 18 2 38 44 16
split_gain=7.51697 5.95593 5.89437 7.25228 5.12876 4.66541 6.69548 5.99672 4.9876 4.04994 3.87727 3.51634 6.04848 4.57324
threshold=0.028894335031509403 0.069811157882213606 0.035349013283848769 0.0074641923420131215 0.009064370300620796 0.0073728760619690163 0.029778736697255528 0.011875310912728311 0.70477527379989635 0.074747651815414443 0.24901961535215381 0.14742188155651095 0.042409110814332969 0.00057891975518146457
decision_type=2 2 2 2 2 2 2 2 2 2 2 2 2 2
left_child=-1 -2 3 -3 -4 8 7 -7 -5 -6 -8 12 -10 -13
right_child=1 2 4 5 9 6 10 -9 11 -11 -12 13 -14 -15
leaf_value=0.026578433629108191 0.023291566588579105 -0.023382514614734087 0.020809236081988532 -0.011543647223827861 0.0037766296757814296 0.0075230584223892069 -0.013473821829250339 -0.019220939264261858 -0.0079061705159981597 -0.021583285184663712 0.010412921632237419 0.014794180698030438 0.024594534018928259 -0.011067342825446391
leaf_weight=7.2095774705521753 6.4942986387759438 8.6584093157434818 1.8939319234341372 7.7512790374457827 6.2282531317323473 9.0340499375015479 5.644568793475627 24.992317464202642 5.2553150155581561 25.385528117418289 30.177399486303329 10.471039933152499 23.79496911354363 10.126768501475452
leaf_count=370 246 74 10 77 47 44 54 162 73 521 166 151 470 47
internal_value=0.000137553 -0.00121587 -0.00243363 0.000382918 -0.0133201 0.00236002 -0.00279406 -0.0120136 0.00856534 -0.0165704 0.00605625 0.0120884 0.0184879 0.00209258
internal_weight=183.118 175.908 169.414 135.906 33.5077 127.248 69.8483 34.0264 57.3994 31.6138 35.822 49.6481 29.0503 20.5978
internal_count=2512 2142 1896 1318 578 1244 426 206 818 568 220 741 543 198
is_linear=0
shrinkage=0.03


Tree=124
num_leaves=15
num_cat=0
split_feature=9 19 18 33 31 41 36 30 34 1 19 2 32 36
split_gain=7.28611 5.75705 5.50945 5.44563 5.4851 6.04731 8.50447 5.50488 7.85448 5.95238 5.43415 3.48905 3.43126 4.2863
threshold=0.028894335031509403 0.069811157882213606 0.11074747145175935 0.013025905005633833 0.82545971870422374 0.13215573132038119 0.002056077704764903 0.013350695371627809 0.028811764407467536 0.070563457906246199 0.22036208957433703 0.28431373834609991 0.01048331940546632 0.0018679828499443831
decision_type=2 2 2 2 2 2 2 2 2 2 2 2 2 2
left_child=-1 -2 3 -3 5 -5 -7 12 9 -9 11 -10 13 -6
right_child=1 2 -4 4 7 6 -8 8 10 -11 -12 -13 -14 -15
leaf_value=0.026399820238403929 0.023077589052876671 -0.022974768967570846 -0.018665182934537863 -0.01710988003923444 0.013608118031961951 -0.021773673170367124 0.018394317352220774 0.005584650174806598 -0.0092188822350035438 -0.029781667603883118 -0.0072737514620941877 0.018773917704067909 0.029551499049769024 -0.0063858518979569272
leaf_weight=7.0564557673642403 6.3781857532449058 7.1969474182697004 14.86870304495096 24.714227417018265 29.517522992100567 5.1956045441329506 12.025348608382044 5.4476415188983109 3.4667717199772623 10.656377408653496 16.558317082934082 19.995651242788881 6.5136223877780131 12.263430042192338
leaf_count=370 246 87 419 209 307 34 108 71 15 80 146 214 107 99
internal_value=0.000142177 -0.0011875 -0.00238409 -0.000568556 0.000807916 -0.0080975 0.00511483 0.00449752 -0.00185424 -0.018357 0.0052726 0.0141207 0.011719 0.00764739
internal_weight=181.855 174.798 168.42 153.551 146.355 41.9352 17.221 104.419 56.1248 16.104 40.0207 23.4624 48.2946 41.781
internal_count=2512 2142 1896 1477 1390 351 142 1039 526 151 375 229 513 406
is_linear=0
shrinkage=0.03


Tree=125
num_leaves=15
num_cat=0
split_feature=9 14 22 42 42 34 31 31 22 6 25 10 31 21
split_gain=7.0668 5.44426 6.02927 7.42607 4.88396 5.06107 4.1449 6.35245 5.63554 5.70298 5.40093 5.17108 4.4136 6.4817
threshold=0.028894335031509403 0.56552612781524669 0.035349013283848769 0.0072530708275735387 0.020549409091472629 0.015653001792114696 0.84817269444465648 0.91442957520484935 0.014163523912429811 0.4294117689132691 0.032485084608197219 0.47254902124404913 1.0226280689239504 0.080080039799213423
decision_type=2 2 2 2 2 2 2 2 2 2 2 2 2 2
left_child=-1 2 3 -2 5 -4 10 -8 -9 12 -5 -11 -10 -14
right_child=1 -3 4 6 -6 -7 7 8 9 11 -12 -13 13 -15
leaf_value=0.026221306881956293 -0.025952168706995158 0.01317363354781982 -0.013084910978157794 -0.012571441827057786 -0.02401849583569636 0.025095634805999249 0.027172846690692934 0.016482089030284836 -0.023426603316733886 0.024894251280273328 0.012681611167338167 -0.0098761393275143012 0.004541436828439124 -0.024759415213535033
leaf_weight=6.9072375018149605 7.4313825303688636 18.989281001035124 5.9841025965288299 28.578831552993506 17.532059414777905 3.1259837308898568 8.5588709358125907 16.862670893780887 9.7402092618867737 9.0778338089585286 8.2713253125548345 4.4037121632136396 28.73757257219404 6.7150805378332725
leaf_count=370 68 431 101 233 379 30 116 270 63 123 53 62 178 35
internal_value=0.000138287 -0.00116622 -0.00308732 -0.000282314 -0.0155352 0.00190534 0.00166705 0.00533266 0.00218226 -0.00228581 -0.00646492 0.0135342 -0.00744224 -0.00195414
internal_weight=180.916 174.009 155.02 128.377 26.6421 9.11009 120.946 84.096 75.5371 58.6744 36.8502 13.4815 45.1929 35.4527
internal_count=2512 2142 1711 1201 510 131 1133 847 731 461 286 185 276 213
is_linear=0
shrinkage=0.03


Tree=126
num_leaves=15
num_cat=0
split_feature=24 16 43 23 18 48 42 41 25 34 1 21 23 7
split_gain=6.9758 5.24325 4.24218 5.70755 5.85966 4.13575 4.64097 4.07416 3.91766 6.0093 3.46036 6.77839 9.06295 7.39868
threshold=0.001496362433862434 0.0073728760619690163 0.041671706363558776 0.11666667461395265 0.076737340539693846 0.033331034705042846 0.01195899583399296 0.032746426761150367 0.016664545051753524 0.027579683048433053 0.07665178552269937 0.021044841967523101 0.025490209460258487 0.52745100855827343
decision_type=2 2 2 2 2 2 2 2 2 2 2 2 2 2
left_child=8 10 7 5 -5 6 -4 -3 -1 -10 11 12 -2 -13
right_child=1 2 3 4 -6 -7 -8 -9 9 -11 -12 13 -14 -15
leaf_value=0.022323928478553388 0.021097273837055848 0.013978477756344049 0.017012148272118832 0.020200341927499733 -0.024901408857221877 0.023676715216324935 -0.010266876644527374 -0.019349992291681394 -0.016413584426421483 0.015497274079614199 -0.0063847525759729339 -0.0056480985401157176 -0.029819873097376683 0.020444078309380297
leaf_weight=15.399898013216442 3.0515325525775534 2.15409788489342 6.4933722689747873 1.5713835787028063 10.932274550199507 6.4673916837200514 14.504805906210093 29.379621928557754 7.2970054452307549 10.365362358279524 23.330244253855199 13.039045810699461 6.9921433073468506 28.804694700054824
leaf_count=501 70 8 26 8 247 70 133 251 79 102 252 116 87 562
internal_value=0.000140283 -0.00268265 -0.008401 -0.00162907 -0.0170225 0.00595671 -0.000954958 -0.0162859 0.0121916 0.00183255 0.00279124 0.00705657 -0.0131663 0.0123582
internal_weight=179.783 146.721 71.5029 39.9692 12.5037 27.4656 20.9982 31.5337 33.0623 17.6624 75.2177 51.8874 10.0437 41.8437
internal_count=2512 1830 743 484 255 229 159 259 682 181 1087 835 157 678
is_linear=0
shrinkage=0.03


Tree=127
num_leaves=15
num_cat=0
split_feature=9 19 18 33 31 30 34 41 36 1 19 31 40 2
split_gain=6.7268 5.32553 5.04671 5.00834 5.70336 6.61889 7.48783 6.02861 7.92445 5.56978 4.98918 3.92728 4.3636 3.25478
threshold=0.028894335031509403 0.069811157882213606 0.11074747145175935 0.015611447393894197 0.82545971870422374 0.013350695371627809 0.028811764407467536 0.13215573132038119 0.002056077704764903 0.070563457906246199 0.22036208957433703 1.1223942041397097 0.034732408821582801 0.28431373834609991
decision_type=2 2 2 2 2 2 2 2 2 2 2 2 2 2
left_child=-1 -2 3 11 7 -6 9 -5 -9 -7 13 12 -3 -8
right_child=1 2 -4 4 5 6 10 8 -10 -11 -12 -13 -14 -15
leaf_value=0.025946960886121494 0.022573036892290507 -0.04185847032547544 -0.018168250611104227 -0.017047053849181371 0.013580772771801716 0.0052013665242827793 -0.008959034142792666 -0.021279432882281707 0.018017896813619181 -0.029280036116088513 -0.006924754148759692 0.008006171293378328 -0.0019467075645661523 0.018250283177457183
leaf_weight=6.6743353930069125 6.13331785716582 4.5570666197454539 14.250100840348749 24.260748682077974 43.249364914372563 5.3877523941919199 3.4011977948248413 4.9367149826139238 11.946955681312827 10.386483556590973 16.273060893174261 2.9393454198725513 4.5445411293767393 19.702672740910202
leaf_count=370 246 28 419 207 469 71 15 32 108 80 146 53 54 214
internal_value=0.000150621 -0.00112011 -0.0022728 -0.000541858 0.00114057 0.00506397 -0.00180392 -0.00797283 0.00533188 -0.0180739 0.00519985 -0.0176387 -0.0261412 0.0137306
internal_weight=178.644 171.969 165.836 151.586 139.545 98.4005 55.1512 41.1444 16.8837 15.7742 39.3769 12.041 9.10161 23.1039
internal_count=2512 2142 1896 1477 1342 995 526 347 140 151 375 135 82 229
is_linear=0
shrinkage=0.03


Tree=128
num_leaves=15
num_cat=0
split_feature=24 42 34 2 10 18 18 42 40 21 8 45 38 43
split_gain=6.58108 5.11919 5.14718 4.86356 6.10639 5.37775 4.16437 4.54948 3.52748 7.20016 5.43318 5.58762 6.16577 5.26397
threshold=0.0028226981351981355 0.019893190823495392 0.027579683048433053 0.55000004172325145 0.47254902124404913 0.10561998561024667 0.067489925771951689 0.011812747456133367 0.051149675622582443 0.081639517098665251 0.50701248645782482 0.021684875711798671 0.13296230137348178 0.092647511512041106
decision_type=2 2 2 2 2 2 2 2 2 2 2 2 2 2
left_child=1 -1 -3 4 5 8 -5 -8 10 -10 11 12 -2 -11
right_child=3 2 -4 6 -6 -7 7 -9 9 13 -12 -13 -14 -15
leaf_value=0.020600913319823104 0.011692985876856009 -0.018562374930502532 0.011819679089102388 0.018718228620686034 -0.02871118745749492 -0.018704680810743512 0.020453594931111964 -0.016562966274669036 0.016161517507473962 -0.022669511228654536 0.0085994166440076965 -0.023947183099175477 -0.020332359993877301 0.005238553646869099
leaf_weight=20.088426291826181 12.148284989874812 6.7886667842976776 9.6734047951176745 13.815004921751099 7.3402791693806639 15.205329362768678 2.4273453690111619 7.3229180984199047 24.044607671443373 8.5571529315784591 14.629588450770823 16.246168999932706 6.7544378913007668 12.701087978202848
leaf_count=601 106 47 91 442 60 427 14 90 219 39 115 127 43 91
internal_value=0.000134427 0.0111511 -0.00120044 -0.00281242 -0.00533229 -0.00326588 0.00908142 -0.00517946 -0.000431545 0.00546706 -0.00586155 -0.0121001 -0.000457485 -0.00684975
internal_weight=177.743 36.5505 16.4621 141.192 117.627 110.287 23.5653 9.75026 95.0813 45.3028 49.7785 35.1489 18.9027 21.2582
internal_count=2512 739 138 1773 1227 1167 546 104 740 349 391 276 149 130
is_linear=0
shrinkage=0.03


Tree=129
num_leaves=15
num_cat=0
split_feature=9 19 22 42 42 31 31 31 31 5 40 11 18 21
split_gain=6.40509 5.09234 4.95129 6.24903 4.73581 4.05383 4.74927 4.98071 5.19401 4.81812 5.31361 4.79727 4.75798 3.91365
threshold=0.028894335031509403 0.069811157882213606 0.035349013283848769 0.0074641923420131215 0.009064370300620796 2.0346519947052006 0.84817269444465648 0.91442957520484935 0.98346406221389782 0.10487447679042818 0.080657161772251143 0.60588237643241893 0.083576641976833357 -0.0077138370834290973
decision_type=2 2 2 2 2 2 2 2 2 2 2 2 2 2
left_child=-1 -2 3 -3 -4 6 12 -8 -9 10 -10 -11 -5 -6
right_child=1 2 4 5 13 -7 7 8 9 11 -12 -13 -14 -15
leaf_value=0.025647353637184692 0.022310518179210079 -0.0216662600066212 0.020458283719779993 -0.0083866039064673398 0.014806615562551053 -0.017348581182923966 0.026902013809391945 -0.011595657473425164 0.019191068977561728 -0.022235449607080179 -0.0057789104920783364 0.0079272659647901186 0.021115820763023631 -0.01880025823081273
leaf_weight=6.4410752134863278 5.9589474435197181 8.68261399946641 1.8278899434953952 35.463548610918224 1.903595432639128 6.8612198922783127 8.9079576977528614 12.312305522616951 32.359998600557446 6.1691042203456155 8.6480159633792919 9.4342154767364246 3.6854631300084284 27.998929877765473
leaf_count=370 246 74 10 289 9 23 124 156 408 65 76 56 47 559
internal_value=0.000118761 -0.00111648 -0.00224259 0.000342201 -0.0125073 0.00222888 0.00367468 0.00790858 0.00472211 0.00859679 0.0138316 -0.00499915 -0.00464504 -0.0157727
internal_weight=176.655 170.214 164.255 132.524 31.7304 123.842 116.981 77.8316 68.9236 56.6113 41.008 15.6033 39.149 29.9025
internal_count=2512 2142 1896 1318 578 1244 1221 885 761 605 484 121 336 568
is_linear=0
shrinkage=0.03


Tree=130
num_leaves=15
num_cat=0
split_feature=9 8 18 45 8 22 31 4 15 23 37 22 47 29
split_gain=6.20569 4.84734 5.25445 6.27562 5.93765 4.83719 6.33117 4.75566 5.42081 4.9004 6.68362 3.78357 3.52538 3.39399
threshold=0.028894335031509403 0.44455729424953466 0.033720074221491821 0.012857523281127216 0.45887072384357458 0.016449399292469028 0.85173714160919201 0.51526725292205822 0.56666672229766857 0.050000011920928962 0.028133394196629528 0.036368055269122131 0.13271214812994006 0.0089843976311385649
decision_type=2 2 2 2 2 2 2 2 2 2 2 2 2 2
left_child=-1 5 -3 12 -5 6 -2 8 -6 -9 -11 -12 -4 -13
right_child=1 2 3 4 7 -7 -8 9 -10 10 11 13 -14 -15
leaf_value=0.025469153626415875 -0.014104064223022839 0.022554461571457973 -0.022281185070809516 0.028833844651169515 0.015814745327007659 -0.013020898787801116 0.01307542756653805 0.020962262334453113 -0.022427443235070212 -0.020273522019732711 0.014420934761680167 0.019691027846285406 0.0061867968123727598 -0.013103096002312393
leaf_weight=6.3075733924051738 10.638799843378367 9.2462584321619925 12.186022339854391 6.1419990886934093 2.8413876434788099 43.299759457819164 17.770726772025228 12.069677893538026 10.593812541104851 8.7133196722716075 19.916439781431112 1.7673919741064299 4.1949941543862215 9.9817940890789014
leaf_count=370 53 450 118 54 37 543 127 128 90 59 277 10 36 160
internal_value=0.0001337 -0.00107861 0.00322879 0.00072014 0.00463162 -0.00691353 0.0025404 0.00154815 -0.0131441 0.00571137 0.000307795 0.00692816 -0.0149477 -0.00580505
internal_weight=175.67 169.362 97.6531 88.4068 72.0258 71.7093 28.4095 65.8838 13.4352 52.4486 40.3789 31.6656 16.381 11.7492
internal_count=2512 2142 1419 969 815 723 180 761 127 634 506 447 154 170
is_linear=0
shrinkage=0.03


Tree=131
num_leaves=15
num_cat=0
split_feature=9 14 38 22 42 36 23 25 37 31 25 14 0 42
split_gain=6.01136 4.73051 5.0944 5.28215 5.04402 5.56311 7.24702 5.27241 7.16889 4.62475 4.17615 4.11937 5.83917 3.39635
threshold=0.028894335031509403 0.56552612781524669 0.033351141959428794 0.035349013283848769 0.0074641923420131215 0.00099913449957966826 0.084313705563545241 0.032485084608197219 0.028133394196629528 0.68967929482460033 0.0081013650633394736 0.42480687797069555 0.6451532542705537 0.020277863368391994
decision_type=2 2 2 2 2 2 2 2 2 2 2 2 2 2
left_child=-1 2 10 4 -4 6 -6 9 -9 -7 -2 -11 -13 -5
right_child=1 -3 3 13 5 7 -8 8 -10 11 -12 12 -14 -15
leaf_value=0.025291152938189353 -0.015747670663086695 0.012580710628395076 -0.022347218724625632 0 0.029109794045510014 -0.023802086505058977 -0.0095832894807725104 -0.0088498060371621484 0.026937523901680398 -0.0071491545216776278 0.027428620063063004 0.018560364135471897 -0.014994999845090611 -0.023368184640947379
leaf_weight=6.1774553108261889 1.1315179327502836 18.222673639305867 7.5883976866025469 7.7960023423656848 10.109709394513628 9.1670314949005824 5.4213623865507534 7.4426754405722049 9.4914106167852861 50.884973911568522 6.2677548981737345 13.27348720142618 4.892090778797864 16.566187848802656
leaf_count=370 13 431 61 122 112 57 52 41 75 325 123 314 32 384
internal_value=0.000152853 -0.00103873 -0.00285639 -0.00422948 -0.00146874 0.000307301 0.0158798 -0.00247821 0.0117769 -0.00581851 0.0185609 -0.00278602 0.00878401 -0.01639
internal_weight=174.433 168.255 150.033 142.633 118.271 110.683 15.5311 95.1517 16.9341 78.2176 7.39927 69.0506 18.1656 24.3622
internal_count=2512 2142 1711 1575 1069 1008 164 844 116 728 136 671 346 506
is_linear=0
shrinkage=0.03


Tree=132
num_leaves=15
num_cat=0
split_feature=19 22 42 41 41 6 44 16 11 22 42 18 18 46
split_gain=5.86232 5.25662 4.44291 4.03581 5.66385 5.76097 6.68383 6.00051 4.81136 6.99959 3.98357 3.72422 3.6851 4.25974
threshold=0.069811157882213606 0.035349013283848769 0.009064370300620796 0.13215573132038119 0.12098061665892602 0.27078439295291906 0.053796268999576576 0.011638563049853374 0.53921571373939525 0.016056254506111148 0.016413373872637752 0.074747651815414443 0.058972397819161422 0.028421886265277866
decision_type=2 2 2 2 2 2 2 2 2 2 2 2 2 2
left_child=-1 3 -3 4 5 -2 7 -7 9 10 -5 -4 -8 -14
right_child=1 2 11 8 -6 6 12 -9 -10 -11 -12 -13 13 -15
leaf_value=0.023305888641671366 -0.019837021733672619 0.020010300250118615 0.0042597234871068947 0.024120305471347317 -0.027972083462715441 -0.020475575302219318 0.016407139274346311 0.01179209404719329 0.018581975455872375 -0.0092022147237760359 -0.0039148960242330316 -0.0203613801989855 -0.016727009027573819 0.012627594607735691
leaf_weight=7.3351751612499347 9.6022825753316265 1.8114208541810537 6.0783523861318853 11.083053651265802 5.4719850150868288 13.764957415056417 26.120717512560077 6.0287615358829489 19.587373954243958 23.848848048597574 5.9887538766488424 22.910334525629878 6.869071386754511 6.9093804284930229
leaf_count=422 58 10 47 203 57 170 462 29 232 201 30 521 38 32
internal_value=0.000153045 -0.00111687 -0.0119064 0.00145555 -0.00314914 -0.000417193 0.0031999 -0.0103296 0.00711207 0.000941865 0.0147491 -0.0151603 0.0101561 -0.00208189
internal_weight=173.41 166.075 30.8001 135.275 74.7672 69.2952 59.6929 19.7937 60.508 40.9207 17.0718 28.9887 39.8992 13.7785
internal_count=2512 2090 578 1512 846 789 731 199 666 434 233 568 532 70
is_linear=0
shrinkage=0.03


Tree=133
num_leaves=15
num_cat=0
split_feature=24 16 43 23 18 31 25 34 40 22 1 21 38 23
split_gain=5.73089 4.39843 4.02631 4.9055 5.59019 3.72998 3.49212 5.19048 3.13884 3.11047 4.12423 3.02035 6.72261 5.74116
threshold=0.001496362433862434 0.0073728760619690163 0.041671706363558776 0.11666667461395265 0.076737340539693846 1.3515377044677737 0.016664545051753524 0.027579683048433053 0.0047255773097276696 0.028906811960041526 0.087761174887418761 0.021044841967523101 0.099798250943422331 0.025490209460258487
decision_type=2 2 2 2 2 2 2 2 2 2 2 2 2 2
left_child=6 11 8 5 -5 9 -1 -8 -3 10 -4 13 -13 -2
right_child=1 2 3 4 -6 -7 7 -9 -10 -11 -12 12 -14 -15
leaf_value=0.021425812216296396 0.017020231530210025 0.005567033008505794 0 0.02004023269579381 -0.0242628385738527 -0.012494993484078882 -0.015558239146559263 0.014542497946977579 -0.019390104513031161 -0.0071696402446496041 0.028965710009795677 0.025178283915675462 0.00047916257399691352 -0.019757825800985247
leaf_weight=14.147364561678843 3.6857962710782877 4.2880841093137887 7.1742472629994252 1.5638921195641149 9.9818153232336027 5.7171557694673529 7.0725182360038188 9.9160316367633623 25.899123777169734 4.6931375735439351 9.116704613901673 10.607954218750818 48.11795293353498 10.317184988991356
leaf_count=501 75 35 44 8 247 36 79 102 224 95 54 204 692 116
internal_value=0.000153737 -0.00243296 -0.00779714 -0.00107396 -0.0159675 0.00592545 0.0114108 0.00153442 -0.0156261 0.0117252 0.0175213 0.00264789 0.00567239 -0.00897253
internal_weight=172.299 141.163 68.4342 38.247 11.5457 26.7012 31.1359 16.9885 30.1872 20.9841 16.291 72.7289 58.7259 14.003
internal_count=2512 1830 743 484 255 229 682 181 259 193 98 1087 896 191
is_linear=0
shrinkage=0.03


Tree=134
num_leaves=15
num_cat=0
split_feature=9 14 38 22 42 36 23 25 19 31 14 33 19 42
split_gain=5.64595 4.42126 4.70918 4.69593 4.77725 5.14937 6.81755 4.9024 7.13136 4.41476 4.37832 4.17712 3.98186 3.34939
threshold=0.028894335031509403 0.56552612781524669 0.033351141959428794 0.035349013283848769 0.0074641923420131215 0.00099913449957966826 0.084313705563545241 0.032485084608197219 0.17358972132205966 0.68967929482460033 0.25192864239215856 0.01351239485666156 0.10259874537587167 0.020277863368391994
decision_type=2 2 2 2 2 2 2 2 2 2 2 2 2 2
left_child=-1 2 11 4 -4 6 -6 9 -9 -7 -10 -2 -11 -5
right_child=1 -3 3 13 5 7 -8 8 10 12 -12 -13 -14 -15
leaf_value=0.024959115640964875 -0.016430774742573609 0.012282700441539016 -0.021837916609247512 0.00037749316931385082 0.028356529489524693 -0.023358076310422325 -0.009406635594146829 -0.012790922716197847 -0.0016495890244182963 0.016872577368118216 0.035112272102056599 0.027002982803654225 -0.0052004547050038021 -0.022859965141696241
leaf_weight=5.8997358821798107 1.0708532575517882 17.89421978907194 7.5513312139082691 7.6529969954863217 9.8906643704976869 9.0270574297755939 5.3478186582215121 5.7088908459991243 3.769855557009576 6.3071870685089371 7.333529869094491 6.1304227679502219 61.926633950322866 15.909752538427709
leaf_count=370 12 431 61 122 112 57 52 30 39 127 47 124 544 384
internal_value=0.000161834 -0.000991546 -0.00276327 -0.00409019 -0.00148723 0.000258775 0.015376 -0.00242789 0.0113543 -0.00567562 0.0240551 0.0180507 -0.00269505 -0.0157562
internal_weight=171.421 165.521 147.627 140.426 116.863 109.312 15.2385 94.0732 16.8123 77.2609 11.1034 7.20128 68.2338 23.5627
internal_count=2512 2142 1711 1575 1069 1008 164 844 116 728 86 136 671 506
is_linear=0
shrinkage=0.03


Tree=135
num_leaves=15
num_cat=0
split_feature=9 19 33 22 42 12 30 28 20 22 42 24 43 26
split_gain=5.47562 4.28432 4.28416 4.79665 4.65204 4.65038 4.33816 5.37416 5.55356 4.22009 4.15616 5.05852 4.10201 3.97228
threshold=0.028894335031509403 0.069811157882213606 0.013025905005633833 0.035349013283848769 0.010233218315988781 0.51137623190879833 0.013460366521030666 0.00026338010910795722 0.00095346102150537643 0.016778885386884216 0.029371920041739944 0.0046642206658112353 0.086368810385465636 0.0088282758370041865
decision_type=2 2 2 2 2 2 2 2 2 2 2 2 2 2
left_child=-1 -2 -3 5 -5 6 7 13 -9 -8 11 -7 -13 -4
right_child=1 2 3 4 -6 10 9 8 -10 -11 -12 12 -14 -15
leaf_value=0.024781547600857767 0.021247463838445387 -0.021191940069055806 0.013715011994980306 0.023137838096358238 -0.014653908186982322 0.024625562130255182 0.0049110580014211465 -0.011013250937171478 0.023469794953060358 -0.018821086589629152 0.022564940025965749 -0.0069680675905413941 0.020592260883828453 -0.010933971001926748
leaf_weight=5.7798958618659517 5.4580587034579358 7.8416538754245257 5.8107831021770862 1.4096107371151472 27.403895877767354 5.8715955936349919 8.5324584096670169 4.2545335297472802 13.698922537732868 19.602978190407157 12.532858327962456 26.000699200434614 3.8745188945904365 22.435712677892298
leaf_count=370 246 95 45 7 559 172 45 31 96 159 126 302 97 162
internal_value=0.000168048 -0.000964492 -0.00199834 -0.000721568 -0.0113259 0.00188807 -0.00278184 0.00283223 0.014863 -0.0116762 0.00896256 0.00317116 -0.00223186 -0.00519248
internal_weight=170.508 164.728 159.27 151.429 28.8135 122.615 74.3354 46.2 17.9535 28.1354 48.2797 35.7468 29.8752 28.2465
internal_count=2512 2142 1896 1801 566 1235 538 334 127 204 697 571 399 207
is_linear=0
shrinkage=0.03


Tree=136
num_leaves=15
num_cat=0
split_feature=9 8 18 45 8 4 15 23 21 24 22 31 42 18
split_gain=5.3006 4.19077 4.60102 5.79134 5.4935 4.19472 4.96008 4.55789 7.44127 4.55342 4.01594 5.64622 3.3063 4.1296
threshold=0.028894335031509403 0.44455729424953466 0.033720074221491821 0.012857523281127216 0.45887072384357458 0.51526725292205822 0.56666672229766857 0.050000011920928962 0.030032753944396976 0.11183449074074076 0.016449399292469028 0.85173714160919201 0.011054689995944502 0.066477064043283476
decision_type=2 2 2 2 2 2 2 2 2 2 2 2 2 2
left_child=-1 10 -3 -4 -5 6 -6 -7 -9 -10 11 -2 -11 -14
right_child=1 2 3 4 5 7 -8 8 9 12 -12 -13 13 -15
leaf_value=0.024604253295459518 -0.013466968369235353 0.021907772993220234 -0.014388309642289484 0.028015698125978102 0.015269313569017649 0.020427727135460334 -0.02159357842756663 -0.023894859385210274 0.024431808964327763 0.025928323755680497 -0.012116045900145199 0.012367291282074247 0.011859899859732171 -0.012689075646255814
leaf_weight=5.6630805013701311 10.550361176021399 8.5142388998065126 15.992632690817116 6.0565288113430134 2.7954873675480476 11.725690816063432 10.137020396534352 7.0403536371886721 7.4417737820185712 1.8189398813992763 41.671423015650362 17.324005328584462 7.6481114081107107 15.190261207055299
leaf_count=370 53 450 154 54 37 128 90 52 107 7 543 127 153 187
internal_value=0.000198538 -0.00091305 0.00316179 0.000811981 0.00463736 0.00158827 -0.0124465 0.00554926 0.000242528 0.00671559 -0.00641763 0.00224173 0 -0.00405433
internal_weight=169.57 163.907 94.361 85.8468 69.8542 63.7976 12.9325 50.8651 39.1394 32.0991 69.5458 27.8744 24.6573 22.8384
internal_count=2512 2142 1419 969 815 761 127 634 506 454 723 180 347 340
is_linear=0
shrinkage=0.03


Tree=137
num_leaves=15
num_cat=0
split_feature=9 14 38 22 42 36 37 25 19 31 14 33 19 42
split_gain=5.13312 4.07162 4.23845 4.21899 4.39979 4.92698 4.6519 4.54164 6.8529 4.21486 4.04666 3.82289 3.59652 3.30549
threshold=0.028894335031509403 0.56552612781524669 0.033351141959428794 0.035349013283848769 0.0074641923420131215 0.00099913449957966826 0.053986102342605598 0.032485084608197219 0.17358972132205966 0.68967929482460033 0.25192864239215856 0.014143727254122497 0.10259874537587167 0.020277863368391994
decision_type=2 2 2 2 2 2 2 2 2 2 2 2 2 2
left_child=-1 2 11 4 -4 6 -6 9 -9 -7 -10 -2 -11 -5
right_child=1 -3 3 13 5 7 -8 8 10 12 -12 -13 -14 -15
leaf_value=0.02442725538676967 -0.015083258784319979 0.011994729654980024 -0.02090110707347689 0.00092226133702444076 0.027580760680651763 -0.022821174411822423 -0.0034125347331328475 -0.012778369545792347 -0.0014209183751107528 0.01631056277710316 0.034179497908885539 0.026349728798847671 -0.0049199861336869724 -0.022297743074522283
leaf_weight=5.5492087760940185 1.1400592261925329 17.516462821513414 7.5495239370502523 7.5153266908600953 8.5408628934528661 8.9312996440567058 6.4919928219169369 5.620539270341399 3.7166168419644219 6.0940924766473463 7.2518544076010585 5.8460294671822339 61.26340297004208 15.32691127154976
leaf_count=370 14 431 61 122 105 57 59 30 39 127 47 122 544 384
internal_value=0.00022586 -0.000867269 -0.00258014 -0.00384458 -0.00137773 0.000316327 0.015191 -0.00232908 0.0110131 -0.00547589 0.0235264 0.0174023 -0.00254098 -0.0150782
internal_weight=168.354 162.805 145.289 138.302 115.46 107.911 15.0329 92.8778 16.589 76.2888 10.9685 6.98609 67.3575 22.8422
internal_count=2512 2142 1711 1575 1069 1008 164 844 116 728 86 136 671 506
is_linear=0
shrinkage=0.03


Tree=138
num_leaves=15
num_cat=0
split_feature=9 4 18 33 15 31 44 31 5 44 34 41 48 27
split_gain=4.97893 3.95361 4.82568 4.31161 4.0819 6.04095 4.57326 4.50789 3.77418 4.50912 3.4228 3.3122 3.43643 5.76173
threshold=0.028894335031509403 0.46050645411014562 0.032721025869250304 0.014269156381487848 0.49827139079570776 0.98346406221389782 0.31432986259460455 0.49052014946937567 0.081748697906732573 0.050642302259802825 0.0023464437144720906 0.032746426761150367 0.015849223360419277 0.065385624766349806
decision_type=2 2 2 2 2 2 2 2 2 2 2 2 2 2
left_child=-1 4 -3 -4 5 -2 -7 -6 9 -5 -11 -10 -13 -14
right_child=1 2 3 8 7 6 -8 -9 11 10 -12 12 13 -15
leaf_value=0.024250577279864613 -0.013876463299640734 0.021893363034592765 -0.022347086040930324 -0.0090090365372249796 0.016029566352974645 0.020329878866783647 -0.01011496850625471 -0.01886882276435102 0.02381640883153972 -0.0088461479354239609 0.019801117335692685 0.011666237904052286 -0.016067092479331212 0.0040419868034602202
leaf_weight=5.4382018699543542 12.719969486817719 8.5229364138795045 4.9346339446492484 7.0753100863657883 2.1684245839715031 12.597679253667595 4.7925451220944515 24.973781234119087 2.0811533145606509 3.0983220627531436 22.243581999093294 8.4315456766635162 26.944905138574541 21.504260767251253
leaf_count=370 90 457 63 77 14 75 41 346 12 26 377 72 230 262
internal_value=0.000232876 -0.000840409 0.00259688 0.000448153 -0.00706037 0.00055439 0.011607 -0.0150691 0.00216353 0.0100877 0.0157981 -0.00233197 -0.00411611 -0.00727577
internal_weight=167.527 162.089 104.837 96.3137 57.2524 30.1102 17.3902 27.1422 91.3791 32.4172 25.3419 58.9619 56.8807 48.4492
internal_count=2512 2142 1576 1119 566 206 116 360 1056 480 403 576 564 492
is_linear=0
shrinkage=0.03


Tree=139
num_leaves=15
num_cat=0
split_feature=9 30 42 38 22 0 45 8 43 36 28 13 2 30
split_gain=4.82875 3.85312 6.60341 5.31772 4.44807 4.48217 5.84215 4.38791 3.33517 2.79389 3.82483 5.02199 6.93801 2.65187
threshold=0.028894335031509403 0.0055331184994429359 0.010755845811218025 0.033351141959428794 0.035349013283848769 0.53374430537223827 0.015718518756330017 0.54620087146759044 -0.019992136396467682 0.0011597634293138983 0.00068040600027089273 0.082164846360683455 0.40980392694473272 0.012899145483970644
decision_type=2 2 2 2 2 2 2 2 2 2 2 2 2 2
left_child=-1 -2 -3 -4 5 9 7 -7 -6 -5 -11 12 -12 -13
right_child=1 2 3 4 8 6 -8 -9 -10 10 11 13 -14 -15
leaf_value=0.024074242561075744 -0.016493778286232934 0.017589105108309216 0.022998695867462209 0.0091849657842007146 0.015982440941278798 0.010139921117189839 0.01302212725870705 -0.025769530320824213 -0.016630291721440257 -0.018381805497873476 0.030617387212663816 0.006099249740544507 -0.011705679386571643 -0.014761982638854211
leaf_weight=5.3299829609459257 10.992918546311556 16.027888898504898 5.4043855129275462 8.2916202591732127 1.4793428853154207 3.5821011820808035 32.61831836681813 5.5371228426229209 24.714045118074864 18.063430632930249 6.2782797496765834 6.0705954721197513 4.4577971543185413 17.778095877729356
leaf_count=370 141 198 142 67 6 73 476 56 547 155 40 42 49 150
internal_value=0.000242693 -0.000811651 0.000517146 -0.00172689 -0.00312234 -0.000190765 0.0071604 -0.0121075 -0.0136789 -0.00534077 -0.00793576 -0.00169122 0.01373 -0.00927472
internal_weight=166.626 161.296 150.303 134.275 128.871 102.677 41.7375 9.11922 26.1934 60.9398 52.6482 34.5848 10.7361 23.8487
internal_count=2512 2142 2001 1803 1661 1108 605 129 553 503 436 281 89 192
is_linear=0
shrinkage=0.03


Tree=140
num_leaves=15
num_cat=0
split_feature=19 22 3 14 31 47 45 39 28 47 24 5 36 5
split_gain=4.70316 4.12809 6.72242 4.85587 4.80895 4.57672 5.31895 5.12093 6.88365 3.86035 4.12611 4.16133 3.42832 2.88169
threshold=0.069811157882213606 0.028029086999595169 0.63333335518836986 0.31753765046596533 0.70914399623870861 0.14113168418407443 0.016874482855200771 0.022659682668745521 0.00050499231950844857 0.041320569813251502 0.0047909989316239328 0.10872498527169229 0.0043607784900814303 0.12812129408121112
decision_type=2 2 2 2 2 2 2 2 2 2 2 2 2 2
left_child=-1 2 4 -3 -2 6 -5 8 -7 -6 11 -11 -4 -8
right_child=1 3 12 5 9 7 13 -9 -10 10 -12 -13 -14 -15
leaf_value=0.022045488954394541 -0.02015526807668943 -0.022124905569799527 0.023604094713604334 -0.0263185434320303 -0.018227239059589416 -0.0045628706817577632 0.011177462187806348 -0.0063332780138461459 0.044419574791777695 0.021997696335701616 -0.0012372948513904942 -0.01468508384348992 0.0033939473545296383 -0.013050399739279914
leaf_weight=6.4772745037917039 9.5896666999906284 13.12659546593204 14.465691419085489 8.5719321779906767 6.4969169308897099 3.7307447344064704 8.9191191582940501 8.0434104260057193 4.0695173889398575 12.967278046300633 45.868866662494838 1.8476132750511158 16.162673335988075 5.3998512448742977
leaf_count=422 65 393 326 57 43 44 106 141 40 240 412 9 168 46
internal_value=0.000254251 -0.000875843 0.00246208 -0.00767875 -0.00229722 -0.00186357 -0.0101547 0.00974289 0.0245357 0.00071754 0.00331051 0.0160419 0.0138928 0.00137736
internal_weight=165.737 159.26 107.399 51.8612 76.7703 38.7346 22.8909 15.8437 7.80026 67.1807 60.6838 14.8149 30.6284 14.319
internal_count=2512 2090 1263 827 769 434 209 225 84 704 661 249 494 152
is_linear=0
shrinkage=0.03


Tree=141
num_leaves=15
num_cat=0
split_feature=9 8 18 45 8 4 15 23 21 24 36 5 7 47
split_gain=4.6462 3.68024 4.09128 5.20733 5.18308 3.72896 4.60319 4.1585 6.97174 4.23296 3.78784 3.70023 3.70379 3.45508
threshold=0.028894335031509403 0.44455729424953466 0.033720074221491821 0.012857523281127216 0.45887072384357458 0.51526725292205822 0.56666672229766857 0.050000011920928962 0.030032753944396976 0.11183449074074076 0.0067590847611427316 0.121160876005888 0.58235296607017528 0.14113168418407443
decision_type=2 2 2 2 2 2 2 2 2 2 2 2 2 2
left_child=-1 11 -3 -4 -5 6 -6 -7 -9 -10 13 12 -2 -11
right_child=1 2 3 4 5 7 -8 8 9 10 -12 -13 -14 -15
leaf_value=0.023868239788406506 -0.0051896600682547461 0.021321695336254203 -0.013660125553539702 0.02731970705659079 0.014897658441912251 0.019702168513985676 -0.020882071815446875 -0.02330420182321178 0.023760239102237627 -0.0079421304386955629 -0.013114722259038982 -0.020007174872039478 0.017456299740753536 0.019162263853884868
leaf_weight=5.1814207737334064 50.767880373634398 7.9213549025589591 15.674377853050826 5.9982418310828498 2.7384509528055778 11.376470856834201 9.7992988280020636 6.9252387192100278 7.2786680567078319 5.2449861692730364 9.6934685935266298 11.752510446356608 5.4059040825814 9.0307298051193339
leaf_count=370 381 450 154 54 37 128 90 52 107 75 124 290 52 148
internal_value=0.000245788 -0.000788411 0.00308817 0.000871774 0.0045544 0.00152429 -0.0118864 0.00530538 0.000172861 0.00655501 0 -0.00600227 -0.00243353 0.00926737
internal_weight=164.789 159.608 91.6813 83.7599 68.0856 62.0873 12.5377 49.5496 38.1731 31.2479 23.9692 67.9263 56.1738 14.2757
internal_count=2512 2142 1419 969 815 761 127 634 506 454 347 723 433 223
is_linear=0
shrinkage=0.03


Tree=142
num_leaves=15
num_cat=0
split_feature=9 30 42 38 16 1 16 5 34 22 42 7 8 26
split_gain=4.50421 3.58013 6.19867 4.90496 4.33422 5.09246 4.84466 4.75617 7.01002 3.94619 3.73666 4.18502 3.85874 3.50216
threshold=0.028894335031509403 0.0055331184994429359 0.010755845811218025 0.033351141959428794 0.09307223573527923 0.20726758986711505 0.065436392580287953 0.081748697906732573 0.014978417522831052 0.019534729421138767 0.020656764507293705 0.51960787177085888 0.55122151970863353 0.025813541375100616
decision_type=2 2 2 2 2 2 2 2 2 2 2 2 2 2
left_child=-1 -2 -3 -4 6 -6 7 8 10 -9 11 -5 -13 -11
right_child=1 2 3 4 5 -7 -8 9 -10 13 -12 12 -14 -15
leaf_value=0.02369223131924985 -0.015891847055928589 0.0171991209864693 0.022373173819731324 -0.015648589063949572 -0.020266776360142538 0.017754333122021054 0.018133172485223916 -0.022146668079401296 0.015667313316215774 -0.010802567148475632 -0.031106964638235639 0.021473074556685744 -0.011320884370888684 0.0059720110405996714
leaf_weight=5.0797152895247555 10.943877874873577 15.776368785998782 5.2370885813143095 7.7941017588600578 18.287346737924967 2.0830274992622426 9.3191904169507307 12.24203668348491 22.53702874481678 23.385819813236594 2.7640533549711099 7.0558649820741248 3.3345258678309619 18.08155879471451
leaf_count=370 141 198 142 43 326 45 86 62 430 246 26 151 40 206
internal_value=0.000262711 -0.000753192 0.000544085 -0.00164911 -0.00299568 -0.015005 -0.000437082 -0.00257757 0.00463962 -0.00843158 -0.00742502 -0.000951134 0.010578 -0.00348088
internal_weight=163.922 158.842 147.898 132.122 126.885 20.3704 106.514 97.195 43.4856 53.7094 20.9485 18.1845 10.3904 41.4674
internal_count=2512 2142 2001 1803 1661 371 1290 1204 690 514 260 234 191 452
is_linear=0
shrinkage=0.03


Tree=143
num_leaves=15
num_cat=0
split_feature=24 46 18 25 26 33 6 38 8 42 33 28 36 40
split_gain=4.42185 4.09067 4.15426 4.04514 5.15719 3.88822 4.7902 3.75031 3.48867 3.2658 4.36793 3.65741 9.01445 3.17382
threshold=0.0028226981351981355 0.033902857452631004 0.051332747563719756 0.016664545051753524 0.02209828328341246 0.016889763996005062 0.33529412746429449 0.099798250943422331 0.46586272120475775 0.01128229917958379 0.016458860598504547 0.0061898816130225688 0.0045709654223173865 0.011322500649839641
decision_type=2 2 2 2 2 2 2 2 2 2 2 2 2 2
left_child=3 5 -3 -1 8 -2 -7 -4 -5 10 -9 -11 -13 -8
right_child=1 2 7 4 -6 6 13 9 -10 11 -12 12 -14 -15
leaf_value=0.02121564970436696 -0.03096005949565836 0.012763866226393047 0.015033131237078097 -0.022679295928225846 0.017225722774662871 -0.020157614033398396 0.01442618915061742 -0.0098712378886361956 0.007152323022787347 -0.015177819432131799 0.023029389678936994 0.026866536559010688 -0.011114159703851767 -0.0056605896720320148
leaf_weight=13.51023305923445 4.7151316668605423 20.237269021803513 7.9008886497467747 6.9700897634029406 7.5858996007591477 11.354000158142297 9.1297197972890007 4.9137097187340242 4.3649684919510037 26.954386835452169 6.0158360553905368 6.2242614389397231 15.763444308657197 17.371258435305208
leaf_count=533 51 481 83 36 67 135 117 35 103 321 25 61 311 153
internal_value=0.000261733 -0.00221062 0.00147867 0.00985364 0.000344776 -0.0096293 -0.00547681 -0.00211743 -0.0116168 -0.00484196 0.00876697 -0.00816482 0.000855924 0.00168088
internal_weight=163.011 130.58 88.0098 32.4312 18.921 42.5701 37.855 67.7725 11.3351 59.8716 10.9295 48.9421 21.9877 26.501
internal_count=2512 1773 1317 739 206 456 405 836 139 753 60 693 372 270
is_linear=0
shrinkage=0.03


Tree=144
num_leaves=15
num_cat=0
split_feature=9 14 24 10 16 43 43 19 40 11 11 1 15 31
split_gain=4.30329 3.52441 3.53066 5.22966 3.5407 5.03171 3.54901 4.72746 4.41236 4.18189 8.50571 3.45838 4.39542 3.34478
threshold=0.028894335031509403 0.56552612781524669 0.0028226981351981355 0.47254902124404913 0.0073728760619690163 0.021356397308409217 0.041671706363558776 0.4169947504997254 0.0047255773097276696 0.42156863212585455 0.53921571373939525 0.075318153947591795 0.46200785040855413 0.73268219828605663
decision_type=2 2 2 2 2 2 2 2 2 2 2 2 2 2
left_child=-1 2 13 4 5 -4 8 9 -6 -8 -11 12 -7 -2
right_child=1 -3 3 -5 6 11 7 -9 -10 10 -12 -13 -14 -15
leaf_value=0.023439475428923509 -0.009851351958816321 0.011504203618930732 0.022810269075679006 -0.024302470960172556 0.012344056697582186 -0.018518661207706434 0.025079814089608816 -0.015223782565408557 -0.019795769052934595 -0.021682813069114883 0.015676888935839153 -0.01319473053125223 0.01152967894579234 0.01229139696999007
leaf_weight=4.9164271014160468 6.4654862377792623 16.69244875095319 7.9212618679739526 9.1644854882033524 3.044708237983289 3.5890589393675354 5.8191526746377376 11.382056643720714 22.369734743610024 7.8879927466623512 10.301935975905506 12.005171007476745 18.878438045270741 21.703067316440865
leaf_count=370 42 431 72 94 29 13 29 221 215 71 158 138 254 375
internal_value=0.000263202 -0.000727995 -0.00234302 -0.00473842 -0.00254354 0.00395847 -0.00710624 -0.000699793 -0.0152163 0.00671148 -0.000918449 -0.00130439 0.00548564 0.00679341
internal_weight=162.141 157.225 140.533 112.364 103.2 42.3939 60.8056 35.3911 25.4144 24.0091 18.1899 34.4727 22.4675 28.1686
internal_count=2512 2142 1711 1294 1200 477 723 479 244 258 229 405 267 417
is_linear=0
shrinkage=0.03


Tree=145
num_leaves=15
num_cat=0
split_feature=9 34 5 5 32 34 27 26 29 45 36 25 23 22
split_gain=4.19447 3.66945 4.53737 6.16014 5.00033 4.88435 7.52222 3.84727 4.86289 3.44815 3.42899 6.12979 6.79413 3.63834
threshold=0.034199051558971412 0.0027213410010111226 0.081748697906732573 0.056617416441440589 0.008778443560004236 0.029272508528265111 0.052804255858063705 0.0088282758370041865 0.0051635541021823892 0.04893689043819905 0.0093605942092835921 0.03203695826232434 0.033431015908718116 0.035349013283848769
decision_type=2 2 2 2 2 2 2 2 2 2 2 2 2 2
left_child=-1 7 3 -3 -4 -6 -7 8 -2 10 11 12 -8 -13
right_child=1 2 4 -5 5 6 9 -9 -10 -11 -12 13 -14 -15
leaf_value=0.017784782107837963 -0.017601605745898752 -0.004308927292815133 0.017638901603230509 0.016276957713448007 -0.017311757146729417 0.025071160145084138 0.015980778832780634 -0.023502985572494459 0.017969768792065213 0.013574094020369708 -0.023447834437613748 0.021558498268603486 -0.022023373307436301 -0.0082436828833412565
leaf_weight=9.4559257827931997 4.5414803716121259 21.007689212448895 7.0569736761972299 29.248799599939957 21.559483914868906 6.5756822274997822 3.8981134458445039 10.342334332875906 5.3247976014390588 5.5011762781068674 8.6243225978687388 8.4690606975927931 15.51035220408812 4.1863036183640352
leaf_count=520 49 417 59 448 245 54 23 66 55 99 101 80 170 126
internal_value=0.000260652 -0.00102814 0.000841238 0.00777888 -0.00349089 -0.00594607 -0.00078471 -0.0123194 0.00113636 -0.00541566 -0.00856909 -0.0033373 -0.0134704 0.0117158
internal_weight=161.302 151.847 131.638 50.2565 81.3815 74.3245 52.765 20.2086 9.86628 46.1893 40.6882 32.0638 19.4085 12.6554
internal_count=2512 1992 1822 865 957 898 653 170 104 599 500 399 193 206
is_linear=0
shrinkage=0.03


Tree=146
num_leaves=15
num_cat=0
split_feature=19 18 47 36 28 42 10 10 14 44 20 5 22 22
split_gain=4.09232 3.65585 4.17865 3.35387 4.66147 5.31811 3.35352 3.9728 3.5594 4.05742 3.12393 2.64762 2.58584 2.4753
threshold=0.069811157882213606 0.11622400209307672 0.14113168418407443 0.0049454607069492349 0.00033227767602767608 0.011533833574503662 0.50607842206954967 0.47254902124404913 0.33322708308696752 0.13180237263441089 0.0056997292686545029 0.17435132712125781 0.01827744580805302 0.033570017665624625
decision_type=2 2 2 2 2 2 2 2 2 2 2 2 2 2
left_child=-1 2 6 4 5 -4 7 8 12 13 -8 -3 -2 -10
right_child=1 11 3 -5 -6 -7 10 -9 9 -11 -12 -13 -14 -15
leaf_value=0.021235406411349331 -0.00035931995041764685 -0.023332269451841779 0.014379060848582819 -0.0057773548761848176 0.019593592105876214 -0.011747925976050927 0.020840580980205959 -0.022420533935556982 0.0092969500334002132 -0.017627570957333357 -0.010797799284630465 0.008402050225605277 -0.020135423653843777 -0.010339672427264752
leaf_weight=5.9766581027652128 10.711244348436596 8.0397649011574668 11.467217483092101 13.806250495836137 22.105354295112193 12.605665951035915 6.7566019507357833 9.3324159448966366 31.744306816253811 5.7717741322703651 2.5117082484066486 1.8072381112724532 12.580807742662726 5.1068123606964937
leaf_count=422 47 264 197 150 227 124 255 124 357 51 20 105 123 46
internal_value=0.000264633 -0.00078947 0.000497136 0.00645406 0.0102613 0.000731015 -0.00374754 -0.00592897 -0.00295839 0.00217914 0.0116057 -0.0168196 -0.0119072 0.00610631
internal_weight=160.324 154.347 144.5 59.9845 46.1782 24.0729 84.5157 75.2474 65.9149 42.6229 9.26831 9.847 23.2921 36.8511
internal_count=2512 2090 1721 698 548 321 1023 748 624 454 275 369 170 403
is_linear=0
shrinkage=0.03


Tree=147
num_leaves=15
num_cat=0
split_feature=9 33 42 34 5 18 34 27 31 18 9 44 39 45
split_gain=4.02369 3.41673 5.43098 5.57448 7.15392 4.73699 4.28128 8.66688 4.05869 3.9962 5.33357 5.3738 3.40976 3.30257
threshold=0.028894335031509403 0.015880407765507702 0.01128229917958379 0.0024393195779914534 0.081748697906732573 0.034081138670444495 0.029778736697255528 0.052804255858063705 0.82545971870422374 0.046965908259153373 0.062032889574766166 0.050642302259802825 0.016997678205370906 0.04893689043819905
decision_type=2 2 2 2 2 2 2 2 2 2 2 2 2 2
left_child=-1 5 -3 -4 8 -2 -6 -8 12 -10 -11 -12 -5 -9
right_child=1 2 3 4 6 -7 7 13 9 10 11 -13 -14 -15
leaf_value=0.023030192952228114 0.016050883044797435 0.016054622537155536 -0.024686928352433333 -0.023354960799652366 -0.014765928358886465 -0.021854894557526604 0.027439940037235221 -0.0083024139037562519 0.027607876639927389 -0.016378863556183863 -0.013441485820565294 0.023503048561372614 0.0071851685004554995 0.013383551867712092
leaf_weight=4.6960508141200981 2.1655533309094599 16.18727681459859 6.6721920045092693 3.5790084416512382 25.27563795610331 11.130459457403047 6.6972385086119166 39.765478713437915 11.800935766892509 5.2108862828463343 3.2235610466450444 11.47053273161873 6.1958561991341412 5.5093511026352635
leaf_count=370 102 169 56 47 293 105 51 496 437 34 18 132 103 99
internal_value=0.000244722 -0.000711795 0.000713394 -0.00146432 0.000203222 -0.0141935 -0.00514022 -2.96597e-05 0.0100018 0.0150209 0.00558229 0.0145792 -0.00580974 -0.0051455
internal_weight=159.58 154.884 141.588 125.401 118.728 13.296 77.2477 51.9721 41.4808 31.7059 19.905 14.6941 9.77486 45.2748
internal_count=2512 2142 1935 1766 1710 207 939 646 771 621 184 150 150 595
is_linear=0
shrinkage=0.03


Tree=148
num_leaves=15
num_cat=0
split_feature=9 30 42 38 22 25 19 14 4 45 28 14 21 9
split_gain=3.90597 3.32973 5.36136 4.41083 3.77711 3.47864 5.06573 4.21107 5.1108 4.21377 4.16417 3.07186 3.0568 2.5025
threshold=0.028894335031509403 0.0055331184994429359 0.010755845811218025 0.033351141959428794 0.035349013283848769 0.032485084608197219 0.17358972132205966 0.43361255526542669 0.56413814425468456 0.015839487314224247 0.010431895711500976 0.25192864239215856 -0.0077138370834290973 0.10598051920533182
decision_type=2 2 2 2 2 2 2 2 2 2 2 2 2 2
left_child=-1 -2 -3 -4 5 7 -7 -5 -9 -10 -11 -8 -6 -14
right_child=1 2 3 4 12 6 11 8 9 10 -12 -13 13 -15
leaf_value=0.022856271362599753 -0.015379799557756214 0.016293742136312694 0.021722998349217353 -0.0069663119963682216 0.01400476012650494 -0.008654257483536246 -0.00061998997401386483 0.025219569974689045 -0.021038077679059346 0.019802796869200064 -0.013434662175268154 0.031076821363859482 0 -0.021742204512270852
leaf_weight=4.6064088298007837 10.769163948833009 15.287008977378717 4.9731299309059969 58.378141391091049 1.8171675205230737 5.9740707958117154 3.497853893786667 7.388225136324766 4.957967276684939 7.059851036872713 3.5842778659425676 7.5712535092607141 6.5244632507674423 16.233774531865492
leaf_count=370 141 198 142 418 9 45 39 204 68 233 45 56 84 460
internal_value=0.000251266 -0.00068992 0.000590362 -0.00148447 -0.00277948 -3.79922e-05 0.0115015 -0.00270895 0.00767386 -0.00238578 0.00801854 0.022269 -0.0128158 -0.0160368
internal_weight=158.623 154.016 143.247 127.96 122.987 98.4116 17.0432 81.3685 22.9903 15.6021 10.6441 11.0691 24.5754 22.7582
internal_count=2512 2142 2001 1803 1661 1108 140 968 550 346 278 95 553 544
is_linear=0
shrinkage=0.03


Tree=149
num_leaves=15
num_cat=0
split_feature=19 18 41 31 34 28 20 22 31 22 43 40 15 26
split_gain=3.79855 3.36457 4.1209 4.39495 5.41379 4.71111 3.3479 3.20928 4.46193 4.32124 6.62056 5.26751 3.54672 2.97646
threshold=0.069811157882213606 0.11622400209307672 0.13215573132038119 0.76327523589134227 0.028811764407467536 0.00022896537842190021 0.0064742476851851862 0.016056254506111148 1.1863328814506533 0.020182741805911068 0.079626090824604048 0.049032576382160194 0.46200785040855413 0.0065170614980161199
decision_type=2 2 2 2 2 2 2 2 2 2 2 2 2 2
left_child=-1 2 3 -2 5 6 13 12 9 -9 11 -11 -4 -5
right_child=1 -3 7 4 -6 -7 -8 8 -10 10 -12 -13 -14 -15
leaf_value=0.020805127646812232 -0.015939504717157927 -0.016366650520302922 0.00017960952738760199 -0.014101339565469989 0.010224904697579336 -0.016374226293659467 -0.014416486670816919 -0.0107892991815546 -0.013626092906891389 -0.0036062570174880473 -0.0022242844573134948 0.035239673097732918 0.026812945451179005 0.018946300555090386
leaf_weight=5.7267254181206217 18.745597112458199 9.4966997620649618 7.7484774924814728 1.4396202929783601 25.199866387294605 19.898599671665579 3.8571417678613207 7.8025080517400047 10.831528070382772 3.5934766707941916 13.930154762696473 10.126126872841267 9.653513096040113 9.6670794402016309
leaf_count=422 168 369 37 28 285 204 28 66 109 32 173 108 235 248
internal_value=0.000268559 -0.000745904 0.000486529 -0.00403458 2.6566e-05 -0.00741859 0.00484002 0.00607934 0.00163844 0.00686084 0.0123345 0.0257099 0.0163497 0.0129357
internal_weight=157.717 151.99 142.494 78.8079 60.0623 34.8624 14.9638 63.6858 46.2838 35.4523 27.6498 13.7196 17.402 11.1067
internal_count=2512 2090 1721 961 793 508 304 760 488 379 313 140 272 276
is_linear=0
shrinkage=0.03


Tree=150
num_leaves=15
num_cat=0
split_feature=9 14 38 10 22 0 42 16 5 11 10 30 14 39
split_gain=3.75214 3.22813 3.23869 3.285 3.44276 4.59981 2.91988 3.19013 2.70806 2.65091 6.22622 2.68109 3.4627 6.39439
threshold=0.028894335031509403 0.56552612781524669 0.029237973503768448 0.47254902124404913 0.035349013283848769 0.53374430537223827 0.020277863368391994 0.0018009793931159422 0.12555607408285144 0.3254902064800263 0.20980392396450046 0.016617307439446453 0.37908589839935308 0.017914147116243843
decision_type=2 2 2 2 2 2 2 2 2 2 2 2 2 2
left_child=-1 2 -2 4 5 8 7 -6 9 -4 -11 12 13 -12
right_child=1 -3 3 -5 6 -7 -8 -9 -10 10 11 -13 -14 -15
leaf_value=0.022644999286525167 0.018823564813658735 0.011264456393644899 -0.016244240637247862 -0.018180541738646465 0.020734468285830782 0.01019999119729639 -0.020154947256340591 -0.012367720318436115 -0.016766982324965488 0.023467040831292845 -0.0065568200388294706 -0.016450210715733968 -0.0086075869604587563 0.02305355050212787
leaf_weight=4.4751139750005668 4.2837056110147378 16.026002163416706 6.8493650904856613 10.054462833562864 2.7648785081692067 29.528176818974316 12.70193638699129 3.8132773970719427 9.6435423921793682 7.6393859121017149 11.872824139893057 8.3567092907614988 18.201086746994406 10.778632546775041
leaf_count=370 105 431 44 177 37 314 378 82 105 54 71 50 220 74
internal_value=0.000261565 -0.000660413 -0.00222471 -0.00319944 -0.00166912 0.000564465 -0.0126605 0.00278617 -0.00344288 -0.000930999 0.00135239 -0.0028046 0.000554194 0.00813872
internal_weight=156.989 152.514 136.488 132.204 122.15 102.87 19.2801 6.57816 73.3415 63.698 56.8486 49.2093 40.8525 22.6515
internal_count=2512 2142 1711 1606 1429 932 497 119 618 513 469 415 365 145
is_linear=0
shrinkage=0.03


Tree=151
num_leaves=15
num_cat=0
split_feature=24 47 16 21 31 41 31 10 4 30 5 24 18 25
split_gain=3.65657 3.20531 4.14221 5.4258 3.99518 4.68692 3.51683 3.43722 3.23924 3.17136 5.02521 2.96652 3.7162 2.82836
threshold=0.001496362433862434 0.14113168418407443 0.00057891975518146457 0.080956026911735549 1.2914500236511233 0.25881896913051611 0.70477527379989635 0.50607842206954967 0.42948967218399053 0.011577300261706116 0.12812129408121112 0.74344709831764166 0.075556103140115752 0.016664545051753524
decision_type=2 2 2 2 2 2 2 2 2 2 2 2 2 2
left_child=13 7 6 4 5 8 -3 9 -4 -2 -11 -5 -13 -1
right_child=1 2 3 11 -6 -7 -8 -9 -10 10 -12 12 -14 -15
leaf_value=0.019717667584451995 -0.017555924083625524 -0.014043883581150642 -0.014730239522957692 -0.026506709361067405 -0.016482678388213979 0.030854531963527904 0.018434132137930954 0.0097843732228490698 0.010416787987895769 0.0046732987015471088 -0.018212677488048466 0.0090385199258772222 -0.020956089886834294 0.0007392809378497224
leaf_weight=11.83919452346163 22.113481866428629 1.9432237157598162 4.9101392612792649 7.2234724131412831 3.7520646369084707 5.7203485360369077 16.925052428618073 8.2936294024111685 11.795135690364985 23.870620830217376 10.961047169286756 7.5388182625174505 4.0871560424566269 15.482475883793084
leaf_count=501 236 25 90 106 60 75 373 260 146 217 136 29 77 181
internal_value=0.000258741 -0.00186681 0.00283737 -0.00213746 0.00647006 0.0114683 0.0139201 -0.00646609 0.00208032 -0.00913542 -0.00304505 -0.0137092 -0.0028142 0.00984941
internal_weight=156.456 129.134 63.8954 45.0271 26.1777 22.4256 18.8683 65.2388 16.7053 56.9451 34.8317 18.8494 11.626 27.3217
internal_count=2512 1830 981 583 371 311 398 849 236 589 353 212 106 682
is_linear=0
shrinkage=0.03


Tree=152
num_leaves=15
num_cat=0
split_feature=9 26 45 1 5 5 26 22 3 18 3 0 29 29
split_gain=3.60504 4.12057 3.38317 4.88354 4.81227 3.3973 2.92386 2.82069 4.1465 5.47917 3.48626 4.17445 3.44893 3.31642
threshold=0.042747821658849723 0.01228701137006283 0.01255497243255377 0.072002846747636809 0.056617416441440589 0.048821458593010909 0.012435592710971834 0.035349013283848769 0.63333335518836986 0.079467181116342558 0.50784316658973705 0.46375052630901342 0.017217255197465423 0.021775905974209312
decision_type=2 2 2 2 2 2 2 2 2 2 2 2 2 2
left_child=1 -1 -2 4 5 -4 -3 8 10 12 -5 -12 -10 -14
right_child=2 6 3 7 -6 -7 -8 -9 9 -11 11 -13 13 -15
leaf_value=0.019666085486912812 -0.010830413532125426 -0.028173836824571658 0.014527647613350672 0.01161243232147257 0.01817910936426247 -0.014048572306160021 0.010241968854556039 -0.012826197256701651 0.016855028651974639 0.030838385124116664 -0.024347363617623945 -0.0012405789580754573 -0.018887019110769097 0.005679355960387344
leaf_weight=13.435262831393631 25.566610082052648 1.7192804350052022 3.8273087949492028 5.6343742436729363 21.389130259631202 8.5559907781425846 1.7929681122768668 18.453950171126053 6.2475241506472292 5.327276960015296 10.682187084574254 16.986220415681601 7.5859240754507509 8.5129528902471048
leaf_count=625 234 6 99 50 357 127 79 480 69 40 95 116 56 79
internal_value=0.000242301 0.0125406 -0.00139517 0.000860747 0.0101071 -0.00421597 -0.011418 -0.00318546 0 0.00831144 -0.00690252 -0.0113027 0.000725755 -0.00653868
internal_weight=155.717 16.9475 138.769 113.203 33.7724 12.3833 3.51225 79.4304 60.9765 27.6737 33.3028 27.6684 22.3464 16.0989
internal_count=2512 710 1802 1568 583 226 85 985 505 244 261 211 204 135
is_linear=0
shrinkage=0.03


Tree=153
num_leaves=15
num_cat=0
split_feature=19 18 41 38 6 44 39 5 46 22 22 23 40 15
split_gain=3.52317 3.05437 3.76313 5.05403 4.35211 4.96158 5.61672 4.23283 3.64132 2.97708 3.7816 3.80858 4.92253 3.40636
threshold=0.069811157882213606 0.11622400209307672 0.13215573132038119 0.1306710168719292 0.27078439295291906 0.051637910306453712 0.013511304743587972 0.081748697906732573 0.0047393918503075847 0.016056254506111148 0.020182741805911068 0.10294117033481599 0.051149675622582443 0.46200785040855413
decision_type=2 2 2 2 2 2 2 2 2 2 2 2 2 2
left_child=-1 2 3 4 -2 6 -6 -7 -8 13 -11 12 -12 -4
right_child=1 -3 9 -5 5 7 8 -9 -10 10 11 -13 -14 -15
leaf_value=0.020347029009953919 -0.018170811996277285 -0.015871884295265818 0 -0.022549142473050125 -0.029163926457764083 0.01795945152760078 -0.015838401468325262 -0.00054636620398631293 0.014224616532311133 -0.013020896982668661 -0.0047399600014053928 -0.0013722285350867562 0.029773387583492999 0.026342818800917996
leaf_weight=5.4842403054935849 8.9958755727857334 9.1273439545184356 7.5905359871685532 9.2507960228249413 6.2572402582736713 18.233781770861242 3.9092068630270642 23.784706088714302 7.3722823227290064 10.10765224858187 4.8533176523633292 22.382009569555521 8.2917864141054434 9.2842699021566641
leaf_count=422 73 369 37 97 66 440 36 165 84 89 50 255 94 235
internal_value=0.00024281 -0.000734142 0.0004387 -0.00390067 -0.000773787 0.00231022 -0.0102918 0.00786714 0.00276511 0.00583978 0.00154985 0.00624826 0.0178894 0.0158886
internal_weight=154.925 149.441 140.313 77.8039 68.5531 59.5572 17.5387 42.0185 11.2815 62.5096 45.6348 35.5271 13.1451 16.8748
internal_count=2512 2090 1721 961 864 791 186 605 120 760 488 399 144 272
is_linear=0
shrinkage=0.03


Tree=154
num_leaves=15
num_cat=0
split_feature=9 8 8 18 44 18 45 8 11 11 22 37 7 4
split_gain=3.44251 3.12009 3.44355 3.72246 3.4497 4.37137 4.2499 3.01143 4.62647 4.48124 2.88264 2.71592 6.24191 2.63058
threshold=0.028894335031509403 0.44455729424953466 0.45527744293212896 0.033720074221491821 0.05968075059354306 0.0517016388475895 0.016874482855200771 0.33701570332050329 0.3254902064800263 0.42156863212585455 0.065773166716098799 0.022027873434126381 0.50784316658973705 0.51526725292205822
decision_type=2 2 2 2 2 2 2 2 2 2 2 2 2 2
left_child=-1 7 -3 -4 6 -6 -5 8 -2 -10 -7 12 -9 -8
right_child=1 2 3 4 5 10 13 11 9 -11 -12 -13 -14 -15
leaf_value=0.022128808925309291 -0.014624870496025209 0.022616531647138949 0.019824913613103609 -0.022352665867910813 0.018340571286937921 -0.0040200511517264276 -0.012418614525257384 0.024096409509353187 0.019982830270655279 -0.012578966567679518 0.019870263038663447 -0.014956427822719554 -0.014216178347141905 0.014731871847458215
leaf_weight=4.2131928786402559 7.0365253724157837 5.4167343541048458 6.6324549982091403 10.735959893558176 10.880292759044094 40.3506252435036 3.5794852599501592 4.480132832657544 12.012265822384505 3.556725579313933 3.0822457312606266 29.204632885754108 7.3299461496062577 5.5873890733346343
leaf_count=370 53 60 438 70 281 410 29 34 98 99 48 371 68 83
internal_value=0.000229918 -0.000649178 0.00302099 0.00115763 -0.0009477 0.00296495 -0.0110577 -0.00561182 0.00292409 0.0117882 -0.00145855 -0.0103034 0.00148527 0.00353608
internal_weight=154.099 149.885 86.2652 80.8485 74.216 54.3132 19.9028 63.6202 22.6055 15.569 43.4329 41.0147 11.8101 9.16687
internal_count=2512 2142 1419 1359 921 739 182 723 250 197 458 473 102 112
is_linear=0
shrinkage=0.03


Tree=155
num_leaves=15
num_cat=0
split_feature=9 30 42 41 22 8 41 0 10 16 29 21 20 29
split_gain=3.33933 3.05515 4.90549 3.73234 3.32389 3.30753 4.26288 4.08068 2.95847 4.98634 3.71441 2.86895 2.8464 2.92451
threshold=0.028894335031509403 0.0055331184994429359 0.010755845811218025 0.025975769385695461 0.035349013283848769 0.44455729424953466 0.13215573132038119 0.58953168988227855 0.28039216995239263 0.099795439539709499 0.012176573742181064 -0.0077138370834290973 0.00077164727831431092 0.014861684758216144
decision_type=2 2 2 2 2 2 2 2 2 2 2 2 2 2
left_child=-1 -2 -3 -4 5 8 12 -8 9 10 -5 -6 13 -7
right_child=1 2 3 4 11 6 7 -9 -10 -11 -12 -13 -14 -15
leaf_value=0.021957272499614267 -0.014780339438315478 0.015889821445293023 0.024930622112112517 -0.00045043840692251272 0.013856820019778298 0.019753696869042329 0.031983017798360845 0.0017198802181063095 -0.01489830283171934 -0.014100740971351937 0.026725140918702411 -0.015315243291617863 -0.0067594435368425482 -0.0039710496344100869
leaf_weight=4.1355262860888606 10.583249276038257 14.768946689204311 2.6692114826291791 10.73291011806578 1.7969561666250253 7.9402592704864201 6.6847980245947829 8.3146285710390639 17.033078927081078 10.468676328193395 5.497066067531704 21.615698083536699 23.630174236372113 7.4537702342495322
leaf_count=370 141 198 77 60 9 306 65 130 124 130 46 545 176 135
internal_value=0.000250137 -0.000614242 0.000640924 -0.00137748 -0.00237679 0.000103477 0.00501709 0.0175598 -0.00585487 0.000446264 0.0105115 -0.0120439 -0.000351749 0.00895799
internal_weight=153.325 149.189 138.606 123.837 121.168 97.7554 54.0236 14.9994 43.7317 26.6987 16.23 23.4127 39.0242 15.394
internal_count=2512 2142 2001 1803 1726 1172 812 195 360 236 106 554 617 441
is_linear=0
shrinkage=0.03


Tree=156
num_leaves=15
num_cat=0
split_feature=9 34 34 5 5 32 34 33 34 36 3 8 24 33
split_gain=3.24238 5.43036 4.19867 3.70349 4.96872 4.48557 4.24747 6.2092 3.97633 7.27946 3.66391 3.20121 4.19951 3.47494
threshold=0.042747821658849723 0.0027213410010111226 0.0064985169151835828 0.081748697906732573 0.056617416441440589 0.008778443560004236 0.029272508528265111 0.04683960601687432 0.068394986391838927 0.0064589525572955617 0.5627451241016389 0.54508233070373546 0.10688837248735973 0.10956125333905221
decision_type=2 2 2 2 2 2 2 2 2 2 2 2 2 2
left_child=2 -2 -1 4 -3 -5 -7 -8 -9 -10 -4 13 -13 -11
right_child=1 3 10 5 -6 6 7 8 9 11 -12 12 -14 -15
leaf_value=0.021305176831566755 -0.016335054944077287 -0.0054798837293705315 -0.023623223158136569 0.017566703593474474 0.015144817007944199 -0.01613182861060633 0.021283985992805877 -0.01521433126372531 0.030351720769507033 -0.020727714342359749 0.015037168734272972 0.02673665129192946 -0.0098163599115556367 0.012935101760642964
leaf_weight=11.27794968331 16.68345350632444 14.73447804758325 3.095155543414875 6.6794695109128943 27.601215925300494 20.353981700260192 7.7629481684416524 17.744365472812206 4.5298915952444103 10.617537498939784 2.0207698142621666 3.3434430961497119 4.2503346651792526 1.9492718996480096
leaf_count=521 123 275 37 59 447 245 69 210 64 191 152 29 60 30
internal_value=0.000277438 -0.00128088 0.0121228 0.00102917 0.00797556 -0.00284596 -0.00525085 -0.000332345 -0.00513431 0.00259475 -0.00799657 -0.00568298 0.00818345 -0.0142412
internal_weight=152.644 136.25 16.3939 119.567 42.3357 77.2312 70.5518 50.1978 42.4348 24.6905 5.11593 20.1606 7.59378 12.5668
internal_count=2512 1802 710 1679 722 957 898 653 584 374 189 310 89 221
is_linear=0
shrinkage=0.03


Tree=157
num_leaves=15
num_cat=0
split_feature=19 18 41 38 6 44 39 45 36 22 31 22 23 15
split_gain=3.19743 2.80402 3.51541 4.7373 4.01962 4.64989 5.24667 4.02193 3.35303 2.81849 4.03431 4.04574 5.00263 3.26032
threshold=0.069811157882213606 0.11622400209307672 0.13215573132038119 0.1306710168719292 0.27078439295291906 0.051637910306453712 0.021404497325420383 0.021913480013608936 0.0033647828968241815 0.016056254506111148 1.1863328814506533 0.022478938102722171 0.12058824300765993 0.46200785040855413
decision_type=2 2 2 2 2 2 2 2 2 2 2 2 2 2
left_child=-1 2 3 4 -2 6 -6 -7 -9 13 11 -11 -13 -4
right_child=1 -3 9 -5 5 7 -8 8 -10 10 -12 12 -14 -15
leaf_value=0.019814790923237968 -0.017623112939563312 -0.015380463622879679 0 -0.021975137980281535 -0.020809621981220997 0.017047524767341993 0.010465334904893219 -0.018203454329602149 0.0056731485190175948 -0.0053478158988987806 -0.013204198371182287 0.025972638834460209 -0.0021256979133919486 0.026025020889089708
leaf_weight=5.207673014374449 8.7411725209094566 8.7858745749108476 7.4485472273081568 9.0419584270566684 11.362483661971057 19.217955913860351 5.8805829186458132 5.3679539021104601 16.709386214846745 13.94270985201001 10.436099320184438 11.658299671486022 8.9912785654887539 9.0032872068695706
leaf_count=422 73 369 37 97 126 361 60 46 198 120 109 116 143 235
internal_value=0.000291114 -0.000639667 0.000485295 -0.00375126 -0.000695092 0.00228181 -0.0100086 0.00770829 -0.00103754 0.0057443 0.00155035 0.00656202 0.0144982 0.0156482
internal_weight=151.795 146.588 137.802 76.3215 67.2795 58.5384 17.2431 41.2953 22.0773 61.4802 45.0284 34.5923 20.6496 16.4518
internal_count=2512 2090 1721 961 864 791 186 605 244 760 488 379 259 272
is_linear=0
shrinkage=0.03


Tree=158
num_leaves=15
num_cat=0
split_feature=24 47 4 36 10 30 9 23 41 1 31 32 8 6
split_gain=3.17071 2.9468 3.83268 5.55993 3.05633 2.93093 4.84801 2.76325 5.13631 5.02182 5.09038 2.70908 3.47091 3.77086
threshold=0.001496362433862434 0.14113168418407443 0.48478592932224279 0.006593789206817747 0.50607842206954967 0.011577300261706116 0.12357623130083085 0.11960784345865251 0.21638033539056781 0.035369435325264938 1.3184894919395449 0.011852525640279056 0.50578656792640697 0.45686274766922003
decision_type=2 2 2 2 2 2 2 2 2 2 2 2 2 2
left_child=-1 4 7 -4 5 -2 11 8 -3 -10 -11 -7 -13 -14
right_child=1 2 3 -5 -6 6 -8 -9 9 10 -12 12 13 -15
leaf_value=0.0094117288477468201 -0.016924127583383582 -0.015716482855436562 0.018448916691540036 -0.0088676969437433296 0.009404942657700895 0.022154132861725163 -0.016616822666231625 -0.015716368106327656 -0.014687144194501744 0.031538102167668391 -0.0053251337797859642 -0.011411238216875844 0.026811426919802313 -0.00886058280264896
leaf_weight=26.095296729472466 21.511731977341697 7.7011464508250382 20.488874120404947 7.9728597826324394 7.9456697497516862 4.4599202317185727 12.149027476552872 9.9060785521287453 3.3916478138416997 8.1303766951896232 4.100664548110216 9.7534101950004715 4.3856560848653308 3.0967922417912632
leaf_count=682 236 119 393 131 260 48 153 215 19 76 28 77 25 50
internal_value=0.000278702 -0.0017226 0.00286833 0.0106185 -0.00619348 -0.0087346 -0.00279178 -0.0039106 0.0018303 0.0114522 0.0199568 0.00557234 -0.000419683 0.0129764
internal_weight=151.089 124.994 61.6916 28.4617 63.3022 55.3565 33.8448 33.2299 23.3238 15.6227 12.231 21.6958 17.2359 7.48245
internal_count=2512 1830 981 524 849 589 353 457 242 123 104 200 152 75
is_linear=0
shrinkage=0.03


Tree=159
num_leaves=15
num_cat=0
split_feature=19 18 41 38 6 44 39 45 46 8 40 22 31 22
split_gain=3.06053 2.65256 3.30333 4.47351 3.83938 4.41373 5.05997 3.83913 3.39567 3.25586 2.82896 2.68802 3.80612 3.89024
threshold=0.069811157882213606 0.11622400209307672 0.13215573132038119 0.1306710168719292 0.27078439295291906 0.051637910306453712 0.013511304743587972 0.021913480013608936 0.0047393918503075847 0.50797918438911449 0.003395257750526071 0.016056254506111148 1.1863328814506533 0.020182741805911068
decision_type=2 2 2 2 2 2 2 2 2 2 2 2 2 2
left_child=-1 2 3 4 -2 6 -6 -7 -8 -9 -11 -4 13 -13
right_child=1 -3 11 -5 5 7 8 9 -10 10 -12 12 -14 -15
leaf_value=0.019534815199842574 -0.017334901290250466 -0.015104535814964229 0.015319725234837675 -0.021464241750626029 -0.027724372753877229 0.016701114364892612 -0.015341296374615863 -0.013403820397442291 0.013952648972266304 -0.013278346687985743 0.014833692009456834 -0.010578672688710898 -0.012933770803241644 0.011612493660283793
leaf_weight=5.0891790911555281 8.6177521888166648 8.6033375868573767 16.205916351405904 8.9385390193201584 6.1707511262502548 19.051499307213817 3.8054034011438471 9.0380290877074021 7.2006147429347038 2.5249013104476026 10.364860789617522 7.5727719373535356 10.314745141193269 26.901751737110317
leaf_count=422 73 369 272 97 66 361 36 65 84 25 154 66 109 313
internal_value=0.00027045 -0.000639934 0.000453395 -0.00366864 -0.000687922 0.00222333 -0.00976277 0.0075377 0.00279183 -0.00102886 0.00808162 0.00557166 0.00147637 0.0063429
internal_weight=150.4 145.311 136.708 75.7124 66.7738 58.1561 17.1768 40.9793 11.006 21.9278 12.8898 60.9952 44.7893 34.4745
internal_count=2512 2090 1721 961 864 791 186 605 120 244 179 760 488 379
is_linear=0
shrinkage=0.03


Tree=160
num_leaves=15
num_cat=0
split_feature=9 8 8 18 44 23 18 45 22 8 11 11 37 7
split_gain=3.05172 2.88403 3.1661 3.30393 3.18361 4.33431 3.95923 3.75831 2.7271 2.68987 4.46427 4.05866 2.54594 5.72574
threshold=0.028894335031509403 0.44455729424953466 0.45527744293212896 0.033720074221491821 0.05968075059354306 0.025490209460258487 0.0517016388475895 0.023156913928687576 0.065773166716098799 0.33701570332050329 0.3254902064800263 0.42156863212585455 0.022027873434126381 0.50784316658973705
decision_type=2 2 2 2 2 2 2 2 2 2 2 2 2 2
left_child=-1 9 -3 -4 5 -5 -6 -7 -8 10 -2 -12 13 -11
right_child=1 2 3 4 6 7 8 -9 -10 12 11 -13 -14 -15
leaf_value=0.021433454222514997 -0.014607144840509841 0.021890880194465164 0.019220828644543234 0.015356543971614064 0.017826276640313988 -0.023808624000427218 -0.0038035067530155192 0.0063563660867713067 0.019582223867589812 0.023515450737765727 0.019446105549853071 -0.012041582173748722 -0.014474357463047567 -0.013588014103884417
leaf_weight=3.8864339965512036 6.8694476070813861 5.3186298310756674 6.2051977565279222 3.0110805579461184 10.527555133216081 12.629343144129964 39.454939207527786 3.8330040392465881 3.0226222211495033 4.3368459362536651 11.695787715259938 3.3838983445893964 28.430911284871399 7.1262037474662066
leaf_count=370 53 60 438 45 281 92 410 45 48 34 98 99 371 68
internal_value=0.000239198 -0.000587591 0.00298418 0.00115804 -0.000822724 -0.0106306 0.00298153 -0.0166949 -0.00126626 -0.00542767 0.00275341 0.0116219 -0.00991697 0.00163461
internal_weight=149.732 145.845 84.0024 78.6837 72.4785 19.4734 53.0051 16.4623 42.4776 61.8431 21.9491 15.0797 39.894 11.463
internal_count=2512 2142 1419 1359 921 182 739 137 458 723 250 197 473 102
is_linear=0
shrinkage=0.03


Tree=161
num_leaves=15
num_cat=0
split_feature=9 33 42 34 5 20 31 34 27 18 9 44 39 45
split_gain=2.95916 2.79922 4.40203 4.86398 5.317 3.91023 3.86111 3.55389 7.34159 3.39302 4.58757 4.60799 2.95451 2.9435
threshold=0.028894335031509403 0.015880407765507702 0.01128229917958379 0.0024393195779914534 0.081748697906732573 0.0016228971048513304 0.82545971870422374 0.029778736697255528 0.052161002531647689 0.046965908259153373 0.062032889574766166 0.050642302259802825 0.016997678205370906 0.04893689043819905
decision_type=2 2 2 2 2 2 2 2 2 2 2 2 2 2
left_child=-1 5 -3 -4 6 -2 12 -6 -9 -8 -11 -12 -5 -10
right_child=1 2 3 4 7 -7 9 8 13 10 11 -13 -14 -15
leaf_value=0.021264418257906152 0.0075164655956588755 0.01505597313148079 -0.023380768478722211 -0.022748818186827433 -0.013416988215478926 -0.023297189843878234 0.02679461369840656 0.027172474047346466 -0.007373515593864172 -0.015305485373657906 -0.01280336985055462 0.022315569594118869 0.0061372327627595615 0.013432301504399179
leaf_weight=3.8167630888638078 4.3624319180962621 15.068803538568316 6.3027536491863421 3.4622452624607813 23.533888272708282 8.3848295109346491 10.310914700385185 5.8319040834903708 37.890550534473732 4.9337211893871453 2.9518924839794627 10.981451016385106 5.9055072693154216 5.2622712375596157
leaf_count=370 139 169 56 47 293 68 437 46 501 34 18 132 103 99
internal_value=0.000267327 -0.00054574 0.000801799 -0.00122477 0.000397365 -0.0129593 0.00915727 -0.00433932 0.000318284 0.014338 0.00547099 0.0140139 -0.00639895 -0.00428732
internal_weight=149 145.183 132.436 117.367 111.064 12.7473 38.5457 72.5186 48.9847 29.178 18.8671 13.9333 9.36775 43.1528
internal_count=2512 2142 1935 1766 1710 207 771 939 646 621 184 150 150 600
is_linear=0
shrinkage=0.03


Tree=162
num_leaves=15
num_cat=0
split_feature=9 8 33 8 18 29 22 33 33 17 43 18 3 39
split_gain=2.87649 2.76583 3.05452 4.09211 3.56621 3.27248 2.84561 2.56228 3.4904 3.44061 3.88018 2.83475 2.70203 2.50586
threshold=0.028894335031509403 0.44455729424953466 0.014269156381487848 0.45527744293212896 0.03994440287351609 0.0047228422481566676 0.067690793424844756 0.026813077740371231 0.017453160136938099 0.18546187877655032 0.063609741628170027 0.074747651815414443 0.5156863033771516 0.024378243833780292
decision_type=2 2 2 2 2 2 2 2 2 2 2 2 2 2
left_child=-1 7 5 -4 -5 -3 -6 8 -2 13 -11 -12 -10 -9
right_child=1 2 3 4 6 -7 -8 9 12 10 11 -13 -14 -15
leaf_value=0.021096196137445143 -0.011677708645439506 0.0098661222331255932 0.026993329293762372 0.018230258821188193 -0.0019229386087447236 -0.027913795771205254 0.022070327069076946 -0.027431730160075826 0.020593600475832835 0.021368961812829539 0.0026616262842036969 -0.020472423335675751 -0.0027987863561752002 -0.0044419994116466528
leaf_weight=3.7487612636759868 8.0234424108639377 1.8439915474737052 4.8049661708064368 9.0245229025604186 61.17044212971814 3.5765915226656944 2.7833919837139538 10.049840473569931 8.097744620870797 3.4827057479415116 9.8878673827275652 6.268046911340206 6.8259892384521654 8.5731080430559796
leaf_count=370 73 62 57 527 676 56 41 100 50 73 44 188 71 124
internal_value=0.000269852 -0.000531072 0.00298141 0.0046597 0.00246842 -0.0154622 -0.00019562 -0.00529648 0.00241294 -0.00988486 -0.000668535 -0.00741499 0.0106505 -0.018451
internal_weight=148.161 144.413 83.2039 77.7833 72.9784 5.42058 63.9538 61.2087 22.9472 38.2616 19.6386 16.1559 14.9237 18.6229
internal_count=2512 2142 1419 1301 1244 118 717 723 194 529 305 232 121 224
is_linear=0
shrinkage=0.03


Tree=163
num_leaves=15
num_cat=0
split_feature=24 47 16 21 31 41 31 41 20 6 20 4 46 17
split_gain=2.80026 2.69731 3.63702 5.00448 3.4161 3.90955 3.18839 2.8527 3.33497 3.65386 3.00562 2.83241 2.65879 2.59831
threshold=0.001496362433862434 0.14113168418407443 0.00057891975518146457 0.080956026911735549 1.2914500236511233 0.25881896913051611 0.70477527379989635 0.032746426761150367 0.0056997292686545029 0.55490198731422435 0.0036456169762427554 0.42948967218399053 0.1212640479207039 0.086203057318925871
decision_type=2 2 2 2 2 2 2 2 2 2 2 2 2 2
left_child=-1 7 6 4 5 11 -3 -2 9 10 13 -4 -8 -9
right_child=1 2 3 -5 -6 -7 12 8 -10 -11 -12 -13 -14 -15
leaf_value=0.0089998889129086455 0.013664150725657416 -0.013582960316944725 -0.013906439565340158 -0.013467018091758582 -0.015347880820142119 0.029110501889256828 0.024541352545635962 -0.017223483046659986 -0.016679519715019169 0.018689294936824304 0.010870305631989657 0.010079160531267168 -0.0010375927886895129 0.0012808397368831053
leaf_weight=25.275950084789656 4.2174560300773001 1.8278293497860456 4.5986522049643197 17.640334493480623 3.4940017620101562 5.4614015580154947 11.525393516989427 15.718306477996526 21.434577135136351 4.4965806581894858 5.8571655489504328 11.432256730273364 4.4962649655062696 10.225217655766754
leaf_count=682 61 25 90 212 60 75 247 151 269 190 30 146 126 148
internal_value=0.000281094 -0.00161061 0.00282039 -0.00197171 0.00642941 0.0111027 0.0134612 -0.00593607 -0.00782771 -0.00192406 -0.0058609 0.00225292 0.017878 -0.0102533
internal_weight=147.701 122.425 60.4761 42.6266 24.9863 21.4923 17.8495 61.9493 57.7318 36.2973 31.8007 16.0309 16.0217 25.9435
internal_count=2512 1830 981 583 371 311 398 849 788 519 329 236 373 299
is_linear=0
shrinkage=0.03


Tree=164
num_leaves=15
num_cat=0
split_feature=9 34 38 6 36 10 19 0 3 45 47 20 8 12
split_gain=2.74852 2.73768 3.22239 4.18463 3.25576 3.40991 3.53105 3.2616 4.93999 3.79577 3.18611 4.65026 3.0696 2.88256
threshold=0.028894335031509403 0.001234087004061231 0.033351141959428794 0.55882355570793163 0.00099913449957966826 0.47254902124404913 0.093276828527450575 0.53374430537223827 0.72745099663734447 0.04893689043819905 0.20215000957250598 0.22561325939248603 0.37700246274471289 0.42928804457187658
decision_type=2 2 2 2 2 2 2 2 2 2 2 2 2 2
left_child=-1 -2 -3 4 12 6 -6 10 -9 -10 -8 13 -4 -12
right_child=1 2 3 -5 5 -7 7 8 9 -11 11 -13 -14 -15
leaf_value=0.020825377590445619 -0.013134700167879687 0.019718998692307994 -0.005305200286167132 0.015215669015014822 0.020891417394217019 -0.020048300888113227 -0.012781191223232865 0.012915056974594646 -0.016435807103578948 0.014597156548119139 0.0267613620778713 -0.012382621817658089 0.020895394185492772 -0.0038291968948845267
leaf_weight=3.6486032730899742 11.980005945195442 5.6533136857906348 5.4207753231748921 11.910178380669093 3.6392068555578581 8.8761619187425804 37.106018419610336 19.47419474250637 11.572445628233252 2.9816550929099312 5.3630990907549876 8.0264936757739616 7.8750731800682843 3.4874211852438748
leaf_count=370 119 190 48 343 69 121 437 262 151 46 56 122 136 42
internal_value=0.000284264 -0.000497192 0.000812292 -0.000309766 -0.00219491 -0.00410815 -0.00213716 -0.00356574 0.00352457 -0.00890149 -0.00805497 0.00243046 0.0107202 0.0159471
internal_weight=147.015 143.366 131.386 125.733 113.823 100.527 91.6505 88.0113 34.0283 14.5541 53.983 16.877 13.2958 8.85052
internal_count=2512 2142 2023 1833 1490 1306 1185 1116 459 197 657 220 184 98
is_linear=0
shrinkage=0.03


Tree=165
num_leaves=15
num_cat=0
split_feature=9 30 42 38 22 39 31 1 34 33 36 34 48 11
split_gain=2.66775 2.62584 4.21239 3.42695 2.78371 3.25879 5.2085 4.77276 4.77367 4.98442 3.52554 4.37016 4.28685 3.29011
threshold=0.028894335031509403 0.0055331184994429359 0.010755845811218025 0.033351141959428794 0.035349013283848769 0.021560092456638816 0.82545971870422374 0.073588531464338316 0.068394986391838927 0.045019764453172691 0.0013717287802137437 0.0068986460060595483 0.009761738125234844 0.5627451241016389
decision_type=2 2 2 2 2 2 2 2 2 2 2 2 2 2
left_child=-1 -2 -3 -4 5 6 -5 -7 9 -9 12 -12 -8 -10
right_child=1 2 3 4 -6 7 10 8 13 -11 11 -13 -14 -15
leaf_value=0.020659416770006454 -0.01373575624686646 0.015218404079503003 0.020110859897682458 -0.020723155088573947 -0.011396897791786311 0.022593168099650413 -0.014729621494756401 0.011690603992321488 -0.0095132397703773866 -0.017165090893451296 -0.025235638046677101 0.0019364043649040016 0.023116632856546408 0.019225654776244609
leaf_weight=3.5846122964867382 10.305884703062473 13.969157389656173 4.4394141376251346 12.228056635940446 22.255747839342803 9.3276841291226429 2.0280497614294282 6.0501302764751044 3.3212893530726424 15.28498200047761 5.261187688913199 18.47881103202235 8.1267117711249721 11.717117343563585
leaf_count=370 141 198 142 118 553 223 24 53 34 129 44 267 117 99
internal_value=0.000304613 -0.000463947 0.000735037 -0.00117136 -0.00235763 0 -0.00547914 0.00558558 0.00019572 -0.00855309 0.000785028 -0.00546175 0.0141314 0.0123308
internal_weight=146.379 142.794 132.488 118.519 114.08 91.824 46.1228 45.7012 36.3735 21.3351 33.8948 23.74 10.1548 15.0384
internal_count=2512 2142 2001 1803 1661 1108 570 538 315 182 452 311 141 133
is_linear=0
shrinkage=0.03


Tree=166
num_leaves=15
num_cat=0
split_feature=9 26 3 11 8 3 45 29 13 39 6 2 40 23
split_gain=2.62163 3.5063 2.99191 3.55453 3.86931 4.80593 3.23454 4.24106 3.88385 3.35177 2.51673 3.03392 2.54755 2.99737
threshold=0.042747821658849723 0.01228701137006283 0.44313725829124456 0.42156863212585455 0.44455729424953466 0.49607843160629278 0.012643891386687757 0.013458246830850841 0.050390791147947318 0.018152266740798954 0.5313725769519807 0.50784316658973705 0.030249295756220821 0.10784311592578889
decision_type=2 2 2 2 2 2 2 2 2 2 2 2 2 2
left_child=1 -1 -2 -4 5 -5 -6 8 -8 -10 11 12 -9 -14
right_child=2 -3 3 4 6 -7 7 10 9 -11 -12 -13 13 -15
leaf_value=0.018434261503481403 -0.017875804299980137 -0.010841886255091172 0.015210053574994227 0.015786026638280212 -0.010779514006831456 -0.013628422543673352 -0.0096643518409750221 -0.0086057123359801705 0.029804211645001206 0.0050062032014565319 0.012406414714481603 -0.01962433421070383 0.015983918862887393 -0.012354679951087903
leaf_weight=11.929124723537823 6.9375326056033364 3.37322518962901 10.618673798162488 4.0685838367789975 12.300740278093143 31.366337271174416 3.7043862973805544 12.485633638454603 10.464188674464824 10.247772886301389 7.7570649990811935 7.1825478060636661 10.466545952251179 2.8191105024889103
leaf_count=625 51 85 89 30 153 474 105 136 144 145 231 80 91 73
internal_value=0.000305859 0.0113 -0.00111264 7.51522e-05 -0.00156274 -0.00950801 0.0021835 0.00492477 0.0142969 0.0191881 -0.00103216 -0.0048102 0.00032647 0.00894471
internal_weight=145.721 15.3023 130.419 123.482 112.863 35.4349 77.428 65.1273 24.4163 20.712 40.7109 32.9538 25.7713 13.2857
internal_count=2512 710 1802 1751 1662 504 1158 1005 394 289 611 380 300 164
is_linear=0
shrinkage=0.03


Tree=167
num_leaves=15
num_cat=0
split_feature=24 47 36 7 42 28 16 10 33 20 41 33 42 1
split_gain=2.60644 2.54906 3.48141 5.76137 3.96203 3.1736 3.3268 2.6998 3.59228 3.34428 2.83199 2.63601 2.49762 3.89298
threshold=0.001496362433862434 0.14113168418407443 0.0076418877579271802 0.58235296607017528 0.01195899583399296 0.0061898816130225688 0.00087494488536155209 0.30784314870834356 0.015611447393894197 0.0016228971048513304 0.032746426761150367 0.09911599382758142 0.03070776537060738 0.072002846747636809
decision_type=2 2 2 2 2 2 2 2 2 2 2 2 2 2
left_child=-1 7 3 4 -3 6 -5 -2 9 -9 -10 -4 13 -12
right_child=1 2 11 5 -6 -7 -8 8 10 -11 12 -13 -14 -15
leaf_value=0.0087859015548719058 -0.01720679234086598 0.01026651570885229 -0.021253634662095705 0.016053134185305493 -0.010483821590435654 0.030675768520942344 -0.011915352364087145 0.0055069970650450852 0.023252950613345709 -0.031797479097176833 0.0047323084869356127 0.0092254776203904345 0.011630055092605441 -0.015402414987304103
leaf_weight=24.806014252884779 12.470729497959836 11.698896806454288 6.3913426769431663 8.3024148226249981 18.893214181996882 7.7442563038785002 4.1972506865859023 2.341546084790024 2.7317389107774934 4.2166234254837036 15.866534041357228 2.1718743382953107 8.2989668801892531 14.949506167089565
leaf_count=682 183 169 140 195 247 124 58 87 49 23 292 48 90 125
internal_value=0.000300811 -0.00153974 0.00280454 0.00590611 -0.00231347 0.0175534 0.0061066 -0.00578074 -0.00221155 -0.0199533 0.00128381 -0.0129562 -0.001234 -0.00528746
internal_weight=145.081 120.275 59.3992 50.836 30.5921 20.2439 12.4997 60.8756 48.4049 6.55817 41.8467 8.56322 39.115 30.816
internal_count=2512 1830 981 793 416 377 253 849 666 110 556 188 507 417
is_linear=0
shrinkage=0.03


Tree=168
num_leaves=15
num_cat=0
split_feature=19 18 41 38 37 5 22 22 23 40 7 10 2 18
split_gain=2.5161 2.33274 3.05856 4.054 3.70105 2.71426 2.42278 3.31608 3.22707 4.05047 3.01196 2.41381 3.20364 3.36733
threshold=0.069811157882213606 0.11622400209307672 0.13215573132038119 0.1306710168719292 0.040398867800831802 0.17435132712125781 0.016056254506111148 0.020182741805911068 0.10294117033481599 0.051149675622582443 0.4607843160629273 0.48411770164966589 0.45294117927551275 0.080999881029129042
decision_type=2 2 2 2 2 2 2 2 2 2 2 2 2 2
left_child=-1 2 3 4 -2 -3 10 -8 9 -9 -4 12 13 -10
right_child=1 5 6 -5 -6 -7 7 8 11 -11 -12 -13 -14 -15
leaf_value=0.018403923507106068 -0.0031984927387025339 -0.021929087153731732 0.00047226286562629936 -0.020715402179046865 0.018457953900685834 0.010887661852169562 -0.012357292756680613 -0.0041913855129668779 0.022541700023213287 0.027881393777973162 0.026091751613046534 0.015845530981884553 -0.016451011645399184 -0.0098831498162554356
leaf_weight=4.6076926214736877 58.318612294679042 6.5745022688060981 7.7224023621529323 8.6142608984373492 6.0417866124771527 1.5734288876410572 9.603801272576673 4.5565804718062264 3.7625268138945165 7.9407100365497172 7.7441903506405652 3.769243507878854 9.6733504687435907 3.9454540363512933
leaf_count=422 717 264 39 97 147 105 89 50 19 94 233 72 91 73
internal_value=0.00029873 -0.000527766 0.000510617 -0.00352616 -0.000625278 -0.0143995 0.0055278 0.00156467 0.0060928 0.0170156 0.0149906 -0.001144 -0.00623802 0.00701869
internal_weight=144.449 139.841 131.693 72.9747 64.3604 8.14793 58.7183 43.2517 33.6479 12.4973 15.4666 21.1506 17.3813 7.70798
internal_count=2512 2090 1721 961 864 369 760 488 399 144 272 255 183 92
is_linear=0
shrinkage=0.03


Tree=169
num_leaves=15
num_cat=0
split_feature=24 25 26 47 36 7 28 16 33 33 10 45 13 30
split_gain=2.4635 3.18565 4.17779 2.66326 3.35899 5.41839 2.92247 3.17046 2.8743 2.72036 3.83086 2.59399 3.31412 3.38032
threshold=0.0028226981351981355 0.016664545051753524 0.02209828328341246 0.14113168418407443 0.0076418877579271802 0.58235296607017528 0.0061898816130225688 0.00087494488536155209 0.025428612716495994 0.015611447393894197 0.30784314870834356 0.015718518756330017 0.082164846360683455 0.016748778522014621
decision_type=2 2 2 2 2 2 2 2 2 2 2 2 2 2
left_child=1 -1 -3 9 5 8 7 -7 -5 -2 -11 -12 -13 -14
right_child=3 2 -4 4 -6 6 -8 -9 -10 10 11 12 13 -15
leaf_value=0.019170960969294146 -0.022484038723106278 -0.011791986945312753 0.015383847522053452 0.0077959506470654067 -0.01276471666271463 0.015795376416958672 0.029809776001728676 -0.01163664795820905 -0.0097346333486750761 -0.016855762931040869 -0.010381266461298255 0.016500290747996599 -0.0153174043970435 0.0090901503647788512
leaf_weight=11.021031000302175 6.0677971264813086 10.208986206678675 6.7244432133156797 12.837258195970209 8.4648984463419747 8.2134119765833038 7.6983960317447773 4.138802958186715 17.391091637779027 12.015541074099017 10.193958036950788 12.4341475260444 7.8507208947557983 8.5938037661835533
leaf_count=533 94 139 67 198 188 195 124 58 217 180 118 262 68 71
internal_value=0.000312263 0.00800792 -0.000356655 -0.0016228 0.00278745 0.00585134 0.0171876 0.00605409 -0.00217494 -0.00614729 -0.00337649 0.00131452 0.00594519 -0.00279694
internal_weight=143.854 27.9545 16.9334 115.9 58.7439 50.279 20.0506 12.3522 30.2283 57.156 51.0882 39.0726 28.8787 16.4445
internal_count=2512 739 206 1773 980 792 377 253 415 793 699 519 401 139
is_linear=0
shrinkage=0.03


Tree=170
num_leaves=15
num_cat=0
split_feature=9 34 36 38 14 14 26 48 12 11 14 14 19 11
split_gain=2.44175 2.66201 3.44684 3.56531 3.93538 3.72455 2.85063 3.24521 2.56905 3.05218 2.74465 3.8859 2.71873 3.1898
threshold=0.028894335031509403 0.0027213410010111226 0.00084717429126612853 0.033351141959428794 0.56552612781524669 0.49485883116722112 0.0088282758370041865 0.0092685590498149412 0.51529023051261913 0.70392158627510082 0.3457674384117127 0.42480687797069555 0.095945198088884368 0.43333333730697637
decision_type=2 2 2 2 2 2 2 2 2 2 2 2 2 2
left_child=-1 6 -3 -4 5 8 7 -2 12 10 -10 -12 -5 -14
right_child=1 2 3 4 -6 -7 -8 -9 9 -11 11 -13 13 -15
leaf_value=0.020152564712538876 -0.010319687903988186 0.01906056932146739 0.020767560145127217 0.017952914362720923 0.014104803724070901 -0.017677285491807963 -0.020368476679209321 0.018387962833563438 0.031408932318830893 -0.0071389452963552657 -0.0095499569534664586 0.017488118929322151 0.0059510838743057791 -0.010319445959923118
leaf_weight=3.3790317571838377 7.1651194886071625 7.1064664550940497 4.9108502049930385 2.4965062623377881 10.92436622455716 12.277803108794613 9.5089264367707056 3.7678210902959108 3.4006995204836192 8.7959909867495281 7.064019337296485 8.2532509178854507 12.732845250517128 41.41389614646323
leaf_count=370 109 127 166 40 314 200 71 46 37 116 62 169 113 572
internal_value=0.000304136 -0.00043183 0.0013075 -0.000103911 -0.00144839 -0.00349155 -0.0099342 0.000655482 -0.00102485 0.00617699 0.0126643 0.00518263 -0.00466559 -0.00636423
internal_weight=143.198 139.819 119.377 112.27 107.359 96.435 20.4419 10.9329 84.1572 27.514 18.718 15.3173 56.6432 54.1467
internal_count=2512 2142 1916 1789 1623 1309 226 155 1109 384 268 231 725 685
is_linear=0
shrinkage=0.03


Tree=171
num_leaves=15
num_cat=0
split_feature=9 34 16 14 4 34 45 24 5 42 22 11 29 47
split_gain=2.36842 2.5846 2.80868 3.69231 4.17063 3.66008 4.20638 3.87463 3.46327 4.19911 3.49438 3.28927 3.16475 3.03227
threshold=0.028894335031509403 0.001234087004061231 0.0073728760619690163 0.37908589839935308 0.45977550745010382 0.027579683048433053 0.035805663093924529 0.044033570596070604 0.081748697906732573 0.0057837585918605336 0.029135359451174739 0.42549020051956182 0.031370786949992187 0.12128581106662752
decision_type=2 2 2 2 2 2 2 2 2 2 2 2 2 2
left_child=-1 -2 3 -3 -5 -4 7 -7 9 -6 -11 -9 -8 -12
right_child=1 2 5 4 8 6 12 11 -10 10 13 -13 -14 -15
leaf_value=0.019990008735820061 -0.012782579083321038 0.022557476154037418 -0.011234789713602171 -0.019567354611807131 -0.01753487572040165 0.019529920683272438 -0.017005916887799094 0.016344470169555172 -0.0037049875873362554 0.021872640591104657 -0.014701613023849529 -0.01476266015581003 0.011229226275211491 0.015450747636397697
leaf_weight=3.3214510360267004 11.716056353645397 7.6296280771493903 27.929077175911516 4.984654957894235 2.2393994191661504 13.663114638067784 10.425090233096851 2.7823422569781524 21.594062738819048 18.417733476206198 4.5862311655655486 6.5376298946794122 3.2868570326827458 3.5010614437051117
leaf_count=370 119 67 282 23 19 87 161 17 262 781 46 163 73 42
internal_value=0.000335019 -0.000388747 0.000906021 0.00535086 0.00222132 -0.00340948 0.00274178 0.010328 0.00510148 0.0116255 0.0152519 -0.00396408 -0.00947895 -0.000875627
internal_weight=142.614 139.293 127.577 62.9528 55.3231 64.6241 36.695 22.9831 50.3385 28.7444 26.505 9.31997 13.7119 8.08729
internal_count=2512 2142 2023 1240 1173 783 501 267 1150 888 869 180 234 88
is_linear=0
shrinkage=0.03


Tree=172
num_leaves=15
num_cat=0
split_feature=9 34 34 3 33 33 16 9 16 1 34 33 39 38
split_gain=2.33032 4.55941 3.52939 2.96713 2.94169 5.15573 2.56762 4.21733 2.21354 3.82868 5.52728 4.11382 3.05255 2.87187
threshold=0.042747821658849723 0.0027213410010111226 0.0064985169151835828 0.5627451241016389 0.024891070090234283 0.015611447393894197 0.099795439539709499 0.18748960644006732 0.061788305511128891 0.072002846747636809 0.029272508528265111 0.043596150353550918 0.019105542451143268 0.16395421326160434
decision_type=2 2 2 2 2 2 2 2 2 2 2 2 2 2
left_child=2 -2 -1 -4 5 -3 8 -8 9 12 -11 -12 -6 -13
right_child=1 4 3 -5 6 -7 7 -9 -10 10 11 13 -14 -15
leaf_value=0.019940422173610407 -0.015229665621521409 -0.012435743097901401 -0.021504845483185125 0.014006202368285087 -0.0014889554527999821 0.023565368988852586 -0.020741672430709155 0.012834373532532969 0.013164608525807493 -0.019754176716596496 0.023301117450327282 0.0030891734825942061 0.01788200302921817 -0.015472867763099177
leaf_weight=9.9386670312378538 15.591084721963851 3.5462107496568924 3.0567448728252193 1.7760572197148574 13.726689247880133 9.7759089495521021 10.058412050129844 3.0108015597797921 10.148379028076304 14.609151712618766 4.3286841462831935 20.627827901393179 12.468145298771558 9.2266119639389199
leaf_count=521 123 37 37 152 219 134 265 68 110 159 39 219 308 121
internal_value=0.000332346 -0.00101756 0.010864 -0.00773567 0.00117612 0.0134141 -0.000688697 -0.0121308 0.00127147 -0.000599298 -0.00554103 0.00120661 0.00823921 -0.0031646
internal_weight=141.889 127.118 14.7715 4.8328 111.527 13.3221 98.2047 13.0692 85.1355 74.9871 48.7923 34.1831 26.1948 29.8544
internal_count=2512 1802 710 189 1679 171 1508 333 1175 1065 538 379 527 340
is_linear=0
shrinkage=0.03


Tree=173
num_leaves=15
num_cat=0
split_feature=24 25 26 47 36 7 42 46 22 22 43 45 34 0
split_gain=2.25418 3.0444 3.79053 2.59671 3.19715 5.0907 3.4635 2.62383 2.5802 3.26613 2.98876 2.75015 3.4523 2.86578
threshold=0.0028226981351981355 0.016664545051753524 0.02209828328341246 0.14113168418407443 0.0076418877579271802 0.58235296607017528 0.01195899583399296 0.13319533318281176 0.017245313152670864 0.030027974396944049 0.0077214385382831105 0.021537792868912223 0.0096338972018319858 0.60205861926078807
decision_type=2 2 2 2 2 2 2 2 2 2 2 2 2 2
left_child=1 -1 -3 8 5 6 -5 -7 -2 10 -10 12 -12 -13
right_child=3 2 -4 4 -6 7 -8 -9 9 -11 11 13 -14 -15
leaf_value=0.018866016605951608 -0.019718454444924607 -0.011365384501604526 0.014729307999836712 0.0098493757722301675 -0.01242955953128275 0.020898687427937334 -0.009791611869632998 -0.0066964453337539876 -0.011494192004594121 -0.01153306399744887 0 -0.010957092588280645 0.032579453625878142 0.016414484464411183
leaf_weight=10.670254832017237 8.3568023645784688 10.067197528434919 6.556152884848415 11.418051188811662 8.3095771891530585 17.20275502209552 18.246538648847491 2.5335507947020224 6.6404002964263809 20.192580580012873 4.8553849100135285 7.6392511958256346 5.0815685568377376 3.3412980767898262
leaf_count=533 156 139 67 169 188 324 246 53 79 277 62 64 72 83
internal_value=0.000332861 0.00778037 -0.000436126 -0.00153067 0.00285919 0.00587279 -0.00199235 0.0169281 -0.00604059 -0.00289007 0.0036933 0.00922791 0.0192197 -0.00115122
internal_weight=141.111 27.2936 16.6234 113.818 57.7105 49.4009 29.6646 19.7363 56.1073 47.7505 27.5579 20.9175 9.93695 10.9805
internal_count=2512 739 206 1773 980 792 415 377 793 637 360 281 134 147
is_linear=0
shrinkage=0.03


Tree=174
num_leaves=15
num_cat=0
split_feature=9 30 42 22 40 8 18 22 48 22 3 3 15 28
split_gain=2.2064 2.45629 3.73615 2.46093 3.47754 2.91294 3.87733 2.74965 3.65195 4.03707 3.27199 2.58346 2.88553 5.23909
threshold=0.028894335031509403 0.0055331184994429359 0.010755845811218025 0.035349013283848769 0.013173880986869337 0.44455729424953466 0.079467181116342558 0.027274533174932006 0.027153449133038524 0.024247548542916778 0.84509804844856273 0.62941178679466259 0.5411137342453004 0.00062679597701149436
decision_type=2 2 2 2 2 2 2 2 2 2 2 2 2 2
left_child=-1 -2 -3 5 -5 11 7 8 -7 -10 -9 12 13 -4
right_child=1 2 3 4 -6 6 -8 10 9 -11 -12 -13 -14 -15
leaf_value=0.019571465353285234 -0.013311788204630014 0.014768733542239473 -0.012792504747288016 0.010354805337503877 -0.015455686798004183 0.013751109456429045 0.02410247842350528 -0.017370001459209465 -0.016253806416546657 0.015963068030133736 0.012193400044817152 0.011235104733512753 -0.020374600963746204 0.012858652729534242
leaf_weight=3.1757452097372143 10.084721678402273 13.287224483734461 14.828452908899637 4.5078177456744042 17.397711827652529 20.816068777814507 6.7916671838611355 9.1219853903166932 8.4547504156362248 3.328185034915804 3.0620379301253697 5.7696993425488463 9.4965730824042094 10.461614427622406
leaf_count=370 141 198 105 59 498 582 48 65 90 32 67 56 99 102
internal_value=0.000330374 -0.0003672 0.000824894 -0.0010005 -0.00959685 0.00117202 0.00582937 0.00208207 0.00661496 -0.00594034 -0.00905705 -0.00467576 -0.00786363 -0.00190687
internal_weight=140.584 137.409 127.324 114.037 21.9055 92.131 51.5747 44.783 32.599 11.7829 12.184 40.5563 34.7866 25.2901
internal_count=2512 2142 2001 1803 557 1246 884 836 704 122 132 362 306 207
is_linear=0
shrinkage=0.03


Tree=175
num_leaves=15
num_cat=0
split_feature=9 34 34 22 4 3 42 42 8 33 5 22 22 21
split_gain=2.15904 4.37604 3.33594 2.8318 2.90844 2.78743 2.37318 3.73838 3.10025 2.74334 3.74228 2.59764 2.55535 2.63767
threshold=0.042747821658849723 0.0027213410010111226 0.0064985169151835828 0.011302724014967682 0.40395213663578039 0.5627451241016389 0.020549409091472629 0.016956037841737274 0.35092531144618994 0.036031838506460197 0.056043468415737159 0.035349013283848769 0.018634980544447902 0.030032753944396976
decision_type=2 2 2 2 2 2 2 2 2 2 2 2 2 2
left_child=2 -2 -1 -3 -5 -4 7 9 -8 10 -6 12 -10 -14
right_child=1 3 5 4 6 -7 8 -9 11 -11 -12 -13 13 -15
leaf_value=0.019529608221422586 -0.014940694287850194 0.018527336667805348 -0.020849426850277374 -0.01365507023407393 -0.0098957477065953203 0.013729726011645856 0.019571609526261916 0.021008714553610044 -0.010632631334912126 -0.019397542800092791 0.014194247026735187 -0.014666583625735098 -0.0052253739125618925 0.011593384668152988
leaf_weight=9.6849934604833816 15.447207028046249 5.895205966080538 3.047493240563198 10.59582451591268 7.5701038009719985 1.7202329626306889 3.5205359333194783 10.549388435785657 12.488910326617768 3.0315436066593966 12.961776379961519 13.045621808618305 12.826733633875849 17.577420272631571
leaf_count=521 123 86 37 232 119 152 23 196 140 36 145 324 125 253
internal_value=0.000339394 -0.000963549 0.0105784 0.00120299 -7.97427e-05 -0.00755934 0.00167968 0.00777327 -0.0019067 0.000550327 0.00508914 -0.00393916 -0.000101617 0.00452082
internal_weight=139.963 125.51 14.4527 110.063 104.168 4.76773 93.572 34.1128 59.4592 23.5634 20.5319 55.9387 42.8931 30.4042
internal_count=2512 1802 710 1679 1593 189 1361 496 865 300 264 842 518 378
is_linear=0
shrinkage=0.03


Tree=176
num_leaves=15
num_cat=0
split_feature=19 47 22 42 8 45 33 30 5 42 28 30 19 8
split_gain=2.11157 2.06257 2.59355 4.11964 2.8325 4.24754 3.94419 2.59429 4.01353 2.58943 3.11664 3.41078 3.5317 3.11102
threshold=0.069811157882213606 0.14113168418407443 0.030027974396944049 0.0072530708275735387 0.50701248645782482 0.014381379820406439 0.026813077740371231 0.017295712605118755 0.13284534960985186 0.011533833574503662 0.00011384675107501195 0.013522872235625984 0.47789521515369421 0.41509480774402624
decision_type=2 2 2 2 2 2 2 2 2 2 2 2 2 2
left_child=-1 2 3 -2 6 -6 -5 -4 -9 -3 -11 12 13 -12
right_child=1 9 7 4 5 -7 -8 8 -10 10 11 -13 -14 -15
leaf_value=0.017413668179330884 -0.021673281139561643 0.014182744542155493 -0.019073340072624456 0.013638493754657628 -0.0101141641963863 0.019766415523022978 -0.008205212589663757 0.022304620162195147 -0.015012818535303585 -0.013097919068229762 0.037066202137916789 -0.0022474700831028411 -0.0093661866747896238 0.0023727003429083854
leaf_weight=4.2365466495975843 5.1145377043867475 13.733700153650714 13.559021434048192 8.1504944132175279 4.4050416238606003 13.041203172877429 25.769635122502223 2.8414538721553972 3.5779522783122957 10.203239880269392 4.7007740568369609 23.33370691142045 2.4443222833797327 4.3118499636184424
leaf_count=422 68 239 157 123 112 300 206 48 74 133 51 466 40 73
internal_value=0.000333009 -0.000426468 -0.00365286 -0.000189543 0.00262545 0.0118033 -0.00240585 -0.0123993 0.00252346 0.00370664 0 0.00439746 0.0164764 0.0241857
internal_weight=139.423 135.187 76.4593 56.4809 51.3664 17.4462 33.9201 19.9784 6.41941 58.7276 44.9939 34.7907 11.4569 9.01262
internal_count=2512 2090 1088 809 741 412 329 279 122 1002 763 630 164 124
is_linear=0
shrinkage=0.03


Tree=177
num_leaves=15
num_cat=0
split_feature=24 25 28 30 47 36 7 42 28 39 33 48 5 7
split_gain=2.09278 2.85683 3.52239 2.48575 2.39987 2.96322 4.74429 3.0327 2.6615 2.60407 2.37813 2.34216 3.12994 2.35038
threshold=0.0028226981351981355 0.016664545051753524 0.0011186549272486775 0.0050177238881587991 0.14113168418407443 0.0076418877579271802 0.58235296607017528 0.01195899583399296 0.0061898816130225688 0.023758553899824623 0.09911599382758142 0.0079764681868255156 0.12812129408121112 0.68823531270027172
decision_type=2 2 2 2 2 2 2 2 2 2 2 2 2 2
left_child=1 3 -3 -1 11 6 7 -6 9 -8 -7 -2 13 -13
right_child=4 2 -4 -5 5 10 8 -9 -10 -11 -12 12 -14 -15
leaf_value=-0.0019368264167082764 -0.023218019851846537 -0.017215950621904133 0.0087931863382145776 0.026680760433879163 0.0091588396235152154 -0.020171781120001068 0.014667649036628413 -0.00931806554496299 0.028478056522657318 -0.010397267978613196 0.0090766884598710261 -0.0034070564781492952 -0.016725198939620222 0.012637846945647138
leaf_weight=3.2801981645170617 4.3445316291181362 5.2869227873161462 11.104277790291233 7.0448966653784737 11.305474494816737 6.0588939527515304 7.8316056695766765 17.955622212029994 7.566590155940502 4.1131069245748222 2.0929427817463875 31.721582494908944 10.326189925894139 8.8478323519229871
leaf_count=196 66 81 125 337 169 140 182 246 124 71 48 338 150 239
internal_value=0.00033503 0.00758715 -0.000392739 0.0185068 -0.00146872 0.00277624 0.00569206 -0.00195403 0.0164139 0.0055682 -0.0120581 -0.00583967 -0.00347772 0.000451073
internal_weight=138.881 26.7163 16.3912 10.3251 112.164 56.9242 48.7724 29.2611 19.5113 11.9447 8.15184 55.2401 50.8956 40.5694
internal_count=2512 739 206 533 1773 980 792 415 377 253 188 793 727 577
is_linear=0
shrinkage=0.03


Tree=178
num_leaves=15
num_cat=0
split_feature=31 31 31 44 31 39 41 42 0 0 42 34 27 47
split_gain=2.04649 2.25407 3.35125 4.09031 3.86573 2.69311 2.94557 2.8724 2.52844 2.76251 2.35709 4.75468 5.01164 3.91605
threshold=2.0346519947052006 0.82545971870422374 0.91442957520484935 0.16838368773460391 0.96626582741737377 0.021987834013998512 0.13046221435070041 0.01128229917958379 0.4534080177545548 0.58260077238082897 0.032787622883915908 0.028811764407467536 0.037872107699513442 0.13510911911726001
decision_type=2 2 2 2 2 2 2 2 2 2 2 2 2 2
left_child=1 5 3 -3 -4 7 -7 -1 -8 -10 11 12 13 -6
right_child=-2 2 4 -5 10 6 8 -9 9 -11 -12 -13 -14 -15
leaf_value=0.0053553854297982524 -0.014586198638576159 0.027103306366055843 -0.014021750973732263 -0.0029867438683475484 -0.003271267535836544 -0.0074042084801867495 -0.010397978788325114 -0.019011026717447511 0.029852969699974422 -0.0029689168881563339 -0.011241262629672569 0.018481054612603732 -0.014731918915737248 0.016184421095296851
leaf_weight=4.8087442497490001 5.8018747959285966 8.6940532078151573 10.840714971767737 5.7087953330483279 17.394717585644685 10.767733270186001 1.7357186828739921 13.378418744425288 5.2067866297438741 2.6754935113713145 6.3337365572806439 16.715437634382397 11.996043889434075 16.321168444817886
leaf_count=72 36 192 230 108 531 142 44 179 69 64 139 257 189 260
internal_value=0.000327981 0.00121002 0.00371704 0.0160838 0.00110333 -0.00470788 0.00263042 -0.0125276 0.0134635 0.0200625 0.00385922 0.00573925 0.000437702 0.00644173
internal_weight=138.379 132.578 94.0047 14.4028 79.6018 38.5729 20.3857 18.1872 9.618 7.88228 68.7611 62.4274 45.7119 33.7159
internal_count=2512 2476 1906 300 1606 570 319 251 177 133 1376 1237 980 791
is_linear=0
shrinkage=0.03


Tree=179
num_leaves=15
num_cat=0
split_feature=9 34 2 13 36 18 45 5 30 26 1 18 1 11
split_gain=2.03469 2.47141 2.50517 2.74891 2.70987 3.64051 3.25771 3.29258 3.34589 3.31636 3.13128 2.77404 2.73818 2.5005
threshold=0.028894335031509403 0.001234087004061231 0.28823530673980718 0.19934211671352389 0.0011152293300256135 0.085785049945116057 0.012643891386687757 0.081748697906732573 0.012379100080579521 0.015083336737006904 0.085445065051317229 0.10049571469426156 0.074524972587823882 0.43725490570068365
decision_type=2 2 2 2 2 2 2 2 2 2 2 2 2 2
left_child=-1 -2 3 13 5 -4 -6 8 9 -8 12 -12 -9 -3
right_child=1 2 4 -5 6 -7 7 10 -10 -11 11 -13 -14 -15
leaf_value=0.019075616627697776 -0.012606096637484611 0.00050276907107188646 0.021978860651642371 0.015550179387470593 -0.013676801960859858 -0.0090754724363147823 0.012702848414910534 0.004440506132727169 0.020478302223457465 -0.011483202945036452 0.0056261700135737149 -0.016651127075745432 -0.022727216736322602 -0.020557575933685655
leaf_weight=3.022364924196153 11.417641134001313 7.9584456365555587 10.62570903834421 1.9762524995021511 10.135527959675526 3.2253153496421865 8.3816790268756503 3.9535645358264428 13.556118723703547 8.0106890723109228 33.63233435456641 3.8510006850119671 7.8195516723208129 10.428330247988923
leaf_count=370 119 76 223 53 148 57 200 34 322 147 281 165 85 232
internal_value=0.000313601 -0.000357024 0.000933792 -0.00816786 0.00287951 0.0143257 0.000797274 0.00297763 0.0105008 0.000756951 -0.00176927 0.00253393 -0.0140661 -0.0121397
internal_weight=137.995 134.972 123.555 20.363 103.191 13.851 89.3405 79.2049 29.9485 16.3924 49.2565 37.4833 11.7731 18.3868
internal_count=2512 2142 2023 361 1662 280 1382 1234 669 347 565 446 119 308
is_linear=0
shrinkage=0.03


Tree=180
num_leaves=15
num_cat=0
split_feature=19 47 43 42 45 19 38 7 17 21 23 23 31 33
split_gain=2.00874 1.87806 2.47565 3.01339 2.70033 2.916 3.15915 2.55866 2.46491 2.80566 3.3259 3.32133 3.53206 2.83221
threshold=0.069811157882213606 0.14113168418407443 0.022375538013875488 0.010755845811218025 0.012643891386687757 0.49136669933795935 0.2259573116898537 0.44901961088180548 0.1149582862854004 0.030032753944396976 0.078431375324726119 0.051078071817755706 1.2034117579460146 0.017453160136938099
decision_type=2 2 2 2 2 2 2 2 2 2 2 2 2 2
left_child=-1 8 -3 7 -5 6 -6 -4 9 11 -11 12 13 -2
right_child=1 2 3 4 5 -7 -8 -9 -10 10 -12 -13 -14 -15
leaf_value=0.017122311897847766 -0.022757812171454991 0.024979645101258288 -0.0018122778541323438 -0.016771999377120018 -0.0030663443649775117 -0.018128176477945311 0.014629543999413987 0.024220960276177431 -0.013935447917037522 0.019834683741693386 -0.0089295133887717926 -0.017305861971806492 0.012316998683186385 -0.0002245853649794204
leaf_weight=4.1205989082809529 4.8189181475318064 2.5088862497359505 4.9027279559522849 6.9862299517262718 19.249067498603836 3.8594859710428855 14.000238517299293 6.4750907737761736 14.266538410913197 8.7802060889080149 3.8621425558812907 10.776166402269153 12.494441775605081 20.248010798124596
leaf_count=422 55 28 38 65 351 137 202 181 250 206 62 98 127 290
internal_value=0.00030294 -0.000440622 0.00352401 0.00166593 -0.00197461 0.00144974 0.00470702 0.0141851 -0.00354658 -0.000703064 0.0108231 -0.0040875 0.000312117 -0.00602877
internal_weight=137.349 133.228 57.9817 55.4728 44.095 37.1088 33.2493 11.3778 75.2464 60.9799 12.6423 48.3375 37.5614 25.0669
internal_count=2512 2090 1002 974 755 690 553 219 1088 838 268 570 472 345
is_linear=0
shrinkage=0.03


Tree=181
num_leaves=15
num_cat=0
split_feature=9 26 15 11 8 3 8 38 45 33 8 11 37 21
split_gain=1.9953 2.76123 2.6463 3.24593 3.3281 3.86357 2.71883 2.19375 2.74815 3.06774 2.65994 2.37201 2.26209 3.68074
threshold=0.042747821658849723 0.01228701137006283 0.42665234208107 0.43333333730697637 0.44455729424953466 0.49607843160629278 0.45527744293212896 0.2259573116898537 0.015936752781271938 0.042809374630451209 0.52838698029518139 0.70392158627510082 0.01907346956431866 0.04530699364840985
decision_type=2 2 2 2 2 2 2 2 2 2 2 2 2 2
left_child=1 -1 -2 -4 5 -5 -6 8 -8 12 -11 -12 -10 -14
right_child=2 -3 3 4 6 -7 7 -9 9 10 11 -13 13 -15
leaf_value=0.017032306579337707 -0.017418488815707147 -0.009520796013465312 0.014483317688590507 0.014193154976022266 0.019890601313710139 -0.012977139410437386 -0.01159252059424881 0.016632686284009317 0.021745381124715989 -0.012146609587253866 0.01961116323049051 -0.0026751349223988461 -0.013314263796122541 0.018425470230841685
leaf_weight=10.76282509593875 6.2211788184940806 3.2359809443587428 10.77927632909268 3.7512664236128321 4.9792870800010851 29.12409257190302 15.717696230392901 4.6426928024739018 7.7969193033641231 14.336099114734681 4.2662372668273774 11.935959522845222 5.416780067374928 3.897293045418337
leaf_count=625 52 85 98 29 50 465 243 89 162 163 60 231 85 75
internal_value=0.000296595 0.0102839 -0.00096379 0.000167368 -0.00150401 -0.00915469 0.00205422 0.000174571 -0.00145737 0.00215771 -0.00346732 0.00453833 0.011666 0.00061087
internal_weight=136.864 13.9988 122.865 116.644 105.864 32.8754 72.989 68.0097 63.367 47.6493 30.5383 16.2022 17.111 9.31407
internal_count=2512 710 1802 1750 1652 494 1158 1108 1019 776 454 291 322 160
is_linear=0
shrinkage=0.03


Tree=182
num_leaves=15
num_cat=0
split_feature=24 25 26 42 9 8 46 22 23 46 31 21 38 37
split_gain=1.95678 2.76163 3.26656 2.26502 2.26821 2.22293 2.15016 2.5779 4.41656 2.62377 2.57498 2.40052 2.22588 2.93155
threshold=0.0028226981351981355 0.016664545051753524 0.02209828328341246 0.0072530708275735387 0.05088744871318341 0.46586272120475775 0.033902857452631004 0.019192371517419819 0.050000011920928962 -0.0028661543037742372 1.2978643178939822 0.028498955070972446 0.099798250943422331 0.040871562436223037
decision_type=2 2 2 2 2 2 2 2 2 2 2 2 2 2
left_child=1 3 5 4 -1 -3 7 -2 9 -9 12 -10 -8 -14
right_child=6 2 -4 -5 -6 -7 10 8 11 -11 -12 -13 13 -15
leaf_value=0.014583541434202443 -0.019478620088740402 -0.019731742401950726 0.013832212584058683 0.026334636617464293 -0.018851685114323405 0.0056175646806668183 0.015994192116199967 -0.0064356715627267996 -0.019564997981051383 0.020398696996829953 -0.010881059520783663 0.0021087513785321972 -0.016600074712278416 0.0037944071897470003
leaf_weight=1.8247400566469898 9.0857578126015124 6.1669133650138992 6.2965150070376685 6.7282905352476519 1.4799441709183154 3.6306361630558968 9.3471573237329704 3.6820629800204188 9.7754915819969046 7.2065304248826596 10.668455838924272 6.586662409361451 5.239050827221944 48.586191943963058
leaf_count=190 131 36 67 334 9 103 150 42 104 86 169 93 82 916
internal_value=0.000316042 0.00740476 -0.000484016 0.0182857 -0.00128652 -0.010724 -0.00144026 -0.00722503 -0.00198446 0.0115011 0.00148229 -0.0113974 0.00388607 0.00123198
internal_weight=136.304 26.127 16.0941 10.033 3.30468 9.79755 110.177 36.3365 27.2507 10.8886 73.8409 16.3622 63.1724 53.8252
internal_count=2512 739 206 533 199 139 1773 456 325 128 1317 197 1148 998
is_linear=0
shrinkage=0.03


Tree=183
num_leaves=15
num_cat=0
split_feature=9 34 16 14 4 28 34 34 36 48 42 25 48 43
split_gain=1.89374 2.35687 2.4216 3.47018 3.58402 4.9793 3.75062 3.11852 4.05497 2.1282 2.01326 1.92688 4.43403 4.17784
threshold=0.028894335031509403 0.001234087004061231 0.0073728760619690163 0.37908589839935308 0.45977550745010382 0.00047195747800586515 0.013583337012834101 0.027305163494123586 0.0082224016077816504 0.018064995296299461 0.014365564100444319 0.03203695826232434 0.028075506910681728 0.043518958613276489
decision_type=2 2 2 2 2 2 2 2 2 2 2 2 2 2
left_child=-1 -2 3 9 -5 -6 -7 10 11 -3 -4 12 13 -9
right_child=1 2 7 4 5 6 -8 8 -10 -11 -12 -13 -14 -15
leaf_value=0.018661428397533836 -0.012357152111576411 0.032917353205640446 0.00021764599973275644 -0.018480498039040397 0.017821212866013566 -0.021861127162535601 0.0026897867928067335 0.02475198961224441 -0.011801434538622851 0.0016382555781780607 -0.01647525984449761 0.020535141941310838 -0.013696463158616399 -0.0084571181526096589
leaf_weight=2.8850871098693451 11.294823507778345 3.953134353272616 9.4057244667783397 4.7825803146697572 15.245741970604284 4.8825316926231599 27.862585974973626 7.5070311350282335 10.321153862634672 3.5619831951335073 16.505638965172693 6.8735264486167571 6.894994505448266 3.8909082161262631
leaf_count=370 119 26 74 23 533 55 562 66 168 41 205 139 84 47
internal_value=0.00030381 -0.000342839 0.000929835 0.00513629 0.00198744 0.00474495 -0.00193224 -0.00318496 0.00252029 0.0218677 -0.0107269 0.00894069 0.00284177 0.0136213
internal_weight=135.867 132.982 121.688 60.2886 52.7734 47.9909 32.7451 61.399 35.4876 7.51512 25.9114 25.1665 18.2929 11.3979
internal_count=2512 2142 2023 1240 1173 1150 617 783 504 67 279 336 197 113
is_linear=0
shrinkage=0.03


Tree=184
num_leaves=15
num_cat=0
split_feature=24 25 42 35 48 8 9 2 45 9 34 45 31 26
split_gain=1.8638 1.99028 2.50548 2.48948 2.58178 1.95427 1.88542 1.79654 1.87042 3.35893 2.40591 3.87864 3.73863 3.29663
threshold=0.001496362433862434 0.016664545051753524 0.0072530708275735387 0.03682085499167443 0.024257265031337742 0.46586272120475775 0.05088744871318341 0.7235294282436372 0.04893689043819905 0.11829384416341783 0.014335517473118281 0.020957294851541523 1.2978643178939822 0.012102152220904829
decision_type=2 2 2 2 2 2 2 2 2 2 2 2 2 2
left_child=1 2 6 5 -5 -3 -1 8 9 10 13 12 -12 -2
right_child=7 3 -4 4 -6 -7 -8 -9 -10 -11 11 -13 -14 -15
leaf_value=0.012683416697007593 0.0018431841566410338 -0.022430634717556019 0.025827007446915011 0.023153709312288773 -0.0059293623889393327 0.0057235204837103671 -0.018601994106581116 0.014358300189123156 0.012889995536131942 -0.012837203554152188 0.025369115964785815 -0.0018036214081999244 -0.0047486319299808386 -0.015333592190708296
leaf_weight=1.4673956338956506 22.138020265061641 3.625859145075081 6.2190441828570329 3.8749673063866794 3.7076761380303651 2.341297255596146 1.4738666793564332 4.229948768625035 4.9521832228638223 22.713876320980489 9.7251790750306082 28.928714295849204 4.3967954507097593 15.50887405942194
leaf_count=181 398 20 311 50 39 72 9 172 98 461 127 363 34 177
internal_value=0.000302933 0.00778917 0.0171708 0 0.0103504 -0.0123437 -0.00357043 -0.00129045 -0.00217761 -0.0031585 -0.000153395 0.00455704 0.0163802 -0.00557378
internal_weight=135.304 22.7101 9.16031 13.5498 7.58264 5.96716 2.94126 112.594 108.364 103.411 80.6976 43.0507 14.122 37.6469
internal_count=2512 682 501 181 89 92 190 1830 1658 1560 1099 524 161 575
is_linear=0
shrinkage=0.03


Tree=185
num_leaves=15
num_cat=0
split_feature=31 31 40 47 40 38 48 1 34 33 24 42 27 43
split_gain=1.84643 2.07308 3.70382 3.6522 2.41562 4.01402 3.51412 5.35108 7.10575 5.01988 3.12129 2.78495 2.75646 2.46246
threshold=2.0346519947052006 0.70914399623870861 0.077626574784517302 0.051763538271188743 0.078963227570056929 0.26734209060668951 0.0079764681868255156 0.072002846747636809 0.029272508528265111 0.043596150353550918 0.0005261479591836736 0.0030228418763726954 0.037872107699513442 0.092647511512041106
decision_type=2 2 2 2 2 2 2 2 2 2 2 2 2 2
left_child=1 2 3 -1 5 6 10 11 12 -10 -3 -8 -9 -6
right_child=-2 4 -4 -5 13 -7 7 8 9 -11 -12 -13 -14 -15
leaf_value=0.013463408816221264 -0.014063693568064957 0.01287222374281489 0.013737178299858198 -0.018995802767164859 -0.015216034441925048 0.026372517351524273 -0.014676804319048834 -0.00028128470205723719 0.030292676142175901 0.0012627088478671391 -0.022271958639915768 0.018204304279603067 -0.023621578385681935 0.0028463810340208129
leaf_weight=2.23881817841903 5.5752169860061249 1.5361611593980331 4.112854433245956 14.184931710362433 10.041887565283107 5.4684984718915066 0.96989238262176769 7.7691445529926595 5.1741800932213691 22.94958247570321 6.2423893729865085 24.376611840329133 10.189275775570421 13.924814933561718
leaf_count=43 36 187 72 185 153 69 2 78 43 316 128 758 116 326
internal_value=0.00031295 0.00116126 -0.00711746 -0.0134271 0.00285366 0.00523374 0.0031238 0.00533485 -0.000807964 0.00835982 -0.0138114 0.015855 -0.0147145 -0.00519518
internal_weight=134.754 129.179 20.5366 16.4237 108.642 84.6757 79.2072 71.4287 46.0822 28.1238 7.77855 25.3465 17.9584 23.9667
internal_count=2512 2476 300 228 2176 1697 1628 1313 553 359 315 760 194 479
is_linear=0
shrinkage=0.03


Tree=186
num_leaves=15
num_cat=0
split_feature=9 34 34 22 16 3 10 6 2 22 40 44 24 31
split_gain=1.81017 3.93936 2.79371 2.44969 2.49899 2.35941 2.25955 2.13429 3.42883 3.21638 4.53941 2.90177 2.56498 2.46681
threshold=0.042747821658849723 0.0027213410010111226 0.0064985169151835828 0.011302724014967682 0.099795439539709499 0.5627451241016389 0.23333333432674411 0.55882355570793163 0.5156863033771516 0.020972578786313537 0.092980690300464644 0.11450687795877458 0.0016762275615828095 0.90699204802513134
decision_type=2 2 2 2 2 2 2 2 2 2 2 2 2 2
left_child=2 -2 -1 -3 6 -4 -5 8 9 12 -11 -10 -8 -13
right_child=1 3 5 4 -6 -7 7 -9 11 10 -12 13 -14 -15
leaf_value=0.018452866838401132 -0.014388809954887437 0.017701261440004695 -0.019125749029611071 0.014926185555957228 -0.011656482290129366 0.013086327772896452 0.0063824957275009139 0.011380058038026429 -0.026440125686806856 0.011088938462739714 -0.018440474403724417 -0.015564307280221725 -0.013455508731116143 0.014512819256811929
leaf_weight=9.0073750353185442 14.848471244797109 5.5332346721552303 2.9712445383192962 8.4634844425600004 12.361072321655227 1.590530676912749 7.1411572792567339 10.757869075401684 6.3954795179888588 30.192739139311016 3.5672913715243331 2.5473454743623734 15.455973136704413 3.3176322868093848
leaf_count=521 123 86 37 121 338 152 119 348 68 301 49 35 143 71
internal_value=0.000309318 -0.000896641 0.00995724 0.00120221 -8.12286e-06 -0.00687191 0.0018207 5.39415e-05 -0.00195129 0.00128149 0.00702795 -0.0151173 -0.00705512 0.000431985
internal_weight=134.151 120.582 13.5692 105.733 100.2 4.56178 87.839 79.3755 68.6176 56.3572 33.76 12.2605 22.5971 5.86498
internal_count=2512 1802 710 1679 1593 189 1255 1134 786 612 350 174 262 106
is_linear=0
shrinkage=0.03


Tree=187
num_leaves=15
num_cat=0
split_feature=31 31 40 47 40 38 48 13 34 33 18 37 33 18
split_gain=1.7869 1.93957 3.55041 3.48639 2.27803 3.86891 3.32132 5.50606 5.0463 4.82991 3.80976 3.17062 3.97528 3.12783
threshold=2.0346519947052006 0.70914399623870861 0.077626574784517302 0.051763538271188743 0.078963227570056929 0.26734209060668951 0.0079764681868255156 0.07569159567356111 0.029272508528265111 0.043596150353550918 0.034081138670444495 0.028133394196629528 0.057285621762275703 0.061212718486785896
decision_type=2 2 2 2 2 2 2 2 2 2 2 2 2 2
left_child=1 2 3 -1 5 6 10 -8 -9 -10 -3 -11 -13 -6
right_child=-2 4 -4 -5 13 -7 7 8 9 11 -12 12 -14 -15
leaf_value=0.013237351909523475 -0.013894287944816746 0.014045667180789015 0.013485123446630729 -0.018595154985899694 0.0065080180595274888 0.025905573011267634 0.015867214406146111 -0.012394353726280286 0.028843191941441471 -0.0099111832911273016 -0.023732915056464597 -0.011269593536746104 0.022042140358896956 -0.013827828748961565
leaf_weight=2.206255561206496 5.524037785595282 1.8024446783820156 4.1114181417506179 14.051347164902834 10.314303583349103 5.4275304530747226 25.216218279354507 18.72567786835134 4.9243027027696398 11.597456784686075 5.8990511689335108 3.3333527557551843 7.0937495059333742 13.453799595590679
leaf_count=43 36 249 72 185 231 69 768 202 40 124 66 49 130 248
internal_value=0.00029581 0.00113461 -0.0069017 -0.0131341 0.00277864 0.00509897 0.00301763 0.00517565 -0.00108209 0.00698795 -0.0135092 0 0.0110517 -0.00506637
internal_weight=133.681 128.157 20.369 16.2576 107.788 84.0198 78.5923 70.8908 45.6745 26.9489 7.7015 22.0246 10.4271 23.7681
internal_count=2512 2476 300 228 2176 1697 1628 1313 545 343 315 303 179 479
is_linear=0
shrinkage=0.03


Tree=188
num_leaves=15
num_cat=0
split_feature=9 34 16 14 4 34 36 5 44 40 43 4 22 48
split_gain=1.72245 2.20078 2.16099 3.25549 3.27818 2.78212 3.78158 2.73504 4.00151 3.07669 2.18019 2.14784 1.99506 1.98256
threshold=0.028894335031509403 0.001234087004061231 0.0073728760619690163 0.37908589839935308 0.45977550745010382 0.027305163494123586 0.0082224016077816504 0.081748697906732573 0.050642302259802825 0.0069214170798659333 0.01807514671236277 0.63628253340721141 0.014163523912429811 0.018064995296299461
decision_type=2 2 2 2 2 2 2 2 2 2 2 2 2 2
left_child=-1 12 3 13 -5 -4 -7 8 9 -6 -9 -12 -2 -3
right_child=1 2 5 4 7 6 -8 10 -10 -11 11 -13 -14 -15
leaf_value=0.018106306935734624 0.0049723693305666955 0.031923243132218448 -0.010229130223102486 -0.017868393902970812 0.015179287651247514 0.0086726630101416711 -0.011523585073636773 0.011729005689689539 0.017314907828525329 -0.017716609222082593 -0.019232057668808117 0.00096528753549968301 -0.019071886584558807 0.001524897311104944
leaf_weight=2.7270817141106809 3.2867699792841432 3.8959071170538655 25.214112442452461 4.6796021745540193 2.0616816437104744 24.720945046748966 10.117577485740183 4.4380397540517178 19.248391409171745 5.2042159536504187 6.8258648696355548 9.2760334829799813 7.770728079136461 3.5086094243451953
leaf_count=370 54 26 279 23 209 336 168 51 587 92 68 143 65 41
internal_value=0.000304584 -0.000313641 0.000928946 0.00493721 0.00184681 -0.00300185 0.00241877 0.00451725 0.0105888 -0.00679706 -0.00343138 -0.00860987 -0.0120282 0.0212256
internal_weight=132.976 130.248 119.191 59.1383 51.7338 60.0526 34.8385 47.0542 26.5143 7.2659 20.5399 16.1019 11.0575 7.40452
internal_count=2512 2142 2023 1240 1173 783 504 1150 888 301 262 211 119 67
is_linear=0
shrinkage=0.03


Tree=189
num_leaves=15
num_cat=0
split_feature=31 22 42 28 41 41 21 6 2 44 2 41 37 14
split_gain=1.71589 1.88067 3.02959 2.47076 2.32267 4.43316 3.40599 3.13377 2.82978 2.58055 2.93863 2.55308 2.45083 2.39668
threshold=2.0346519947052006 0.035349013283848769 0.020549409091472629 0.0012043660100062542 0.13215573132038119 0.12098061665892602 0.081639517098665251 0.27078439295291906 0.53921571373939525 0.051637910306453712 0.5000000149011613 0.046342696994543083 0.091898009181022658 0.525405913591385
decision_type=2 2 2 2 2 2 2 2 2 2 2 2 2 2
left_child=1 4 3 -3 5 7 -6 -1 12 10 11 -9 -8 -12
right_child=-2 2 -4 -5 6 -7 8 9 -10 -11 13 -13 -14 -15
leaf_value=-0.014426971171475629 -0.013645692959357076 -0.0066357041144926134 -0.014539402941115503 0.019784829276047654 0.014320167193500488 -0.024787584802441115 -0.021985315246349901 0.020738193792779844 0.018040199615040945 0.0093109554585185366 -0.027671661154569007 -0.0055121407668993318 0.0011479890889440078 0.004543420133002728
leaf_weight=7.2289953990839413 5.4735807026736429 5.0698756081983465 13.582410981878636 3.9528724676929414 26.675446915905923 4.3197413543239227 4.7613409440964487 3.4775161556899565 2.8080121430102727 32.470153641887009 4.2511472763726479 6.6990950480103493 9.5145573248155397 2.1563563790987246
leaf_count=60 36 107 418 45 365 56 26 144 172 557 87 62 85 292
internal_value=0.000304706 0.00113166 -0.00632778 0.00615663 0.0028642 -0.00091529 0.00797527 0.00165315 -0.00223718 0.00455393 -0.00459814 0.00514455 -0.00813667 -0.0179715
internal_weight=132.441 126.968 22.6052 9.02275 104.362 60.603 43.7594 56.2833 17.0839 49.0543 16.5841 10.1766 14.2759 6.4075
internal_count=2512 2476 570 152 1906 1258 648 1202 283 1142 585 206 111 379
is_linear=0
shrinkage=0.03


Tree=190
num_leaves=15
num_cat=0
split_feature=24 25 35 48 30 47 36 15 34 46 41 20 10 10
split_gain=1.69011 1.92043 2.26443 2.38466 2.08787 1.86682 2.61973 4.27499 2.15117 2.29831 2.1506 2.71237 2.47417 2.77929
threshold=0.001496362433862434 0.016664545051753524 0.03682085499167443 0.024257265031337742 0.0050177238881587991 0.14113168418407443 0.0049454607069492349 0.58061575889587413 0.0022840115613553119 0.13319533318281176 0.032746426761150367 0.0056997292686545029 0.50294122099876415 0.47254902124404913
decision_type=2 2 2 2 2 2 2 2 2 2 2 2 2 2
left_child=1 4 -3 -4 -1 10 7 -7 -9 -10 -2 12 13 -12
right_child=5 2 3 -5 -6 6 -8 8 9 -11 11 -13 -14 -15
leaf_value=-0.0021154743826556428 0.012735622442556422 -0.012081211696633013 0.02244533215828029 -0.005787253555402337 0.025294606084190763 -0.00090176857308098832 -0.0076004623446998976 -0.0079904026625695988 0.026599938685348417 -0.0041151159345452831 0.00059589881521483724 -0.015259694134964568 0.016073461968508063 -0.019431678197373597
leaf_weight=2.9907384819816816 3.6748088084859765 5.770027522579765 3.6790295368991792 3.6444711284711957 5.7247979551902972 25.756650100345723 14.360411037458105 1.2999733069445927 11.22085106722079 1.8487501286435861 22.525150837609548 18.899482434848323 4.1613957941590334 6.4300644681788972
leaf_count=187 61 92 50 39 314 369 312 46 212 42 234 269 209 76
internal_value=0.000276527 0.00755041 0 0.00984627 0.0169696 -0.0012455 0.0026217 0.00653839 0.0185385 0.0220866 -0.0050408 -0.00677725 -0.00125755 -0.00472282
internal_weight=131.987 21.8091 13.0935 7.3235 8.71554 110.178 54.4866 40.1262 14.3696 13.0696 55.6909 52.0161 33.1166 28.9552
internal_count=2512 682 181 89 501 1830 981 669 300 254 849 788 519 310
is_linear=0
shrinkage=0.03


Tree=191
num_leaves=15
num_cat=0
split_feature=9 34 34 22 4 3 42 42 22 8 26 34 36 36
split_gain=1.66692 3.5694 2.56441 2.29689 2.36645 2.14845 1.97483 3.46066 2.74124 2.6748 2.54678 2.11302 3.12643 3.02868
threshold=0.042747821658849723 0.0027213410010111226 0.0064985169151835828 0.011302724014967682 0.40395213663578039 0.5627451241016389 0.020549409091472629 0.016956037841737274 0.054973807185888297 0.35092531144618994 0.014199000783264639 0.024017905773420483 0.0092100454494357126 0.015885276719927791
decision_type=2 2 2 2 2 2 2 2 2 2 2 2 2 2
left_child=2 -2 -1 -3 -5 -4 7 8 10 -8 -6 -11 -13 -14
right_child=1 3 5 4 6 -7 9 -9 -10 11 -12 12 13 -15
leaf_value=0.017956266031021191 -0.013865109939715872 0.017292368165909868 -0.018238988857136346 -0.012690249557901042 0.007370823545417524 0.012710048973025211 0.018217755509042262 0.020235990453249718 0.022501333938683633 -0.014926743537817965 -0.012392458311945406 0.0041183240540319504 -0.022599489121865993 0.0066944630219832576
leaf_weight=8.6888509974232857 14.495437142206354 5.3638830236159256 2.9417396961944169 9.8369863708503527 8.4030830096453482 1.5177458649850448 3.4726307769305995 10.042314755148253 2.1711907377466551 9.9519502238836122 11.55944144411478 32.284737694542855 7.2522687399759871 3.5021903049200773
leaf_count=521 123 86 37 232 126 152 23 196 23 133 151 536 122 51
internal_value=0.000279752 -0.00088226 0.0096717 0.00112946 -4.77288e-05 -0.00656734 0.00157126 0.00729137 0.000103665 -0.00177497 -0.00402301 -0.00375461 -0.000556552 -0.0132708
internal_weight=131.484 118.336 13.1483 103.841 98.4768 4.45949 88.6398 32.176 22.1337 56.4638 19.9625 52.9911 43.0392 10.7545
internal_count=2512 1802 710 1679 1593 189 1361 496 300 865 277 842 709 173
is_linear=0
shrinkage=0.03


Tree=192
num_leaves=15
num_cat=0
split_feature=31 31 40 44 40 38 20 40 16 24 48 13 36 34
split_gain=1.62961 1.76827 3.35136 2.25236 2.16327 3.65999 3.09865 3.11996 2.78041 2.45984 3.25839 2.8413 2.80638 2.63928
threshold=2.0346519947052006 0.70914399623870861 0.077626574784517302 0.21813637018203738 0.078963227570056929 0.26734209060668951 0.052480715287517542 0.059478126466274268 0.00065282046903460849 0.0028226981351981355 0.0090755326673388498 0.07569159567356111 0.00099913449957966826 0.029778736697255528
decision_type=2 2 2 2 2 2 2 2 2 2 2 2 2 2
left_child=1 2 -1 -4 5 6 7 9 -6 11 -11 -3 -12 -13
right_child=-2 4 3 -5 8 -7 -8 -9 -10 10 12 13 -14 -15
leaf_value=-0.012815119035810589 -0.013386373804921883 0.022198590078028473 0.027725748694947996 -0.0055192126168251794 0.0060516810061351694 0.025274742867643658 -0.014935607625095052 0.022937554375074474 -0.013334240714490903 -0.020123221402669582 0.019906863537713204 -0.013126932581532771 -0.0012001964812881781 0.012706517683781239
leaf_weight=15.858609928516673 5.386673182481899 8.4331230523530412 1.8385911537334312 2.242138770641759 10.001355603453705 5.3666347018443039 5.9307773034088305 5.7182821787428102 13.211474533658473 5.027010668127331 4.6169178854906923 5.022355243097989 37.130191419273615 5.2173899335321039
leaf_count=228 36 592 22 50 292 69 184 145 187 72 47 30 510 48
internal_value=0.00028815 0.00109866 -0.00664768 0.0131587 0.00268446 0.0049638 0.00290869 0.00480443 -0.00504525 0.00254242 -0.00116143 0.0111802 0.00186888 0
internal_weight=131.002 125.615 19.9393 4.08073 105.676 82.4627 77.096 71.1653 23.2128 65.447 46.7741 18.6729 41.7471 10.2397
internal_count=2512 2476 300 72 2176 1697 1628 1444 479 1299 629 670 557 78
is_linear=0
shrinkage=0.03


Tree=193
num_leaves=15
num_cat=0
split_feature=9 34 14 14 12 30 22 9 19 19 30 47 14 13
split_gain=1.58936 2.07115 1.92769 2.55389 2.93868 3.20774 3.22756 2.82667 2.39551 3.53113 3.3289 3.38102 2.81588 2.27417
threshold=0.028894335031509403 0.001234087004061231 0.57437631487846386 0.49872256815433508 0.51529023051261913 0.014304507523775102 0.017421396449208263 0.049221821129322059 0.47789521515369421 0.19684551656246188 0.012379100080579521 0.058175958693027503 0.40735432505607611 0.054451953619718559
decision_type=2 2 2 2 2 2 2 2 2 2 2 2 2 2
left_child=-1 -2 3 4 5 8 -7 -5 9 10 11 -3 13 -11
right_child=1 2 -4 7 -6 6 -8 -9 -10 12 -12 -13 -14 -15
leaf_value=0.017640631444686316 -0.011788698504263803 0.0097246625571203709 0.011595412154143331 0.013062349958597235 0.0086944779300037814 0.0063997060963139592 -0.017011981397277803 -0.018559375458922844 -0.015548412931112476 -0.00042712354471438082 0.015840974983810367 -0.019282938558447635 -0.0068014983961088493 0.024120783033027178
leaf_weight=2.597854194144019 10.776201177155597 3.5721931915031773 11.509333339461589 1.5899263968458388 30.268061760463752 5.8971082419157055 17.103218326577917 9.87712977780029 3.7042600847780696 4.0710251946002307 3.5753775127232066 10.043636584887279 3.7756523455027482 12.102524380665271
leaf_count=370 119 83 402 136 459 42 348 161 67 26 33 93 39 134
internal_value=0.000298775 -0.000296708 0.000915972 -0.000414238 0.00127949 -0.00234761 -0.0108576 -0.0126634 0.00265765 0.00525181 -0.00436291 -0.0112097 0.0133166 0.0184098
internal_weight=130.464 127.866 117.089 105.58 94.1131 63.845 23.0003 11.4671 40.8447 37.1404 17.1912 13.6158 19.9492 16.1735
internal_count=2512 2142 2023 1621 1324 865 390 297 475 408 209 176 199 160
is_linear=0
shrinkage=0.03


Tree=194
num_leaves=15
num_cat=0
split_feature=24 25 42 35 48 47 36 7 42 3 28 16 29 15
split_gain=1.56807 1.83244 2.26451 2.11023 2.28431 1.71814 2.45545 4.06641 2.34824 2.24936 2.23721 2.51931 2.15816 2.95429
threshold=0.001496362433862434 0.016664545051753524 0.0072530708275735387 0.03682085499167443 0.024257265031337742 0.14113168418407443 0.0076418877579271802 0.58235296607017528 0.01195899583399296 0.46862745285034185 0.0061898816130225688 0.00087494488536155209 0.011224334593862297 0.53688040375709545
decision_type=2 2 2 2 2 2 2 2 2 2 2 2 2 2
left_child=1 2 -1 -3 -5 -2 7 8 9 -7 11 -9 -10 -14
right_child=5 3 -4 4 -6 6 -8 10 12 -11 -12 -13 13 -15
leaf_value=-0.0035451309673281816 -0.0048339564113404395 -0.011755980866057166 0.025197411295175557 0.022077299207050899 -0.0057373626528227761 -0.0075905346015601432 -0.011275119551233672 0.014179275758486844 -0.017128173758973679 0.016854841859992295 0.026463311587261496 -0.011022166251976728 0.014870827193402904 -0.015863758134632006
leaf_weight=2.729551454685863 55.003596021735575 5.6765201006783155 5.7162689502583817 3.5597565025091171 3.5988836868200451 3.8165413364768046 7.6560356372501692 7.3985584147740173 9.2339804922230559 6.8081787071423605 7.3836221792735151 3.8255214879754931 4.9542603872250757 2.7216829597018659
leaf_count=190 849 92 311 50 39 34 188 195 106 135 124 58 73 68
internal_value=0.000298257 0.00738971 0.0167209 0 0.0095671 -0.00117006 0.00256115 0.00529224 -0.00201783 0.00802472 0.0154009 0.00499505 -0.0086677 0.00263664
internal_weight=130.083 21.281 8.44582 12.8352 7.15864 108.802 53.7984 46.1423 27.5346 10.6247 18.6077 11.2241 16.9099 7.67594
internal_count=2512 682 501 181 89 1830 981 793 416 169 377 253 247 141
is_linear=0
shrinkage=0.03


Tree=195
num_leaves=15
num_cat=0
split_feature=31 22 42 28 41 41 21 16 31 43 34 1 47 23
split_gain=1.53484 1.76426 2.7262 2.26364 2.09503 4.14066 3.088 4.90867 2.95834 3.0329 2.72533 2.46918 2.34133 3.14118
threshold=2.0346519947052006 0.035349013283848769 0.020549409091472629 0.0012043660100062542 0.13215573132038119 0.12098061665892602 0.081639517098665251 0.00065282046903460849 1.2261127233505251 0.029935344122350219 0.0015845196153113695 0.093045305460691466 0.076745674014091506 0.025490209460258487
decision_type=2 2 2 2 2 2 2 2 2 2 2 2 2 2
left_child=1 4 3 -3 5 8 -6 -8 9 11 -10 12 13 -1
right_child=-2 2 -4 -5 6 -7 7 -9 10 -11 -12 -13 -14 -15
leaf_value=0.010897956412585025 -0.013066587847926614 -0.0065825669895431919 -0.014081798692307856 0.01880438452264142 0.013746945776807731 -0.024041513228793842 0.017927134943410621 -0.01279388896924552 -0.015156301089037948 0.0088062254939446135 0.017432873573643905 -0.01962113977249428 0.015033885064663192 -0.014322530876368755
leaf_weight=4.6980043630465032 5.2801502477377644 4.9803197404835391 13.262903493130578 3.91060980129987 26.273323167231865 4.2449801100883624 5.1695731325307888 11.453467988874761 1.0680075617856335 12.96655564336106 12.277276708220596 8.3493267167359573 3.9454989728983483 11.813569234276654
leaf_count=347 36 107 418 45 365 56 207 76 22 254 205 64 66 244
internal_value=0.000301782 0.00109062 -0.00619911 0.0057109 0.00278729 -0.000838906 0.00768614 -0.00217968 0.00167479 -0.00230127 0.0129938 -0.00764557 -0.00131214 -0.00658241
internal_weight=129.694 124.413 22.1538 8.89093 102.26 59.3632 42.8964 16.623 55.1182 41.773 13.3453 28.8064 20.4571 16.5116
internal_count=2512 2476 570 152 1906 1258 648 283 1202 975 227 721 657 591
is_linear=0
shrinkage=0.03


Tree=196
num_leaves=15
num_cat=0
split_feature=9 7 11 8 3 8 26 38 45 33 8 11 31 41
split_gain=1.53889 2.27757 3.51798 2.75705 3.42405 2.34866 2.13985 1.91133 2.33507 2.43813 2.44378 2.18034 1.85699 1.8255
threshold=0.042747821658849723 0.43725490570068365 0.42156863212585455 0.44455729424953466 0.49607843160629278 0.45527744293212896 0.01228701137006283 0.2259573116898537 0.015936752781271938 0.042809374630451209 0.52838698029518139 0.70392158627510082 0.39344038069248205 0.26150959730148321
decision_type=2 2 2 2 2 2 2 2 2 2 2 2 2 2
left_child=6 -2 -3 4 -4 -5 -1 8 -7 -10 -11 -12 -6 -9
right_child=1 2 3 5 12 7 -8 13 9 10 11 -13 -14 -15
leaf_value=0.015724392109668885 -0.015412452371537331 0.016678230646376364 0.014166127748325772 0.018702220577588559 0.011026761137386232 -0.011077441442144072 -0.0082435029283440837 0.025524517623275317 0.010692301362002813 -0.011624431193805095 0.019167362158134544 -0.002479477318475119 -0.014069934428676057 -0.0049065484495514041
leaf_weight=9.7057407089741883 6.9292469054926178 8.734287179540841 3.4177033230662373 4.8193484339863053 1.3290699794888521 14.72349224728532 3.0691326865926376 2.8266950713004908 16.078724398743361 13.727640764554964 4.1556221100036046 11.384695307584478 26.597965611843392 1.7112755733542142
leaf_count=625 65 75 30 50 7 243 85 46 322 163 60 231 467 43
internal_value=0.000284444 -0.000835526 0.00031985 -0.00136577 -0.00848454 0.00195375 0.0094267 0.000135333 -0.00144957 0.00194899 -0.00313499 0.00466354 -0.0121182 0.0155996
internal_weight=129.211 116.436 109.507 100.772 31.3447 69.4275 12.7749 64.6081 60.0702 45.3467 29.268 15.5403 27.927 4.53797
internal_count=2512 1802 1737 1662 504 1158 710 1108 1019 776 454 291 474 89
is_linear=0
shrinkage=0.03


Tree=197
num_leaves=15
num_cat=0
split_feature=24 48 42 12 35 16 43 24 32 36 14 6 8 4
split_gain=1.5017 1.72009 2.15837 1.68689 1.80626 1.56204 2.42678 2.89733 2.86554 3.34303 2.05258 3.60243 2.9555 2.40029
threshold=0.001496362433862434 0.015278324950486423 0.0072530708275735387 0.50849232077598583 0.037155443802475936 0.0073728760619690163 0.041671706363558776 0.065325218023255832 0.019312862306833271 0.0062914490699768075 0.39183707535266882 0.40980392694473272 0.50701248645782482 0.71599727869033825
decision_type=2 2 2 2 2 2 2 2 2 2 2 2 2 2
left_child=1 2 -1 4 -3 10 -7 -8 -9 -10 -2 -12 -13 -14
right_child=5 3 -4 -5 -6 6 7 8 9 -11 11 12 13 -15
leaf_value=-0.0034904225569644138 0.012651627481756458 -0.01707667744036134 0.024724578013472269 0.014041940364175257 0.005196620029522531 -0.011942199132457103 0.016836776632954201 -0.010763981949373358 0.028282698692189714 -0.0060730335201420486 -0.016017702261524158 0.015763158286500184 -0.008018768817032498 0.0094860483795043606
leaf_weight=2.6867659648414719 11.18777986243367 4.6224540256662277 5.6167447509651538 3.2187365303980178 4.8000976173207164 21.995307724690065 5.7929372796788838 16.087670945795256 2.6035298006609073 4.2323403384070843 8.8494116808287782 10.252880894462576 17.868682317057395 8.8939040848053974
leaf_count=188 87 41 283 137 33 259 45 244 32 163 70 316 331 283
internal_value=0.000306207 0.00729975 0.0163985 0 -0.00654425 -0.00113395 -0.00488872 0.000842011 -0.00410633 0.0101123 0.00220525 -0.000702411 0.00351558 -0.00184206
internal_weight=128.709 20.9448 8.30351 12.6413 9.42255 107.764 50.7118 28.7165 22.9235 6.83587 57.0527 45.8649 37.0155 26.7626
internal_count=2512 682 471 211 74 1830 743 484 439 195 1087 1000 930 614
is_linear=0
shrinkage=0.03


Tree=198
num_leaves=15
num_cat=0
split_feature=9 33 20 33 34 26 45 0 11 48 22 18 45 30
split_gain=1.46838 2.05957 2.99151 2.58708 4.22109 2.50056 2.16865 2.42227 2.48293 2.41986 2.4198 2.10729 2.97059 2.36763
threshold=0.028894335031509403 0.015880407765507702 0.0016228971048513304 0.024891070090234283 0.0027213410010111226 0.0088282758370041865 0.013334879186004402 0.44196970760822302 0.44901961088180548 0.014347121585160496 0.035349013283848769 0.079467181116342558 0.034261720255017288 0.011914273723959925
decision_type=2 2 2 2 2 2 2 2 2 2 2 2 2 2
left_child=-1 2 -2 4 5 -3 9 8 -8 -5 11 12 13 -9
right_child=1 3 -4 6 -6 -7 7 10 -10 -11 -12 -13 -14 -15
leaf_value=0.017209793536879493 0.007455869647182924 0.010771596898077627 -0.020573220033519548 0.0065152255376102215 0.022445849385508896 -0.01518652244584659 0.0035940358541583896 -0.0034205498525022187 -0.019953896308196044 -0.021130241545171721 -0.0069102630373435708 0.017511649847810437 -0.010063982139933482 0.011957723327054854
leaf_weight=2.480717387632466 3.8129504831158538 4.1970185263780895 7.7110168943181634 2.8453246415592712 9.9024683380266634 5.2621148321777582 5.8103280258364958 12.210581587743944 7.413075256627053 6.9668303274083883 15.690545530291272 9.263080542907117 10.397284837439654 24.243217846029438
leaf_count=370 139 57 68 35 228 41 88 245 155 72 395 97 94 428
internal_value=0.000322998 -0.000250973 -0.0113462 0.00101884 0.0104686 -0.00353731 -0.00105572 0.0005707 -0.0102971 -0.0131139 0.00283754 0.00575884 0.00275194 0.0068186
internal_weight=128.207 125.726 11.524 114.202 19.3616 9.45913 94.8403 85.0281 13.2234 9.81215 71.8047 56.1142 46.8511 36.4538
internal_count=2512 2142 207 1935 326 98 1609 1502 243 107 1259 864 767 673
is_linear=0
shrinkage=0.03


Tree=199
num_leaves=15
num_cat=0
split_feature=24 25 28 30 47 36 7 22 19 46 42 34 3 14
split_gain=1.43456 2.29156 2.58398 2.01075 1.76294 2.34342 4.04558 2.08507 2.83338 2.57683 1.95465 2.4984 2.31422 1.91271
threshold=0.0028226981351981355 0.016664545051753524 0.0011186549272486775 0.0050177238881587991 0.14113168418407443 0.0049454607069492349 0.58235296607017528 0.017245313152670864 0.21716652810573581 0.0050683242734521636 0.01195899583399296 0.026867026400211668 0.46862745285034185 0.58999809622764599
decision_type=2 2 2 2 2 2 2 2 2 2 2 2 2 2
left_child=1 3 -3 -1 7 6 10 -2 9 -9 12 -12 -6 -8
right_child=4 2 -4 -5 5 -7 13 8 -10 -11 11 -13 -14 -15
leaf_value=-0.0019671058517679472 -0.017650790262673244 -0.015283266450948583 0.0077436751839629172 0.025231883129287327 -0.0077498164814081907 -0.0072141297199814925 0.023451221890528159 -0.011189320924357055 -0.014550481499052746 0.0067909060135041182 -0.014426791561629413 0.0094524333968885321 0.017310792177260861 -0.0013946998783569546
leaf_weight=2.8776563052961155 7.8057934233802362 4.9364942265674463 9.8829941409639996 5.8481529514829163 3.7491214070469159 13.936272071208803 10.675305684912017 7.6373389220098025 10.164443691726772 25.894042238942347 10.948380578309296 3.8978757911827406 6.500313269905746 3.0146359514910719
leaf_count=196 156 81 125 337 34 312 212 87 192 358 160 53 134 75
internal_value=0.00031422 0.006711 -0.000653661 0.0172881 -0.00120179 0.00257355 0.00634527 -0.00507439 -0.00208789 0.00221186 -0.000939699 -0.00760135 0.00813038 0.0183084
internal_weight=127.769 23.5453 14.8195 8.72581 104.224 52.7219 38.7856 51.5016 43.6958 33.5314 25.0957 14.8463 10.2494 13.6899
internal_count=2512 739 206 533 1773 980 668 793 637 445 381 213 168 287
is_linear=0
shrinkage=0.03


Tree=200
num_leaves=15
num_cat=0
split_feature=9 34 34 33 5 1 0 0 36 12 23 25 13 23
split_gain=1.43854 3.20031 2.21533 2.00535 3.51834 2.84383 2.12386 2.06666 3.2242 2.78222 2.97066 4.11767 3.10846 3.07048
threshold=0.042747821658849723 0.0027213410010111226 0.0064985169151835828 0.033511172980070121 0.056617416441440589 0.10555479675531389 0.44675701856613165 0.47679479420185095 0.004504985874518753 0.51137623190879833 0.050000011920928962 0.031321693211793906 0.082164846360683455 0.14705883711576465
decision_type=2 2 2 2 2 2 2 2 2 2 2 2 2 2
left_child=2 -2 -1 4 -3 -6 -5 8 -8 -9 -11 12 -12 -13
right_child=1 3 -4 6 5 -7 7 9 -10 10 11 13 -14 -15
leaf_value=0.017164855871966742 -0.013298493049267607 -0.0069327536847905999 -0.0060540515365294523 -0.013305784083312101 0.017722742344455551 -0.0099179610817797456 0.025387397638586093 -0.011355719301259882 -0.0081683865627760321 0.017045840512116873 0.0046198175270686405 0.016641770170547736 -0.020086348800388981 -0.012936902656584806
leaf_weight=8.1766028653364611 13.934937359299509 9.1953004029346648 4.2844500305072861 9.7553710169158858 18.669516609166752 2.5144193703308693 4.7028068527579299 16.041120814159513 2.766840314026922 7.9813050142256534 6.0380177858751329 10.597684458363799 10.280351531226186 2.4628212517127386
leaf_count=521 123 184 189 210 235 38 52 208 52 172 199 133 122 74
internal_value=0.000302311 -0.000782569 0.00924093 0.00113971 0.0073483 0.01374 -0.00161836 0.000570672 0.0135411 -0.00161279 0.00285871 -0.00174068 -0.0112747 0.00988763
internal_weight=127.402 114.94 12.4611 101.006 30.3792 21.1839 70.6263 60.8709 7.46965 53.4013 37.3602 29.3789 16.3184 13.0605
internal_count=2512 1802 710 1679 457 273 1222 1012 104 908 700 528 321 207
is_linear=0
shrinkage=0.03


Tree=201
num_leaves=15
num_cat=0
split_feature=9 34 16 14 4 28 34 39 34 33 36 34 5 47
split_gain=1.39832 1.96862 1.84937 2.91647 2.70691 4.05035 3.22739 2.59069 2.4441 3.24128 1.85491 4.84982 1.81152 1.71101
threshold=0.028894335031509403 0.001234087004061231 0.0073728760619690163 0.37908589839935308 0.45977550745010382 0.00047195747800586515 0.018676832964368544 0.021295508369803432 0.027305163494123586 0.043596150353550918 0.0082224016077816504 0.068394986391838927 0.082220062613487258 0.1556946858763695
decision_type=2 2 2 2 2 2 2 2 2 2 2 2 2 2
left_child=-1 -2 3 -3 -5 12 13 -8 -4 -10 11 -11 -6 -7
right_child=1 2 8 4 5 6 7 -9 9 10 -12 -13 -14 -15
leaf_value=0.016918538335324664 -0.011618631146164021 0.020207402958288278 -0.009747715290021608 -0.016525478781359168 0.020506852013862303 -0.024254448863438492 0.020332611139675539 -0.0015519695406386405 0.018260697691306553 -0.0091249231934450448 -0.01221383080920424 0.01984916255314579 -0.0048238466460101929 0.0018733500734499781
leaf_weight=2.4023306064191265 10.454256498487664 7.2586225755512706 23.931979488581419 4.4583502903114995 11.961823431600349 5.1469695235136923 4.3665623181732398 18.866110409260727 6.78114997036755 10.464103730395442 9.1946455764118564 6.9212522327434263 2.0724453129805616 2.6084100392181426
leaf_count=370 119 67 279 23 493 70 151 362 48 170 165 121 40 34
internal_value=0.000289816 -0.000269807 0.000927107 0.0047053 0.00167623 0.00416868 -0.00195972 0.00372792 -0.00279647 0.00237452 -0.00256767 0.00311294 0.016444 -0.0165768
internal_weight=126.889 124.487 114.032 56.7393 49.4807 45.0223 30.9881 23.2327 57.2931 33.3612 26.58 17.3854 14.0343 7.75538
internal_count=2512 2142 2023 1240 1173 1150 617 513 783 504 456 291 533 104
is_linear=0
shrinkage=0.03


Tree=202
num_leaves=15
num_cat=0
split_feature=9 34 34 22 4 3 42 42 8 22 26 34 34 36
split_gain=1.38362 2.9741 2.11637 2.07481 2.04368 1.83935 1.65032 3.21549 2.37363 2.26352 2.20644 1.96224 1.92883 2.80269
threshold=0.042747821658849723 0.0027213410010111226 0.0064985169151835828 0.011302724014967682 0.40395213663578039 0.5627451241016389 0.020549409091472629 0.016956037841737274 0.35092531144618994 0.050651676952838905 0.012102152220904829 0.018676832964368544 0.024017905773420483 0.0092100454494357126
decision_type=2 2 2 2 2 2 2 2 2 2 2 2 2 2
left_child=2 -2 -1 -3 -5 -4 7 9 -8 10 -6 -9 -10 -14
right_child=1 3 5 4 6 -7 8 11 12 -11 -12 -13 13 -15
leaf_value=0.016918577490507864 -0.012879339385308048 0.016774480727379207 -0.016779964478751779 -0.012075222336850404 0.011699942401344891 0.012175342461554732 0.01729850586612719 0.00059366862281864117 -0.014358566116807726 0.019899687775294574 -0.0094374951155514787 0.027839256590806025 0.0040306709216577936 -0.012713669669482838
leaf_weight=8.0507640923606214 13.823967723175882 5.065515652881003 2.8444341069553039 9.3111261215526593 4.0396266417810791 1.416371947067091 3.4026941661722949 3.844549310859291 9.6338745784014446 2.2253705849871031 15.099531170679255 5.9766206457279623 31.347433079150505 10.304949536686761
leaf_count=521 123 86 37 232 57 152 23 83 133 25 218 113 536 173
internal_value=0.000294202 -0.000771732 0.00910806 0.00108774 -4.42154e-05 -0.0058609 0.00147127 0.00677711 -0.00163375 -2.69598e-05 -0.00414934 0.0193325 -0.00354827 -0.000435911
internal_weight=126.387 114.075 12.3116 100.251 95.1858 4.26081 85.8746 31.1857 54.689 21.3645 19.1392 9.82117 51.2863 41.6524
internal_count=2512 1802 710 1679 1593 189 1361 496 865 300 275 196 842 709
is_linear=0
shrinkage=0.03


Tree=203
num_leaves=15
num_cat=0
split_feature=31 22 9 28 43 41 41 24 16 31 43 15 34 40
split_gain=1.41403 1.60516 2.1409 2.70946 2.0539 1.93567 3.8027 2.67477 4.46459 2.62552 2.77988 2.35781 2.35396 2.18478
threshold=2.0346519947052006 0.035349013283848769 0.10598051920533182 0.0064169337606837613 0.0038616701494902377 0.13215573132038119 0.12098061665892602 0.5209142833662066 0.00065282046903460849 1.2261127233505251 0.029935344122350219 0.57210981845855724 0.001645875548801081 0.051149675622582443
decision_type=2 2 2 2 2 2 2 2 2 2 2 2 2 2
left_child=1 5 3 -3 -4 6 9 13 -9 10 11 -1 -11 -7
right_child=-2 2 4 -5 -6 7 -8 8 -10 12 -12 -13 -14 -15
leaf_value=0.0026956971447221153 -0.012730985284711154 -0.0061277504914035068 0.0085838343551081914 0.023716182910735833 -0.017216371034006542 4.1549970670405725e-05 -0.023288941667524175 0.017421438196439591 -0.012669573271808553 -0.013513310813253599 0.0085460404040627932 -0.01404898310736505 0.016715170433698447 0.018523043275260602
leaf_weight=11.433363184391057 5.0472864394541821 5.5969009422697154 2.0125238774344316 2.3367403233423829 11.598337796982376 8.6147474423050898 4.1100971690611905 4.844069324550218 10.587230405071749 1.1189789456839196 12.697158153518101 16.502973089111038 11.81871741224313 17.664802835206501
leaf_count=251 36 74 18 26 452 92 56 209 72 26 254 470 201 275
internal_value=0.000310697 0.00107765 -0.00596199 0.00536551 -0.0125984 0.00272068 -0.000814265 0.00749131 -0.00213646 0.00163216 -0.00216105 -0.0073735 0.0124406 0.0130021
internal_weight=125.984 120.937 21.5445 7.93364 13.6109 99.3921 57.6813 41.7109 15.4313 53.5712 40.6335 27.9363 12.9377 26.2796
internal_count=2512 2476 570 100 470 1906 1258 648 281 1202 975 721 227 367
is_linear=0
shrinkage=0.03


Tree=204
num_leaves=15
num_cat=0
split_feature=14 14 4 30 36 11 9 18 34 27 24 12 14 10
split_gain=1.35198 3.27806 2.24504 2.73457 2.94946 2.48332 2.28922 2.17255 2.00608 2.40642 2.1503 1.95594 1.88032 4.10861
threshold=0.525405913591385 0.49872256815433508 0.53042089939117443 0.013460366521030666 0.0029563788557425146 0.70392158627510082 0.067909546196460738 0.067489925771951689 0.032945050263489525 0.056916266679763801 0.0011713718334048951 0.50983238220214855 0.35204432904720312 0.35882353782653814
decision_type=2 2 2 2 2 2 2 2 2 2 2 2 2 2
left_child=1 2 3 4 -1 12 -5 -2 -8 -10 -11 -12 -4 -14
right_child=7 -3 5 6 -6 -7 8 -9 9 10 11 -13 13 -15
leaf_value=-0.00062482562133001139 0.015814690938051233 -0.017178941713802989 0.031870455812247907 0.0096411940251415612 0.018524104633749733 -0.0041353353663400602 -0.024775430377668769 -0.0045021781745647454 0.010057897017271103 0.010862076193832733 -0.021104393086046579 0.0033298676637527735 -0.014129770272735397 0.017709493473096787
leaf_weight=42.539161914144643 9.6691252829332388 8.1560038538300415 2.7780055683106211 3.5706696761772063 6.6346670798957339 7.9034934411756685 6.1672844740096506 6.4630590635351828 4.5962876288685974 1.7392738461494435 10.153591419570146 2.9820664657745501 3.7199752642773083 8.4654073040001077
leaf_count=656 677 222 19 35 67 113 79 79 42 11 264 55 45 148
internal_value=0.000300669 -0.00091642 0.000671911 -0.00174743 0.00252317 0.0085591 -0.00873408 0.00791087 -0.0119142 -0.00577254 -0.0114542 -0.0156521 0.015138 0.00715632
internal_weight=125.538 109.406 101.25 78.383 49.1738 22.8669 29.2092 16.1322 25.6385 19.4712 14.8749 13.1357 14.9634 12.1854
internal_count=2512 1756 1534 1209 723 325 486 756 451 372 330 319 212 193
is_linear=0
shrinkage=0.03


Tree=205
num_leaves=15
num_cat=0
split_feature=31 31 40 47 44 40 38 48 13 34 33 18 37 33
split_gain=1.33902 1.58788 2.98052 2.87737 1.99903 1.89414 3.27205 2.82991 4.33304 4.10723 3.95186 3.02343 2.72748 3.67766
threshold=2.0346519947052006 0.70914399623870861 0.077626574784517302 0.051763538271188743 0.21813637018203738 0.078963227570056929 0.26734209060668951 0.0079764681868255156 0.07569159567356111 0.029272508528265111 0.043596150353550918 0.034081138670444495 0.028133394196629528 0.057285621762275703
decision_type=2 2 2 2 2 2 2 2 2 2 2 2 2 2
left_child=1 2 3 -1 -4 6 7 11 -9 -10 -11 -3 -12 -14
right_child=-2 5 4 -5 -6 -7 -8 8 9 10 12 -13 13 -15
leaf_value=0.012177054484491892 -0.012422974883363856 0.012836674616615655 0.026038088998111931 -0.01753015155888199 -0.0054288704380274933 -0.0048340278325950652 0.024198705272058942 0.0146377672477497 -0.011370559925963879 0.026934291930016493 -0.0093575345920706345 -0.021899980351575185 -0.011136989324583946 0.021254288529364701
leaf_weight=2.0163157901261028 5.0024016494862726 1.5594582055928174 1.8213744356762611 13.076345581328495 2.1573408850235865 21.93512367317453 5.1851764186285427 23.486668864905369 17.63685467094183 4.5449268203228739 10.955254166154193 5.6396365326363593 3.2289676116779429 6.8142971396446228
leaf_count=43 36 249 22 185 50 479 69 768 202 40 124 66 49 130
internal_value=0.000307383 0.00105726 -0.00642825 -0.0124254 0.0123658 0.00259742 0.00476491 0.0027592 0.00481958 -0.0008659 0.00657726 -0.0128943 8.16322e-05 0.0104711
internal_weight=125.06 120.058 19.0714 15.0927 3.97872 100.986 79.0512 73.8661 66.667 43.1803 25.5434 7.19909 20.9985 10.0433
internal_count=2512 2476 300 228 72 2176 1697 1628 1313 545 343 315 303 179
is_linear=0
shrinkage=0.03


Tree=206
num_leaves=15
num_cat=0
split_feature=14 22 10 10 4 48 22 30 30 26 12 22 2 27
split_gain=1.29875 3.26624 3.14828 1.99387 3.43712 1.96626 1.86081 1.68173 4.20456 2.59286 2.21467 2.87981 2.25061 2.09068
threshold=0.525405913591385 0.027885103598237041 0.47254902124404913 0.38627451658248907 0.59686732292175304 0.0092685590498149412 0.030841900035738948 0.013350695371627809 0.011577300261706116 0.016845206730067733 0.51137623190879833 0.023439253680408004 0.39411765336990362 0.035431310534477241
decision_type=2 2 2 2 2 2 2 2 2 2 2 2 2 2
left_child=2 -2 3 7 5 -5 -3 8 13 -10 11 -9 -12 -1
right_child=1 6 -4 4 -6 -7 -8 10 9 -11 12 -13 -14 -15
leaf_value=0.0020988845624110748 0.0226812490648318 -0.019019507395732632 -0.01798288048932585 -0.0048994685266105431 -0.011931578766058146 0.019646184533409172 0.0046566494149841665 -0.0012195673548883886 -0.0031196402415641865 0.028501358257406635 0.013904262038593577 -0.021556291560645563 -0.0072307226597306045 -0.013189078268338865
leaf_weight=27.027777584153228 5.6924263993569175 2.2475828751921645 6.9161523004877372 2.5916256934870061 3.8312839781865469 12.445796835410873 8.0182178434915823 13.733456836082043 2.6153961324598622 5.597857580287382 6.731202823109923 10.520499622100031 7.4351928532123566 9.1103827338665706
leaf_count=334 594 32 186 101 43 303 130 92 40 62 87 314 105 89
internal_value=0.000319071 0.0078147 -0.000877116 0.000582466 0.00890002 0.0151612 -0.00253841 -0.00144346 0.00244957 0.0194993 -0.00591053 -0.0111253 0.00310383 -0.00216607
internal_weight=124.515 15.9582 108.557 101.64 18.8687 15.0374 10.2658 82.7718 44.3514 8.21325 38.4204 24.254 14.1664 36.1382
internal_count=2512 756 1756 1570 447 404 162 1123 525 102 598 406 192 423
is_linear=0
shrinkage=0.03


Tree=207
num_leaves=15
num_cat=0
split_feature=24 25 42 36 48 47 3 36 24 11 21 19 10 14
split_gain=1.32096 1.60541 2.05154 1.71736 2.2581 1.48566 2.23893 3.29724 2.04554 1.84084 2.46515 2.52583 4.05297 2.08652
threshold=0.001496362433862434 0.016664545051753524 0.0072530708275735387 0.0031691007316112523 0.024257265031337742 0.14113168418407443 0.46862745285034185 0.0049454607069492349 0.10455709790426589 0.54568400979042064 0.061033116653561599 0.47789521515369421 0.28823530673980718 0.58999809622764599
decision_type=2 2 2 2 2 2 2 2 2 2 2 2 2 2
left_child=1 2 -1 -3 -5 -2 8 9 -7 10 -8 12 -12 -11
right_child=5 3 -4 4 -6 6 7 -9 -10 13 11 -13 -14 -15
leaf_value=-0.0035325584650986912 -0.0045395592174015216 -0.011312432986200997 0.024450557451052936 0.02168994806861933 -0.005865031851809319 0.0056709189003321366 -0.012430397170035154 -0.0066500747518106482 -0.022293666954095397 0.025414564423595871 0.027607791770011506 -0.010541200027381599 -0.0028535305860942564 -0.0015230045056994115
leaf_weight=2.5791140988294528 52.726001231843838 5.0536424256861192 5.2171572517836466 3.2573526287451386 3.8697376963682473 2.6331972684711209 4.3432988482527497 13.454070021864025 3.7617247998714447 8.2883072075201181 7.0291045820340532 2.9192487380933008 6.0726828379556537 2.8969421535730353
leaf_count=190 849 77 311 59 45 26 65 310 43 150 64 102 151 70
internal_value=0.00030348 0.00701184 0.0160559 -1.32821e-05 0.0083932 -0.00106318 0.00248325 0.00499488 -0.0118137 0.0101506 0.00386926 0.0093437 0.0147822 0.0190375
internal_weight=124.102 19.977 7.79627 12.1807 7.12709 104.125 51.3986 45.0037 6.39492 31.5496 20.3643 16.021 13.1018 11.1852
internal_count=2512 682 501 181 104 1830 981 912 69 602 382 317 215 220
is_linear=0
shrinkage=0.03


Tree=208
num_leaves=15
num_cat=0
split_feature=24 25 28 30 45 5 38 34 26 28 4 22 8 5
split_gain=1.27659 2.11975 2.26452 1.89512 1.48719 2.06445 2.56266 2.08845 2.7715 2.59886 2.56476 4.42753 2.43074 2.15281
threshold=0.0028226981351981355 0.016664545051753524 0.0011186549272486775 0.0050177238881587991 0.04893689043819905 0.12812129408121112 0.31704282760620123 0.023780948067632854 0.020336881279945377 0.0011186549272486775 0.46050645411014562 0.028314364142715934 0.51961666345596325 0.062670379877090468
decision_type=2 2 2 2 2 2 2 2 2 2 2 2 2 2
left_child=1 3 -3 -1 5 7 -7 9 13 10 -2 -12 -10 -9
right_child=4 2 -4 -5 -6 6 -8 8 12 -11 11 -13 -14 -15
leaf_value=-0.0020143695078813965 -0.0077583351610215345 -0.014500760267028831 0.0073234329690426859 0.024767735083801035 0.012591880221132784 -0.015460067223850488 0.014241358229466693 -0.0035304087331186193 -0.0066077497039032087 -0.015869830564155748 0.019690602314353548 -0.0062422773942340162 0.011226729424802392 0.02723970072205039
leaf_weight=2.7801370265660825 18.204830033937469 4.8091163227800271 9.4638213838916254 5.517429034865927 4.6225220484193406 14.315494952839797 1.3902346899267275 2.0313551927683866 15.576342697720976 10.3608842525864 9.8743887340533565 10.137621679343281 9.2850578302750346 5.3921315149636939
leaf_count=196 173 81 125 337 98 333 47 67 142 103 409 113 178 110
internal_value=0.000302308 0.00646213 -0.000724076 0.0168545 -0.00114118 -0.00207114 -0.0113498 -2.31927e-06 0.00567834 -0.00391227 0 0.00704377 0.000281229 0.0195392
internal_weight=123.761 22.5705 14.2729 8.29757 101.191 96.5683 15.7057 80.8626 32.2849 48.5777 38.2168 20.012 24.8614 7.42349
internal_count=2512 739 206 533 1773 1675 380 1295 497 798 695 522 320 177
is_linear=0
shrinkage=0.03


Tree=209
num_leaves=15
num_cat=0
split_feature=31 31 40 47 44 40 38 48 13 34 33 18 18 23
split_gain=1.25352 1.48199 2.77965 2.69005 1.88004 1.78582 3.09022 2.66406 3.93842 3.90058 3.66406 2.87195 2.59609 5.34526
threshold=2.0346519947052006 0.70914399623870861 0.077626574784517302 0.051763538271188743 0.21813637018203738 0.078963227570056929 0.26734209060668951 0.0079764681868255156 0.07569159567356111 0.029272508528265111 0.043596150353550918 0.034081138670444495 0.061212718486785896 0.10588236898183824
decision_type=2 2 2 2 2 2 2 2 2 2 2 2 2 2
left_child=1 2 3 -1 -4 6 7 11 -9 -10 -11 -3 13 -7
right_child=-2 5 4 -5 -6 12 -8 8 9 10 -12 -13 -14 -15
leaf_value=0.011817905880241479 -0.012083815674996652 0.012638542175513955 0.025165144339605025 -0.017081035239527042 -0.0053358331082062095 -0.016711409989515886 0.023612529838448391 0.01416515570433865 -0.011045710766106994 0.026340086339825687 0.00025282684903209696 -0.021375487513132362 -0.012981090516332804 0.021814379904632704
leaf_weight=1.9733629017137015 4.9087058077566317 1.5220572109101329 1.8199573769234114 12.841858441010116 2.1460446579148993 3.6466425397666189 5.1385896597057572 23.031015574902995 17.389210559776984 4.4360888293013003 20.748641342390329 5.5729544069617987 12.314810991054399 5.7370674461126328
leaf_count=43 36 249 22 185 50 41 69 768 202 40 303 66 248 190
internal_value=0.00031493 0.00104657 -0.00623401 -0.0121055 0.011902 0.00254559 0.00467039 0.00269501 0.00471384 -0.000737853 0.00655804 -0.0125741 -0.00470096 0.00627352
internal_weight=123.227 118.318 18.7812 14.8152 3.966 99.5371 77.8386 72.7 65.605 42.5739 25.1847 7.09501 21.6985 9.38371
internal_count=2512 2476 300 228 72 2176 1697 1628 1313 545 343 315 479 231
is_linear=0
shrinkage=0.03


Tree=210
num_leaves=15
num_cat=0
split_feature=9 34 16 13 27 10 31 36 18 31 31 34 42 21
split_gain=1.25159 1.80709 1.59061 2.39612 2.32816 2.0761 1.911 1.87202 3.55656 2.66164 3.84586 3.51326 3.97693 2.47327
threshold=0.028894335031509403 0.001234087004061231 0.099795439539709499 0.19934211671352389 0.036310108378529556 0.23333333432674411 0.69888573884964 0.00099913449957966826 0.085785049945116057 0.91442957520484935 0.84817269444465648 0.019051626218971635 0.020549409091472629 0.013267692178487779
decision_type=2 2 2 2 2 2 2 2 2 2 2 2 2 2
left_child=-1 -2 5 4 -4 -3 -7 8 -8 10 -9 13 -13 -11
right_child=1 2 3 -5 -6 6 7 9 -10 11 -12 12 -14 -15
leaf_value=0.016323107942281333 -0.011234464155203664 0.014100863526049594 0.0061422756322988886 0.01445938201198963 -0.020141738398936654 -0.0094764156082591568 0.021744498946605833 -0.00044337311480823231 -0.014077353149260716 0.0066575804693644811 0.024606478412259703 0.019297147567114602 -0.0039922186951088737 -0.018646343185686868
leaf_weight=2.256861821137135 10.11680118087679 9.9361475743353349 2.9621001693885765 1.6966177839785803 8.5465879812836629 12.00604736432433 7.8059647187474166 14.182973301853055 1.7060378086753187 3.1480156783363809 6.7297308458946636 7.3599757548072402 20.361416988191195 13.773739645723252
leaf_count=370 119 134 37 53 266 157 184 213 28 127 132 148 324 220
internal_value=0.000326132 -0.000211333 0.000955957 -0.00805622 -0.0132469 0.00235098 0.000689991 0.00255862 0.0137295 0.000534858 0.00893098 -0.00354822 0.00297258 -0.0135743
internal_weight=122.589 120.332 110.215 13.2053 11.5087 97.01 87.0739 75.0679 9.512 65.5559 20.9127 44.6431 27.7214 16.9218
internal_count=2512 2142 2023 356 303 1667 1533 1376 212 1164 345 819 472 347
is_linear=0
shrinkage=0.03


Tree=211
num_leaves=15
num_cat=0
split_feature=14 14 22 12 30 22 30 27 20 2 6 10 11 14
split_gain=1.22429 3.10074 3.05955 1.98881 3.21038 2.63247 2.61889 2.07367 2.5206 2.75149 2.48411 2.43811 1.9046 3.40578
threshold=0.525405913591385 0.49872256815433508 0.027885103598237041 0.51529023051261913 0.013460366521030666 0.023439253680408004 0.011577300261706116 0.035431310534477241 0.003135850694444445 0.23333333432674411 0.27078439295291906 0.28823530673980718 0.70392158627510082 0.34915784001350408
decision_type=2 2 2 2 2 2 2 2 2 2 2 2 2 2
left_child=1 3 -2 4 6 -6 7 8 10 -10 -1 -9 13 -5
right_child=2 -3 -4 12 5 -7 -8 11 9 -11 -12 -13 -14 -15
leaf_value=-0.010382416100994246 0.022376034746382674 -0.01679197882870934 -0.0023303404194955912 0.031677678636239472 -0.00082875231010648312 -0.020295028962585372 0.01556986013223435 0.004299431731148517 0.016850977012232111 -0.0082133726751697517 0.021743205773984288 -0.024128382975381574 -0.0045313538077990491 0.0042291916158576368
leaf_weight=1.4058685898780838 5.447396719857351 7.9688857592409468 10.145256199641151 3.7462153825908961 13.387116324156525 10.648690518690271 8.906037906650452 3.5238484712317577 2.9965228778310147 16.67103708977811 6.8278075229609385 4.4696352132596076 7.9423953820951274 18.04760975134559
leaf_count=5 594 222 162 40 100 324 107 51 22 192 213 33 123 324
internal_value=0.000339358 -0.000831152 0.00769302 0.000737602 -0.00204099 -0.0104647 0.00266835 -0.00110634 0.00282356 -0.00305322 0.0150077 -0.0129437 0.00698758 0.0113396
internal_weight=122.134 106.542 15.5927 98.5728 68.8366 24.0358 44.8008 35.8947 27.9012 19.6676 8.23368 7.99348 29.7362 21.7938
internal_count=2512 1756 756 1534 1047 424 623 516 432 214 218 84 487 364
is_linear=0
shrinkage=0.03


Tree=212
num_leaves=15
num_cat=0
split_feature=9 33 20 33 34 26 45 32 18 34 44 45 5 39
split_gain=1.20079 1.8448 2.55978 2.05639 3.49053 2.17066 1.97714 2.21054 2.02938 1.99753 2.93934 2.7524 2.42547 3.01101
threshold=0.028894335031509403 0.015880407765507702 0.0016228971048513304 0.024891070090234283 0.0027213410010111226 0.0088282758370041865 0.013334879186004402 0.0087357540614902991 0.11622400209307672 0.0084324478588177227 0.11698517575860025 0.020114826969802383 0.081748697906732573 0.021560092456638816
decision_type=2 2 2 2 2 2 2 2 2 2 2 2 2 2
left_child=-1 2 -2 4 5 -3 7 -5 9 10 -8 -11 13 -13
right_child=1 3 -4 6 -6 -7 8 -9 -10 11 -12 12 -14 -15
leaf_value=0.016106264201133039 0.0069634641601007607 0.010229656114015398 -0.019502594081088731 0.0072524002265418859 0.020905178068682702 -0.014453937913972502 -0.02358950522780676 -0.020085753483346579 -0.015679282430539798 0.014288141811258526 0.0089359663593665158 -0.0052838508365958253 -0.0031020769091473143 0.021055348390335269
leaf_weight=2.2063714111282016 3.5791792526433692 3.9606446827529016 7.4005415495485067 2.4088965478586015 9.27650702948449 4.9486524115782231 4.1509687651996492 6.812429610057734 4.2478576053399584 14.922119337075854 2.6499485769309103 5.2078775857808051 42.24590097530745 7.6407934254966676
leaf_count=370 139 57 68 43 228 41 51 64 316 288 42 109 480 216
internal_value=0.000343206 -0.000183681 -0.0109004 0.00105163 0.00972353 -0.00334211 -0.000835453 -0.0126571 0.000745531 0.00206667 -0.0114246 0.00369965 0.000379208 0.0109037
internal_weight=121.659 119.452 10.9797 108.473 18.1858 8.9093 90.2868 9.22133 81.0655 76.8176 6.80092 70.0167 55.0946 12.8487
internal_count=2512 2142 207 1935 326 98 1609 107 1502 1186 93 1093 805 325
is_linear=0
shrinkage=0.03


Tree=213
num_leaves=15
num_cat=0
split_feature=31 22 42 40 41 41 21 16 6 44 11 40 21 18
split_gain=1.16711 1.3809 2.20636 2.22249 1.83757 3.44297 2.5874 4.14597 2.31544 2.2934 2.30329 2.11334 2.21933 1.74542
threshold=2.0346519947052006 0.035349013283848769 0.009064370300620796 0.013173880986869337 0.13215573132038119 0.12098061665892602 0.081639517098665251 0.00065282046903460849 0.27078439295291906 0.056292332708835609 0.5156863033771516 0.051149675622582443 0.030032753944396976 0.061212718486785896
decision_type=2 2 2 2 2 2 2 2 2 2 2 2 2 2
left_child=1 4 -3 -4 5 8 11 -8 -1 10 -10 12 -6 -9
right_child=-2 2 3 -5 6 -7 7 13 9 -11 -12 -13 -14 -15
leaf_value=-0.012972334101532279 -0.011710730734831021 0.017398990155993419 0.0080924645924109959 -0.013702612113563054 0.017122029794017925 -0.022593725779880423 0.017158185824989552 0 0.016158472843420507 0.0092194043509717556 -0.0087188058817996295 0.01863159961120053 -0.0093375562706894694 -0.022396673375146905
leaf_weight=6.4408388878218821 4.8107402715831986 1.3850069548934723 3.8936944892630008 15.497164815780705 2.4814342099707591 3.9339076764881602 4.6522114448016501 5.8772324768360686 2.1812907190760624 27.666053151828237 15.154177985561544 16.510254166438244 5.8406293129082769 4.8150826278142631
leaf_count=60 36 10 58 502 17 56 207 29 44 507 591 273 75 47
internal_value=0.000336271 0.00104934 -0.00558339 -0.00883846 0.00260713 -0.00090741 0.00733572 -0.00207541 0.00147833 0.00407439 -0.00408579 0.0129841 5.02741e-05 -0.0120653
internal_weight=121.14 116.329 20.7759 19.3909 95.5531 55.3763 40.1768 15.3445 51.4424 45.0015 17.3355 24.8323 8.32206 10.6923
internal_count=2512 2476 570 560 1906 1258 648 283 1202 1142 635 365 92 76
is_linear=0
shrinkage=0.03


Tree=214
num_leaves=15
num_cat=0
split_feature=14 14 22 4 30 36 40 11 9 34 27 24 29 32
split_gain=1.17795 2.9628 2.90565 1.97432 2.22977 2.60922 2.1726 2.14356 2.07321 1.93771 2.14896 1.96512 1.9011 3.62885
threshold=0.525405913591385 0.49872256815433508 0.027885103598237041 0.53042089939117443 0.013460366521030666 0.0029563788557425146 0.008904130198061468 0.70392158627510082 0.067909546196460738 0.032945050263489525 0.056916266679763801 0.0011713718334048951 0.0092718652449548262 0.0055335178039968022
decision_type=2 2 2 2 2 2 2 2 2 2 2 2 2 2
left_child=1 3 -2 4 5 6 -1 -5 -6 -10 -11 -12 13 -8
right_child=2 -3 -4 7 8 -7 12 -9 9 10 11 -13 -14 -15
leaf_value=0.018575982455323027 0.022134368119471025 -0.016464244710316767 -0.0021709620995487206 0.014388994033969491 0.0096041653205232117 0.017524494506410748 -0.010051285964081752 -0.0037506272320086595 -0.023966276607285515 0.0099795092867600525 0.010664346892986197 -0.014801356138995077 -0.010291635238835596 0.012435426209769101
leaf_weight=2.6811403185129157 5.2637207232764913 7.9146428084350182 10.051362295402212 14.534106332110243 3.4167137239128378 6.4335829082410774 9.5710716629400867 7.6708650435321024 5.8790959230391335 4.4427681174129274 1.7035374902188767 12.451754473382605 16.060697861714289 12.595369067974387
leaf_count=121 594 222 162 212 35 67 174 113 79 42 11 319 201 160
internal_value=0.000327412 -0.000823909 0.00760117 0.000721899 -0.00160355 0.00231188 -0.000715989 0.00820647 -0.0080593 -0.0111774 -0.00505456 -0.0106101 -0.00299993 0.00257363
internal_weight=120.67 105.355 15.3151 97.4407 75.2357 47.3419 40.9083 22.205 27.8939 24.4772 18.5981 14.1553 38.2271 22.1664
internal_count=2512 1756 756 1534 1209 723 656 325 486 451 372 330 535 334
is_linear=0
shrinkage=0.03


Tree=215
num_leaves=15
num_cat=0
split_feature=4 11 45 11 19 10 21 8 18 30 30 31 16 16
split_gain=1.16244 1.72767 2.36746 2.03511 1.88151 2.0454 2.1307 1.93615 2.3664 2.36585 3.18946 2.32709 1.97177 3.6968
threshold=0.71599727869033825 0.70392158627510082 0.04893689043819905 0.68823531270027172 0.069811157882213606 0.47254902124404913 0.018359935842454437 0.54318594932556163 0.11622400209307672 0.013350695371627809 0.011577300261706116 1.0397033691406252 0.099795439539709499 0.069417125622869141
decision_type=2 2 2 2 2 2 2 2 2 2 2 2 2 2
left_child=1 3 -3 4 -1 7 -7 8 9 10 11 -6 13 -11
right_child=-2 2 -4 -5 5 6 -8 -9 -10 12 -12 -13 -14 -15
leaf_value=0.018449412538850945 0.0097965977267550873 -0.016257612140477773 0.011137519648308846 0.018028607327914722 -0.0044434832393294536 -0.024690253714352777 0.0037550405759885566 0.017181674060596733 -0.018104726044434017 -0.0070006309070513298 0.019745449543665496 0.010331378574556987 -0.021367646328761626 0.018695634077744782
leaf_weight=2.6237580786983008 8.7039536550873873 9.9203089857473952 2.0435361077543339 3.8255473125900599 25.271333009703085 4.2482177641941226 2.8093309598334599 3.7053279121173537 4.6190038603963322 23.296454122755684 8.185925181489436 12.765423352131618 3.9098887601867309 4.2823009397834531
leaf_count=307 332 197 51 71 350 64 136 40 283 236 105 223 85 32
internal_value=0.000335388 -0.000536309 -0.0104384 0.000806424 -0.000206108 -0.00114042 -0.0147072 0.00024723 -0.000868751 0.000546637 0.00482124 0.000708536 -0.00555173 -0.00191487
internal_weight=120.21 111.506 11.9638 99.5425 95.717 93.0932 7.05755 86.0357 82.3303 77.7113 46.2227 38.0368 31.4886 27.5788
internal_count=2512 2180 248 1932 1861 1554 200 1354 1314 1031 678 573 353 268
is_linear=0
shrinkage=0.03


Tree=216
num_leaves=15
num_cat=0
split_feature=9 34 34 22 4 3 8 42 33 36 48 34 36 3
split_gain=1.16136 2.71287 1.83829 1.74313 1.77966 1.56154 1.48564 1.87524 2.51851 1.77959 2.82314 1.70692 2.56194 2.60004
threshold=0.042747821658849723 0.0027213410010111226 0.0064985169151835828 0.011302724014967682 0.40395213663578039 0.5627451241016389 0.35092531144618994 0.020549409091472629 0.015611447393894197 0.0030959625728428368 0.015896022319793705 0.024017905773420483 0.0092100454494357126 0.77039197087287914
decision_type=2 2 2 2 2 2 2 2 2 2 2 2 2 2
left_child=2 -2 -1 -3 -5 -4 -6 8 -8 10 -10 -9 -13 -14
right_child=1 3 5 4 6 -7 7 11 9 -11 -12 12 13 -15
leaf_value=0.016169667924842829 -0.012475152629864424 0.015932586224764331 -0.015709913070556244 -0.011475420668906215 0.015243980014866059 0.011426465389710301 -0.014148569099632488 -0.013571168370202046 0.013951893038218153 0.022269858442051493 -0.0065388939689100941 0.004162492970187651 -0.024452267217393912 0.0027573390629936994
leaf_weight=7.4862383850559109 13.131720905192195 4.705067678471095 2.7141651369747706 8.6509315171278995 4.5746168643236151 1.2862065265944691 2.8625893438002121 9.1173719142097962 10.471735151775652 5.431544726365245 9.8349186000414175 29.908877869951539 4.7594207546208036 4.9275086065754294
leaf_count=521 123 86 37 232 38 152 29 133 169 91 192 536 59 114
internal_value=0.000344804 -0.000651056 0.00866637 0.00117137 4.40925e-05 -0.00558455 0.00154138 0.000328831 0.00621938 0.00944966 0.00419682 -0.00317939 -0.00017697 -0.0122514
internal_weight=119.863 108.376 11.4866 95.2446 90.5395 4.00037 81.8886 77.314 28.6008 25.7382 20.3067 48.7132 39.5958 9.68693
internal_count=2512 1802 710 1679 1593 189 1361 1323 481 452 361 842 709 173
is_linear=0
shrinkage=0.03


Tree=217
num_leaves=15
num_cat=0
split_feature=9 45 1 34 33 30 34 36 31 20 4 23 45 9
split_gain=1.12749 1.70993 2.10378 2.49762 4.72485 3.19673 2.26115 3.64166 2.14101 2.08729 1.93482 2.91186 2.2433 1.86338
threshold=0.028894335031509403 0.012643891386687757 0.072002846747636809 0.029272508528265111 0.044671427458524711 0.012899145483970644 0.068394986391838927 0.0064589525572955617 0.83046224713325512 0.0016228971048513304 0.56882748007774364 0.12254901230335237 0.035805663093924529 0.05088744871318341
decision_type=2 2 2 2 2 2 2 2 2 2 2 2 2 2
left_child=-1 9 -3 5 -5 8 -6 -8 -4 13 12 -12 -9 -2
right_child=1 2 3 4 6 -7 7 10 -10 -11 11 -13 -14 -15
leaf_value=0.015760720225693827 0.016763021918579302 0.0084181097181578648 -0.013107884945786359 0.023437515603714949 -0.0093223877245204589 -0.022495171074081902 0.024975278591917973 0.0087783013613309188 0.009675473457068073 -0.011741761618255618 0.019305250572075043 -0.012143286576787789 -0.01847901059384011 -0.0064633745678815187
leaf_weight=2.1257212973141568 3.8238466240873112 27.619468772900291 4.1167232748121041 6.1638603082392356 16.725043477723375 7.6415251856669775 3.9488949615042683 2.3960154191590863 7.4053156415466219 18.851404601475224 4.8380971970036617 2.5020630992949009 6.5264577120542526 4.785627497069072
leaf_count=370 235 687 61 64 252 112 63 42 113 172 54 60 163 64
internal_value=0.000337196 -0.000176507 0.00181752 -0.00123459 0.0027433 -0.00973674 -0.00165953 0.00481487 0.00057858 -0.00648538 -0.00211523 0.00795932 -0.0106176 0.00478508
internal_weight=119.47 117.344 89.8835 62.264 43.1004 19.1636 36.9366 20.2115 11.522 27.4609 16.2626 7.34016 8.92247 8.60947
internal_count=2512 2142 1671 984 698 286 634 382 174 471 319 114 205 299
is_linear=0
shrinkage=0.03


Tree=218
num_leaves=15
num_cat=0
split_feature=9 33 42 34 5 39 27 1 21 20 16 34 33 34
split_gain=1.0995 1.68803 2.38094 2.77194 2.41005 2.66207 2.77668 2.79045 2.5248 2.31236 2.04232 1.95759 3.77965 3.02163
threshold=0.028894335031509403 0.015880407765507702 0.011210839729756119 0.0024393195779914534 0.081748697906732573 0.021560092456638816 0.035844188183546073 0.041794007644057281 0.0088968607597053068 0.0016228971048513304 0.055181855963105965 0.029778736697255528 0.04683960601687432 0.068394986391838927
decision_type=2 2 2 2 2 2 2 2 2 2 2 2 2 2
left_child=-1 9 10 -4 5 6 7 -5 -8 -2 -3 -6 -13 -14
right_child=1 2 3 4 11 -7 8 -9 -10 -11 -12 12 13 -15
leaf_value=0.015630927766571441 0.0066533678286156235 0.020355476524704427 -0.018924779905633037 -0.0087307150822018426 -0.010231517100474206 0.018940966147464253 0.013435068438572112 0.018052130988559435 -0.017192325933944957 -0.01870343132560481 -0.0035478264030789843 0.019341762261026237 -0.012797843854103255 0.0042816815678443816
leaf_weight=2.0961268724058746 3.4864659795421158 7.6277487417100911 4.9133814969100049 3.631420595396782 18.797183633083478 9.5553609502967429 1.4918724105809795 8.4423926468589325 7.5907497720327228 7.2768847187981009 3.7603837065398693 6.2442375570535651 14.380132916849105 19.650173079222441
leaf_count=370 139 144 57 140 294 275 68 169 125 68 17 64 209 373
internal_value=0.000344817 -0.000162582 0.00103329 -0.000598334 0.000762415 0.00734405 0.000793186 0.00968757 -0.0103742 -0.0104993 0.0128876 -0.00273875 0.00100597 -0.00316209
internal_weight=118.945 116.848 106.085 94.6969 89.7835 30.7118 21.1564 12.0738 9.08262 10.7634 11.3881 59.0717 40.2745 34.0303
internal_count=2512 2142 1935 1774 1717 777 502 309 193 207 161 940 646 582
is_linear=0
shrinkage=0.03


Tree=219
num_leaves=15
num_cat=0
split_feature=31 31 40 7 44 36 31 12 23 36 22 16 14 42
split_gain=1.11187 1.34184 2.50352 1.79459 1.70722 1.59964 2.69524 3.66111 2.87289 2.22008 2.08967 3.04781 3.03093 4.1287
threshold=2.0346519947052006 0.70914399623870861 0.077626574784517302 0.65548792481422435 0.21813637018203738 0.0076418877579271802 0.91442957520484935 0.43515571951866155 0.1862745136022568 0.015885276719927791 0.028906811960041526 0.061788305511128891 0.43067649006843572 0.0059848350938409576
decision_type=2 2 2 2 2 2 2 2 2 2 2 2 2 2
left_child=1 2 3 -1 -4 6 7 -3 -9 -7 11 12 -8 -14
right_child=-2 5 4 -5 -6 9 10 8 -10 -11 -12 -13 13 -15
leaf_value=-0.018963587967731923 -0.011515102518593055 -0.0062571439080941205 0.024017525750551501 0.0012017245995270848 -0.0052102949971037302 -0.013159285452049231 -0.0068916721044985849 0.022908990140753274 -0.009772573909676634 0.011592692021579155 -0.0076645699983171854 0.017479402378805325 -0.014265344964325877 0.019499155895287331
leaf_weight=8.6365517289377767 4.6866204356774679 5.7686690394766655 1.7765876762568944 5.5548080115113398 2.0840793396346271 9.7158687447663379 21.826187987695448 15.22683253203286 1.539708224707282 2.6586573533713809 17.244048738270067 9.4948487598448974 2.8096710492100092 9.4047772375633922
leaf_count=122 36 81 22 106 50 189 195 378 28 25 347 80 189 664
internal_value=0.000349391 0.00105471 -0.00599457 -0.0117117 0.011334 0.00251079 0.00404904 0.0124494 0.0190263 -0.0067596 0.00058929 0.00411751 -0.000289406 0.0106069
internal_weight=118.428 113.741 18.052 14.1914 3.86067 95.6893 83.3147 22.5352 16.7665 12.3745 60.7795 43.5355 34.0406 12.2144
internal_count=2512 2476 300 228 72 2176 1962 487 406 214 1475 1128 1048 853
is_linear=0
shrinkage=0.03


Tree=220
num_leaves=15
num_cat=0
split_feature=4 11 11 29 19 10 21 12 14 29 30 42 18 22
split_gain=1.06059 1.65314 2.2878 2.18739 1.74927 2.01012 1.94502 1.83678 2.93599 2.69128 2.31509 2.4729 4.77128 2.16762
threshold=0.72129708528518688 0.70000001788139354 0.68823531270027172 0.031370786949992187 0.069811157882213606 0.47254902124404913 0.018359935842454437 0.51529023051261913 0.34915784001350408 0.020390731282532219 0.013460366521030666 0.019705641083419326 0.055260380730032928 0.017421396449208263
decision_type=2 2 2 2 2 2 2 2 2 2 2 2 2 2
left_child=1 2 4 -3 -1 7 -7 10 -9 -10 11 -6 -13 -12
right_child=-2 3 -4 -5 5 6 -8 8 9 -11 13 12 -14 -15
leaf_value=0.018061252608606741 0.0094978288621409175 -0.015465169027562552 0.020472262804088474 0.010428962741061568 -0.0026547602686583962 -0.024127036125714728 0.0033371356344030034 0.029016875532786993 0.0083857223774492212 -0.014903164474896003 0.0034287816436305834 -0.0072286044651247673 0.026617271539739872 -0.015628110145440292
leaf_weight=2.5096718380227676 8.4292750459862855 10.357397573825436 3.0864323722489635 2.1682539144530883 30.674476917716675 4.1897558994824058 2.7473879076715093 2.6616793046705451 13.758802567492241 4.2164252847433081 6.6571535635739592 5.2608195841312391 6.558198977028951 14.755610464373602
leaf_count=307 322 225 52 52 434 64 136 33 343 45 50 40 80 329
internal_value=0.000338781 -0.000496327 0.000870516 -0.00995747 -0.000155049 -0.00106261 -0.0146017 0.000325436 0.00772066 0.00182749 -0.00217897 0.00185572 0.0124691 -0.00978847
internal_weight=118.031 109.602 97.0764 12.5257 93.99 91.4803 6.93714 84.5432 20.6369 17.9752 63.9063 42.4935 11.819 21.4128
internal_count=2512 2190 1913 277 1861 1554 200 1354 421 388 933 554 120 379
is_linear=0
shrinkage=0.03


Tree=221
num_leaves=15
num_cat=0
split_feature=9 34 34 22 4 3 44 40 20 22 2 5 33 11
split_gain=1.07944 2.45371 1.71455 1.60894 1.65391 1.45156 1.40741 2.05881 1.49311 1.48946 2.17915 2.93722 2.24775 2.09849
threshold=0.042747821658849723 0.0027213410010111226 0.0064985169151835828 0.011302724014967682 0.40395213663578039 0.5627451241016389 0.3271957933902741 0.1338545233011246 0.23444921725849563 0.019534729421138767 0.35490196943283087 0.067440923303365721 0.015611447393894197 0.59019610285758983
decision_type=2 2 2 2 2 2 2 2 2 2 2 2 2 2
left_child=2 -2 -1 -3 -5 -4 8 -8 9 10 -6 12 -12 -11
right_child=1 3 5 4 6 -7 7 -9 -10 13 11 -13 -14 -15
leaf_value=0.015798498744754998 -0.011928274849626832 0.01546198552915809 -0.015190265696655412 -0.011144642798394029 0.0093131570506420677 0.01113278813138186 0.02804957229122771 -0.0049927244327103567 -0.016410407731794745 0.012580450873234882 -0.014475591966325951 -0.018955662626716593 0.015122035911916137 0
leaf_weight=7.2822848833748122 12.932132808491586 4.5751509167021132 2.6712273174198349 8.4840918395202589 5.2326418496668365 1.2363048818078821 2.0678286442998792 1.8098158366046844 2.4858476801309726 15.72190105775371 1.663810462050608 10.093323095235972 4.3764407390262932 37.109806858527008
leaf_count=521 123 86 37 232 37 152 28 38 52 184 15 118 221 668
internal_value=0.000355214 -0.000609693 0.00847002 0.0011392 4.68541e-05 -0.00540464 0.00150321 0.0156661 0.000368918 0.00138642 -0.00494258 -0.0102488 0.00502334 0.00408763
internal_weight=117.743 106.553 11.1898 93.6207 89.0455 3.90753 80.5614 3.87764 76.6838 74.1979 21.3662 16.1336 6.04025 52.8317
internal_count=2512 1802 710 1679 1593 189 1361 66 1295 1243 391 354 236 852
is_linear=0
shrinkage=0.03


Tree=222
num_leaves=15
num_cat=0
split_feature=31 31 40 47 40 40 18 23 24 47 16 28 45 0
split_gain=1.05092 1.30014 2.34904 1.75433 1.54217 2.8563 2.21874 4.78633 2.04657 2.96497 2.20973 2.43548 2.0134 1.81234
threshold=2.0346519947052006 0.70914399623870861 0.077626574784517302 0.056438174098730094 0.078963227570056929 0.059478126466274268 0.061212718486785896 0.10588236898183824 0.044033570596070604 0.041320569813251502 0.00066709336374813969 0.00053056180099158321 0.03782868571579457 0.60776975750923168
decision_type=2 2 2 2 2 2 2 2 2 2 2 2 2 2
left_child=1 2 3 -1 5 8 7 -6 9 10 11 -3 -11 -10
right_child=-2 4 -4 -5 6 -7 -8 -9 13 12 -12 -13 -14 -15
leaf_value=0.0075888300201883557 -0.011241754226512642 0.0030099923637545356 0.010877712203850667 -0.015782045847583692 -0.016094535342953634 0.017315581462012272 -0.012281272568262006 0.02109159116398061 -0.010047594969629058 0.01200336115519433 0.0079764311323089008 -0.031117384006286733 -0.010861525366829569 0.0067816245079440592
leaf_weight=2.1707733699586269 4.6177921346388748 2.3417581222456629 3.849037660052999 11.887294746469705 3.4597123303683492 11.046301828464491 11.627901257947086 5.3695353786461055 16.607878383481879 29.996297698497074 3.0171871185302734 2.7527930547075812 2.1930629797279826 6.4798061558976761
leaf_count=47 36 296 72 181 41 255 248 190 271 623 55 61 27 109
internal_value=0.00035226 0.00104061 -0.00592223 -0.0114907 0.00248065 0.00448956 -0.00444421 0.00596197 0.00174733 0.0057614 -0.00878252 -0.0185813 0.00981358 -0.00504062
internal_weight=117.417 112.799 17.9071 14.0581 94.8922 74.4351 20.4571 8.82925 63.3888 40.3011 8.11174 5.09455 32.1894 23.0877
internal_count=2512 2476 300 228 2176 1697 479 231 1442 1062 412 357 650 380
is_linear=0
shrinkage=0.03


Tree=223
num_leaves=15
num_cat=0
split_feature=8 8 8 11 8 42 20 24 11 4 12 26 36 45
split_gain=1.0333 2.17746 2.35889 1.86921 1.84276 1.80992 1.89781 3.12191 1.88384 3.17256 1.86973 1.98671 2.36618 2.23653
threshold=0.44455729424953466 0.33701570332050329 0.25302921235561376 0.42156863212585455 0.45527744293212896 0.020549409091472629 0.0016228971048513304 0.015922899500350633 0.70392158627510082 0.52614170312881481 0.68971034884452831 0.025587911717593673 0.0092100454494357126 0.04893689043819905
decision_type=2 2 2 2 2 2 2 2 2 2 2 2 2 2
left_child=1 2 -1 -4 -2 6 -6 -8 9 -9 11 -7 -13 -14
right_child=4 -3 3 -5 5 10 7 8 -10 -11 -12 12 13 -15
leaf_value=-0.008522943775825494 0.017763055037469732 -0.007531742235110413 0.01709165864025507 -0.0074742401002460095 0.014900461065987256 -0.012879669320592065 -0.021483810376686417 -0.0058028474539719415 -0.0090542037748435958 0.025020614981507084 0.0088422251624783142 0.012939380380050441 -0.020640920993057591 0.0087758494551218227
leaf_weight=5.8976570796221521 4.6707361292792475 31.253302844474092 9.9654568529222143 2.187513342825695 11.588225788174897 16.594753576442603 2.7628340248484156 3.8500345498323423 3.2525406521745017 5.24623079423327 7.1194799829972899 6.5936853124294412 3.7238327711820602 2.2703062859363854
leaf_count=90 70 520 127 83 810 231 22 37 45 65 220 106 55 31
internal_value=0.000332455 -0.00287611 0.00498237 0.0120265 0.00272862 0.00105562 0.00675779 -0.000322769 0.00653718 0.0130096 -0.00319383 -0.00660519 0.00209266 -0.00971582
internal_weight=116.977 49.3039 18.0506 12.153 67.6727 63.0019 26.6999 15.1116 12.3488 9.09627 36.3021 29.1826 12.5878 5.99414
internal_count=2512 820 300 210 1692 1622 979 169 147 102 643 423 192 86
is_linear=0
shrinkage=0.03


Tree=224
num_leaves=15
num_cat=0
split_feature=24 25 28 30 47 15 42 23 42 5 42 42 14 20
split_gain=1.03333 1.81636 1.88893 1.69793 1.6093 2.03904 2.10517 1.86003 1.70966 2.10078 1.86914 2.13261 1.47554 2.82235
threshold=0.0028226981351981355 0.016664545051753524 0.0011186549272486775 0.0050177238881587991 0.14113168418407443 0.42665234208107 0.010755845811218025 0.16764706373214724 0.016413373872637752 0.12812129408121112 0.021204412914812568 0.03070776537060738 0.3854521661996842 0.023153615552325587
decision_type=2 2 2 2 2 2 2 2 2 2 2 2 2 2
left_child=1 3 -3 -1 8 -6 -7 12 -2 10 -10 -12 -8 -14
right_child=4 2 -4 -5 5 6 7 -9 9 -11 11 -13 13 -15
leaf_value=-0.0022091412189589061 -0.012363542436852913 -0.013504609794343543 0.0068525519349341866 0.02391161415838958 -0.011876710696960871 0.019066284658442293 0.010378272410413844 -0.012305453073340787 0.014847562438230519 -0.012724107849397849 -0.0082037632190918499 0.012091405130958082 0.010689730068138625 -0.012497645376035817
leaf_weight=2.5502990231325411 15.588317705783991 4.5612931712530544 8.8876584784593415 4.9581078740739031 5.3891460737213484 6.0753717655315986 16.870502793113705 4.9103396139107636 7.0465125035261797 7.4718770311446852 12.465634041931482 4.8508489516098043 6.728371351491659 8.2616498745046538
leaf_count=196 243 81 125 337 58 180 350 168 138 143 197 72 145 79
internal_value=0.00032803 0.00606899 -0.000711987 0.0161254 -0.000997539 0.00276846 0.00512492 0.0018794 -0.00484576 -0.000562697 0.00373563 -0.00169991 0.00475187 -0.00188008
internal_weight=116.616 20.9574 13.449 7.50841 95.6586 48.2354 42.8462 36.7709 47.4232 31.8349 24.363 17.3165 31.8605 14.99
internal_count=2512 739 206 533 1773 980 922 742 793 550 407 269 574 224
is_linear=0
shrinkage=0.03


Tree=225
num_leaves=15
num_cat=0
split_feature=9 34 34 22 4 3 36 36 27 27 34 16 14 42
split_gain=1.02977 2.3389 1.58624 1.50572 1.61251 1.3451 1.28768 2.84296 2.51289 2.89046 2.0332 2.30084 2.37572 2.21312
threshold=0.042747821658849723 0.0027213410010111226 0.0064985169151835828 0.011302724014967682 0.40395213663578039 0.5627451241016389 0.0092100454494357126 0.015885276719927791 0.065385624766349806 0.058194275945425041 0.023780948067632854 0.0083713027104293809 0.3854521661996842 0.016742637380957607
decision_type=2 2 2 2 2 2 2 2 2 2 2 2 2 2
left_child=2 -2 -1 -3 -5 -4 8 -8 9 10 11 12 -6 -12
right_child=1 3 5 4 6 -7 7 -9 -10 -11 13 -13 -14 -15
leaf_value=0.015426239091832585 -0.011734877926811122 0.015078764346033084 -0.014604116259401681 -0.011071153398825223 0.020819821569824402 0.010854501452992979 -0.017743571371264154 0.0099507277531091648 0.015081202756281348 -0.013793566888967787 -0.0089633759633114506 -0.012412340413258933 -0.0014167243824249674 0.014210615289122638
leaf_weight=7.1263582658430078 12.760525940218939 4.4594231445225878 2.6310658773873006 8.3761766895186138 3.6808297936804655 1.1966855128994209 6.5221768596675229 3.6872451328672469 10.776389867532997 8.742945629404856 2.9781334782601361 9.6602577629964781 16.371972109307535 17.307286045106594
leaf_count=521 123 86 37 232 31 152 126 53 187 114 47 113 350 340
internal_value=0.000323836 -0.000620076 0.00832563 0.00109625 3.62273e-05 -0.00513649 0.00148225 -0.00750417 0.0030169 0.000330561 0.0032936 -0.001655 0.00404692 0.0101747
internal_weight=116.277 105.323 10.9541 92.5628 88.1034 3.82775 79.7272 10.2094 69.5178 58.7414 49.9985 29.7131 20.0528 20.2854
internal_count=2512 1802 710 1679 1593 189 1361 179 1182 995 881 494 381 387
is_linear=0
shrinkage=0.03


Tree=226
num_leaves=15
num_cat=0
split_feature=31 31 40 7 44 40 38 48 13 34 33 18 18 23
split_gain=1.0158 1.22668 2.21401 1.64797 1.62546 1.46274 2.7516 2.39326 3.22074 3.41527 3.07436 2.37848 2.05476 4.4819
threshold=2.0346519947052006 0.70914399623870861 0.077626574784517302 0.65548792481422435 0.21813637018203738 0.078963227570056929 0.26734209060668951 0.0079764681868255156 0.07569159567356111 0.029778736697255528 0.043596150353550918 0.034081138670444495 0.061212718486785896 0.10588236898183824
decision_type=2 2 2 2 2 2 2 2 2 2 2 2 2 2
left_child=1 2 3 -1 -4 6 7 11 -9 -10 -11 -3 13 -7
right_child=-2 5 4 -5 -6 12 -8 8 9 10 -12 -13 -14 -15
leaf_value=-0.01826730721098466 -0.011150459270077573 0.011559459255636813 0.022991898490842603 0.0012325711808528496 -0.0054237859761343977 -0.015676071023081422 0.022449560229092121 0.013238764913268582 -0.010426809618707641 0.025359081569052588 0.00053500300811562388 -0.020338145820805387 -0.01197249254417581 0.020616851126989098
leaf_weight=8.4342062284704316 4.5363002663943908 1.3320586939080374 1.7597325686365359 5.412588544888421 2.0766880667069927 3.390283014741728 4.9556246052961788 21.514131640447886 16.693218585452996 3.9382190061733153 19.8840757337166 5.3153059985488653 11.439499005675314 5.1973448636708781
leaf_count=122 36 249 22 106 50 41 69 768 205 37 303 66 248 190
internal_value=0.000318428 0.00100067 -0.00579865 -0.0112621 0.0105085 0.00241015 0.00437075 0.0024254 0.00439926 -0.000626002 0.00640128 -0.0124041 -0.0044044 0.00575088
internal_weight=115.879 111.343 17.6832 13.8468 3.83642 93.6598 73.6326 68.677 62.0296 40.5155 23.8223 6.64736 20.0271 8.58763
internal_count=2512 2476 300 228 72 2176 1697 1628 1313 545 340 315 479 231
is_linear=0
shrinkage=0.03


Tree=227
num_leaves=15
num_cat=0
split_feature=2 22 40 44 25 37 31 24 45 29 36 24 45 4
split_gain=1.01137 1.21976 1.9328 1.52442 1.45794 3.2194 2.34848 2.01586 2.16852 4.11982 2.57513 2.04017 1.79938 1.57654
threshold=0.7235294282436372 0.035349013283848769 0.013173880986869337 0.3271957933902741 0.032485084608197219 0.021850075572729114 0.70477527379989635 0.0016762275615828095 0.021913480013608936 0.010933406651020052 0.00099913449957966826 0.12683423913043482 0.012643891386687757 0.46945656836032873
decision_type=2 2 2 2 2 2 2 2 2 2 2 2 2 2
left_child=1 4 -3 -4 6 -6 -1 -8 9 10 11 -9 -12 -7
right_child=-2 2 3 -5 5 13 7 8 -10 -11 12 -13 -14 -15
leaf_value=-0.012590004653090474 0.012747938815173757 0.0083599038473411887 -0.015460603347236998 0.0067981753096636767 -0.010642156744580548 -0.00065162642370340644 0.011331930286749219 0.015991406593440331 -0.0089370147475399744 0.019755959708256998 -0.018496244431183795 -0.0055708851679557494 0 0.023853394241126095
leaf_weight=10.252398321987128 3.6251605525030746 4.0058751851320293 12.597409976297056 2.001413390506058 3.4784856154583386 2.7477335240691882 13.202250491478479 7.38777838466922 18.237039383500814 8.0747076150728372 7.6743736390490112 5.1822938763070852 9.8862345655215886 6.9885215731337667
leaf_count=121 209 58 425 74 34 35 590 142 246 132 77 154 148 67
internal_value=0.000323123 -0.00027079 -0.00690493 -0.0117769 0.00114056 0.00966235 -0.000433831 0.00161531 -0.00091616 0.00309203 -0.00223212 0.00735151 -0.0092958 0.0177495
internal_weight=115.342 111.717 18.6047 14.5988 93.1118 13.2147 79.8971 69.6447 56.4424 38.2054 30.1307 12.5701 17.5606 9.73626
internal_count=2512 2303 557 499 1746 136 1610 1489 899 653 521 296 225 102
is_linear=0
shrinkage=0.03


Tree=228
num_leaves=15
num_cat=0
split_feature=9 34 34 22 4 44 23 10 22 11 30 30 23 2
split_gain=0.992283 2.20638 1.46677 1.4369 1.51657 1.35513 1.3923 2.67332 1.9336 2.42292 3.92785 2.36553 3.32827 2.11258
threshold=0.042747821658849723 0.0027213410010111226 0.0064985169151835828 0.011302724014967682 0.40395213663578039 0.3271957933902741 0.12058824300765993 0.44901961088180548 0.019534729421138767 0.59019610285758983 0.013586859218776228 0.016617307439446453 0.050000011920928962 0.35490196943283087
decision_type=2 2 2 2 2 2 2 2 2 2 2 2 2 2
left_child=2 -2 -1 -3 -5 6 8 -8 13 10 -10 12 -11 -6
right_child=1 3 -4 4 5 -7 7 -9 9 11 -12 -13 -14 -15
leaf_value=0.015123262065544279 -0.011457033865165233 0.014809864681814373 -0.0048103575071912052 -0.010803276202138543 0.0090970545154132158 0.015446741051972523 -0.018525696444374951 0.0079774204327222719 0.02644998700549903 0.0088841136729553571 -0.0031588315095682586 0.0085821278532779675 -0.016889783965542467 -0.010376910087918911
leaf_weight=6.980051520484265 12.60090078297071 4.3865741040790445 3.7599157065124018 8.256413785624316 5.103275645524266 3.7835219185799351 6.7354764351621252 3.9748784522525966 8.1130276813637447 5.6029166437219855 5.7919247490353873 14.580622301204128 9.6005233037285489 15.634655576664953
leaf_count=521 123 86 189 232 37 66 201 76 70 107 76 219 161 348
internal_value=0.000326611 -0.000602065 0.00824966 0.00107269 3.11808e-05 0.00144071 0.000314335 -0.00874615 0.0020837 0.00562034 0.0150818 0.000437699 -0.00728838 -0.00507409
internal_weight=114.905 104.165 10.74 91.5638 87.1772 78.9208 75.1373 10.7104 64.4269 43.689 13.905 29.7841 15.2034 20.7379
internal_count=2512 1802 710 1679 1593 1361 1295 277 1018 633 146 487 268 385
is_linear=0
shrinkage=0.03


Tree=229
num_leaves=15
num_cat=0
split_feature=16 16 22 4 16 16 27 47 38 21 23 47 6 6
split_gain=0.984708 1.85158 1.95185 2.39292 2.11358 2.46345 2.22815 1.55029 2.13684 2.05176 3.37278 1.84635 1.82097 3.74203
threshold=0.0073728760619690163 0.011638563049853374 0.029135359451174739 0.51615869998931896 0.071864383493205439 0.099795439539709499 0.036310108378529556 0.041320569813251502 0.098111201077699675 0.021245831623673442 0.035294130444526679 0.021248542703688148 0.38235294818878179 0.40980392694473272
decision_type=2 2 2 2 2 2 2 2 2 2 2 2 2 2
left_child=7 -2 3 4 -3 -6 -7 11 9 10 -9 -1 -10 -14
right_child=1 2 -4 -5 5 6 -8 8 12 -11 -12 -13 13 -15
leaf_value=0.012094053334751546 -0.016343832871143497 -0.0077327321074440172 -0.0099949229646150127 0.016840120891133108 0.020124199216965757 0.010939233790264307 -0.013644989138924249 0.016280094519898262 0.0114106450423753 0.021910254285378766 -0.0149341369464197 -0.015655023443409358 -0.019696300805985147 0.0033241099203845303
leaf_weight=1.2237082434585307 5.5249215657822779 16.569639255292717 11.96731335762888 6.821025099605321 5.3047417029738417 4.1438156920485181 5.1909987712278962 4.4975543830369151 8.1017114580608887 8.4642615216725954 3.9685955281602219 5.5868100524239708 6.8939705623779473 20.308197154314257
leaf_count=126 55 125 465 47 35 30 68 192 88 272 58 297 52 602
internal_value=0.000333144 -0.0024607 -0.000299236 0.00302378 -0.000737881 0.00697673 -0.00246254 0.00300401 0.00485234 0.0129907 0.00130372 -0.00871504 0.000381827 -0.00335672
internal_weight=114.567 55.5225 49.9975 38.0302 31.2092 14.6396 9.33481 59.0448 52.2343 16.9304 8.46615 6.81052 35.3039 27.2022
internal_count=2512 825 770 305 258 133 98 1687 1264 522 250 423 742 654
is_linear=0
shrinkage=0.03


Tree=230
num_leaves=15
num_cat=0
split_feature=47 17 36 7 37 18 41 21 33 28 39 45 17 14
split_gain=0.970938 2.18544 2.06518 2.4551 1.82182 3.04528 2.87593 2.26068 1.57978 1.51442 2.22496 1.83795 1.50242 1.5401
threshold=0.14113168418407443 0.1149582862854004 0.0076418877579271802 0.58235296607017528 0.066070549190044417 0.048158092424273498 0.21638033539056781 0.037553852424025543 0.09911599382758142 0.0061898816130225688 0.024378243833780292 0.012643891386687757 0.1081940419971943 0.525405913591385
decision_type=2 2 2 2 2 2 2 2 2 2 2 2 2 2
left_child=1 12 3 4 6 -6 7 -2 -4 10 11 -5 13 -1
right_child=2 -3 8 9 5 -7 -8 -9 -10 -11 -12 -13 -14 -15
leaf_value=-0.0028375083266018778 0.013530545532987279 -0.012543938813096792 -0.017301824529661079 -0.0056250658961797314 0.012138004921014679 -0.013846423260732189 0.023876335984455526 -0.015394248366654276 0.0079075683442599038 0.023706648730209622 -0.01108207996777438 0.021957094685599414 0.017119022761218457 0.011248014276296578
leaf_weight=44.818992347107269 2.1365194693207759 12.044120336882768 4.8636923388112328 2.0235567073104921 3.9628176247933871 11.26142712170258 3.9938549001235515 3.941488450858742 1.7291467848699538 6.750296175479888 3.2877878537401557 4.5230056309374049 2.6118247654521829 6.1886111279018214
leaf_count=704 23 250 140 69 130 141 64 77 48 124 67 119 61 495
internal_value=0.000332151 -0.00199461 0.00349762 0.0060574 0 -0.00628455 0.00891461 -0.0040227 -0.0100393 0.0143362 0.00473146 0.0137592 0.000686923 -0.000712042
internal_weight=114.137 65.6635 48.4736 41.8808 25.2961 15.2242 10.0719 6.07801 6.59284 16.5846 9.83435 6.54656 53.6194 51.0076
internal_count=2512 1510 1002 814 435 271 164 100 188 379 255 188 1260 1199
is_linear=0
shrinkage=0.03


Tree=231
num_leaves=15
num_cat=0
split_feature=24 25 12 26 30 47 3 36 22 19 17 41 24 40
split_gain=0.943383 1.76717 1.78087 2.01317 1.60169 1.48927 2.01788 2.79241 1.58291 2.23897 2.15694 2.54658 1.47715 1.7273
threshold=0.0028226981351981355 0.016664545051753524 0.50849232077598583 0.021925308741629127 0.0050177238881587991 0.14113168418407443 0.46862745285034185 0.0049454607069492349 0.017245313152670864 0.21716652810573581 0.084510438144207015 0.041217923164367683 0.033045789930555562 0.026706508360803131
decision_type=2 2 2 2 2 2 2 2 2 2 2 2 2 2
left_child=1 4 3 -3 -1 8 -7 -8 -2 10 11 -10 -12 -14
right_child=5 2 -4 -5 -6 6 7 -9 9 -11 12 -13 13 -15
leaf_value=-0.0020973002244417329 -0.016073794297237588 -0.01569322734218238 0.013955907990335638 0.0078046413173785819 0.023620241833453511 -0.011396560456026683 0.010130152990063665 -0.0059852901098015445 0.013305926337608184 -0.01358446167928591 0.022159610355751414 -0.010184634952295404 -0.014392164146482705 0.0094432491939653636
leaf_weight=2.4694911149563294 7.031015119253424 6.4910254022106511 3.0974644606467328 3.5958762764930725 4.7802227064967155 5.7524577714502803 28.984826664091088 12.250850574928334 3.6233058314537692 8.9441301972838101 4.0974770627217358 14.177572226966729 2.014942064881323 6.51830785558559
leaf_count=196 156 53 125 28 337 68 602 310 57 192 51 176 21 140
internal_value=0.000350302 0.005899 -0.000819135 -0.00716294 0.0159763 -0.000930484 0.00274014 0.00521758 -0.00466872 -0.00188117 0.00209164 -0.00439068 0.0107838 0.00186617
internal_weight=113.829 20.4341 13.1844 10.0869 7.24971 93.3949 46.9881 41.2357 46.4068 39.3757 30.4316 17.8009 12.6307 8.53325
internal_count=2512 739 206 81 533 1773 980 912 793 637 445 233 212 161
is_linear=0
shrinkage=0.03


Tree=232
num_leaves=15
num_cat=0
split_feature=9 34 22 8 8 2 13 36 29 18 5 9 31 18
split_gain=0.941525 1.584 1.37234 1.2311 2.06869 1.99864 2.74531 1.91107 2.43921 1.90724 1.74602 1.95068 2.7543 2.79915
threshold=0.028894335031509403 0.001234087004061231 0.014163523912429811 0.25302921235561376 0.30284152925014501 0.28823530673980718 0.19934211671352389 0.00099913449957966826 0.0079534528777003306 0.085785049945116057 0.081748697906732573 0.072718210518360152 0.66124698519706737 0.047818956896662719
decision_type=2 2 2 2 2 2 2 2 2 2 2 2 2 2
left_child=-1 2 -2 -3 -5 6 -6 9 -9 -7 11 12 -10 -14
right_child=1 3 -4 4 5 7 -8 8 10 -11 -12 -13 13 -15
leaf_value=0.014823957909942342 0.0042287702317681261 -0.013133828694739936 -0.016926098468151511 0.018037427413575134 -0.016687025166940515 0.020085302798725047 0.01480910963278181 -0.013070604156738219 -0.018342851080170083 -0.0065656309165534983 -0.0010066909387478518 0.020527939078437842 0.0190769738523709 -0.0050468592339748437
leaf_weight=1.9095039394160256 2.7806822828715649 3.2426232595462343 6.6283197328448296 4.5756712050642809 9.2100015352480096 7.1109135903243423 1.4332660625223059 8.3736667361226846 2.5527282978873762 1.9895449439063666 43.250280111096799 6.5992736155167213 7.1826968100504001 6.6519406456500292
leaf_count=370 54 66 65 82 210 190 40 152 36 35 569 161 395 87
internal_value=0.000345032 -0.000132998 -0.0107658 0.00100527 0.0017495 0.000570486 -0.0105367 0.0022306 0.00044883 0.0138554 0.00253492 0.00886587 0.00228434 0.00811594
internal_weight=113.491 111.582 9.409 102.173 98.93 94.3543 10.6433 83.711 74.6106 9.10046 66.2369 22.9866 16.3874 13.8346
internal_count=2512 2142 119 2023 1957 1875 250 1625 1400 225 1248 679 518 482
is_linear=0
shrinkage=0.03


Tree=233
num_leaves=15
num_cat=0
split_feature=8 8 11 9 8 42 20 31 47 26 37 6 3 22
split_gain=0.93327 1.98293 2.13098 2.43569 1.64492 1.62115 1.73504 2.95135 2.09495 1.631 1.49338 2.04879 1.43301 1.50772
threshold=0.44455729424953466 0.33701570332050329 0.3254902064800263 0.099462669342756285 0.45527744293212896 0.020549409091472629 0.0016228971048513304 1.1012467145919802 0.13708101958036426 0.024591904133558277 0.033853584900498397 0.33529412746429449 0.62941178679466259 0.020314940251410011
decision_type=2 2 2 2 2 2 2 2 2 2 2 2 2 2
left_child=1 2 -1 -4 -2 6 -6 8 -8 -7 11 -3 -12 -14
right_child=4 10 3 -5 5 9 7 -9 -10 -11 12 -13 13 -15
leaf_value=-0.0078946206000194939 0.016971170003203688 -0.0073307006968743689 0.018216994189857304 -0.009390610208968142 0.014520539244392082 -0.0093409783573971655 -0.019081030384653828 0.014270597792355474 0.00598508019328423 0.0028930194277242234 -0.016744862485152084 0.014318389135946723 0.017398095317796878 -0.0093504255251294823
leaf_weight=5.8665457842871573 4.5620115738129234 8.9943291236413661 9.1468018258456123 2.3221367802470914 11.016975483682474 16.768220347701572 5.809358212631194 5.3963663709582752 3.4071665904484689 18.539571888977662 13.350064265308903 4.1172851803712538 1.3018007050268345 2.4284035707823932
leaf_count=101 70 116 85 114 810 348 57 66 46 295 230 50 29 95
internal_value=0.000345618 -0.00275874 0.00488068 0.0118401 0.00265762 0.00103314 0.00654783 -0.000306852 -0.0101322 -0.00302597 -0.00726902 0.000264269 -0.0126307 0.00227524
internal_weight=113.027 47.5274 17.3355 11.4689 65.4997 60.9377 25.6299 14.6129 9.21652 35.3078 30.1919 13.1116 17.0803 3.7302
internal_count=2512 820 300 199 1692 1622 979 169 103 643 520 166 354 124
is_linear=0
shrinkage=0.03


Tree=234
num_leaves=15
num_cat=0
split_feature=9 34 34 22 4 36 36 25 27 34 48 42 47 32
split_gain=0.916243 2.05873 1.39377 1.33525 1.42286 1.24579 2.57483 2.3339 2.17465 1.83802 2.19824 2.4114 2.2341 2.1085
threshold=0.042747821658849723 0.0027213410010111226 0.0064985169151835828 0.011302724014967682 0.40395213663578039 0.0092100454494357126 0.015885276719927791 0.031321693211793906 0.058194275945425041 0.023780948067632854 0.028075506910681728 0.016742637380957607 0.040088886395096786 0.011550182010978462
decision_type=2 2 2 2 2 2 2 2 2 2 2 2 2 2
left_child=2 -2 -1 -3 -5 7 -7 8 9 13 11 -11 -13 -6
right_child=1 3 -4 4 5 6 -8 -9 -10 10 -12 12 -14 -15
leaf_value=0.014840728606423942 -0.011152801478588685 0.014479817429897034 -0.0047583028292311437 -0.010538078945053531 0.0026458058794240134 -0.017349969332747208 0.0092683993825220575 0.015126208851045706 -0.011392846547648387 -0.0073163716051136514 -0.0078648143918453178 -0.005040416501534961 0.023638896683131346 -0.015094099587507393
leaf_weight=6.7772767165006353 12.288387343520297 4.2399687068536869 3.6746678529452765 8.047702373005448 22.924076681898445 6.3261968439910543 3.6086197718977928 9.8239660514518601 9.3651662108022702 2.5906529338099125 3.5974725986598051 2.0294640164938746 11.472683599218724 5.9297313163988283
leaf_count=521 123 86 189 232 384 126 53 182 120 40 64 40 242 110
internal_value=0.000349438 -0.000548523 0.00805171 0.00107851 6.63698e-05 0.00143979 -0.00749708 0.00297106 0.000422801 0.00312225 0.00975364 0.014292 0.0190405 -0.00164479
internal_weight=112.696 102.244 10.4519 89.9557 85.7157 77.668 9.93482 67.7332 57.9092 48.5441 19.6903 16.0928 13.5021 28.8538
internal_count=2512 1802 710 1679 1593 1361 179 1182 1000 880 386 322 282 494
is_linear=0
shrinkage=0.03


Tree=235
num_leaves=15
num_cat=0
split_feature=31 45 36 31 29 31 4 36 23 22 11 15 23 1
split_gain=0.904099 1.08793 2.51665 1.48774 1.76437 1.60323 2.98797 2.40153 2.58235 1.88516 2.529 2.7428 1.83362 1.75673
threshold=2.0346519947052006 0.04893689043819905 0.0092100454494357126 0.70914399623870861 0.026416400447487835 0.91442957520484935 0.43206475675106054 0.0076418877579271802 0.1862745136022568 0.028906811960041526 0.61666667461395275 0.50437846779823314 0.19411765038967135 0.03173449449241162
decision_type=2 2 2 2 2 2 2 2 2 2 2 2 2 2
left_child=1 2 3 4 -1 6 -5 8 -8 10 11 13 -11 -7
right_child=-2 -3 -4 5 -6 9 7 -9 -10 12 -12 -13 -14 -15
leaf_value=-0.01149070047911575 -0.010682141951992187 0.013418663818763757 -0.015357962565941827 -0.0075324355708089137 0.010458397829855441 -0.0070120601366178712 0.022681407379820065 -0.0082857076564146585 -0.0090935153289020011 -0.010815458659564871 0.017737484839315434 -0.0057988724766730778 0.012194730792352313 0.016389020603133048
leaf_weight=11.838884274708105 4.3073560910997903 3.9972394723445168 6.5489081006962797 5.5449583546724197 2.4832040120381853 2.4159519834211087 14.473450697973023 2.1333536400925359 1.4322513783117745 15.933848974993454 7.3835755260806755 22.757308766827919 1.9247525834944088 9.1694314805790764
leaf_count=182 36 97 122 91 40 39 377 22 27 322 374 643 53 87
internal_value=0.000331367 0.000983905 0.000233791 0.00159899 -0.00668611 0.00318445 0.00947272 0.0150797 0.0189565 0.000420009 0.00393282 6.95228e-05 -0.00720602 0.0109744
internal_weight=112.344 108.037 104.04 97.491 14.3221 83.1689 23.584 18.0391 15.9057 59.5849 41.7263 34.3427 17.8586 11.5854
internal_count=2512 2476 2379 2257 222 2035 517 426 404 1518 1143 769 375 126
is_linear=0
shrinkage=0.03


Tree=236
num_leaves=15
num_cat=0
split_feature=9 34 22 47 33 20 17 6 10 14 48 21 23 31
split_gain=0.899668 1.50422 1.30951 1.18026 2.58954 1.8223 1.69712 1.55104 2.0613 1.82117 1.66002 1.36324 3.59148 2.49435
threshold=0.028894335031509403 0.001234087004061231 0.014163523912429811 0.14113168418407443 0.025038797408342365 0.23444921725849563 0.1149582862854004 0.34313726425170904 0.34705883264541632 0.24876020103693011 0.03835179656744004 0.030032753944396976 0.050000011920928962 1.2261127233505251
decision_type=2 2 2 2 2 2 2 2 2 2 2 2 2 2
left_child=-1 2 -2 6 -5 7 11 9 -9 -6 -10 12 13 -3
right_child=1 3 -4 4 5 -7 -8 8 10 -11 -12 -13 -14 -15
leaf_value=0.014573463497393769 0.0041204665888984575 -0.0024823794505218029 -0.016638970620793146 0.019213731704979253 -0.0031492480463207197 -0.0094336200564136448 -0.011291768019177114 -0.012670881465262364 0.01347556319320971 0.020070000652255161 -0.010914252304183161 0.0096833195554380889 -0.016055086676867492 0.014958760028492994
leaf_weight=1.857081636582733 2.7493332567391899 19.873584467160985 6.515262299682945 6.9038572846911839 3.5455461409874278 8.9151055373949912 11.080643425928427 6.0758033539168528 7.0428682925412414 7.0679331049323082 1.653252611402422 10.055460821022278 9.5403238171711546 9.1621025583299325
leaf_count=370 54 473 65 109 142 212 233 55 173 105 19 241 104 157
internal_value=0.000322826 -0.000146161 -0.0105743 0.000968934 0.00477485 0.000887531 -0.00167836 0.005046 -0.00121288 0.0128061 0.00738447 0.000812314 -0.00178944 0.00353376
internal_weight=112.038 110.181 9.2646 100.916 41.2044 34.3005 59.7121 25.3854 14.7719 10.6135 8.69612 48.6315 38.576 29.0357
internal_count=2512 2142 119 2023 815 706 1208 494 247 247 192 975 734 630
is_linear=0
shrinkage=0.03


Tree=237
num_leaves=15
num_cat=0
split_feature=8 8 11 9 24 8 42 12 16 20 31 47 6 2
split_gain=0.891668 1.83825 2.03124 2.28869 1.69026 1.51786 1.54509 1.66324 1.99215 1.62104 2.7926 1.99314 1.29104 2.65917
threshold=0.44455729424953466 0.33701570332050329 0.3254902064800263 0.099462669342756285 0.078659582039337497 0.45527744293212896 0.020549409091472629 0.68971034884452831 0.011638563049853374 0.0016228971048513304 1.1012467145919802 0.13708101958036426 0.27078439295291906 0.32352942228317266
decision_type=2 2 2 2 2 2 2 2 2 2 2 2 2 2
left_child=1 2 4 -4 -1 -2 9 8 -8 -7 11 -11 -3 -14
right_child=5 12 3 -5 -6 6 7 -9 -10 10 -12 -13 13 -15
leaf_value=0.0097813106716676985 0.016376726481767225 -0.01743651396014775 0.017724393664702964 -0.0091936592538212937 -0.016459000352916763 0.014212141999362913 -0.012747895352787322 0.0085093295121222209 0.0024369985661646348 -0.018633679960843721 0.014003409666249441 0.0058765646721497282 0.015350541802389837 -0.0077014697534386551
leaf_weight=1.6880087424069667 4.5257814057404167 6.3143635942833525 9.0260751845780742 2.269091017311438 4.0839705182006583 10.818669541840793 15.744697006884964 6.9007607601815826 12.368876288179306 5.7267954610288125 5.3382709483848876 3.388161396374926 3.6754979668185142 19.812822026317008
leaf_count=18 70 202 85 114 83 810 263 220 160 57 66 46 30 288
internal_value=0.000319521 -0.00273631 0.00467398 0.0115216 -0.00785675 0.00259005 0.00101428 -0.00295699 -0.00624936 0.00643985 -0.000216003 -0.00983492 -0.00710136 -0.00305508
internal_weight=111.682 46.8698 17.0671 11.2952 5.77198 64.812 60.2862 35.0143 28.1136 25.2719 14.4532 9.11496 29.8027 23.4883
internal_count=2512 820 300 199 101 1692 1622 643 423 979 169 103 520 318
is_linear=0
shrinkage=0.03


Tree=238
num_leaves=15
num_cat=0
split_feature=31 22 42 23 41 41 21 16 6 44 11 41 11 22
split_gain=0.881242 1.05003 1.77055 1.87472 1.5611 2.91964 2.245 3.625 1.80051 1.9577 1.83932 1.54107 2.73668 1.71064
threshold=2.0346519947052006 0.035349013283848769 0.009064370300620796 0.066666677594184889 0.13215573132038119 0.12098061665892602 0.081639517098665251 0.00065282046903460849 0.27078439295291906 0.056292332708835609 0.5156863033771516 0.25881896913051611 0.53921571373939525 0.016056254506111148
decision_type=2 2 2 2 2 2 2 2 2 2 2 2 2 2
left_child=1 4 -3 -4 5 8 11 -8 -1 10 -10 12 13 -6
right_child=-2 2 3 -5 6 -7 7 -9 9 -11 -12 -13 -14 -15
leaf_value=-0.011900667557340143 -0.010604160682028747 0.015856681631784622 0.0074022006382133314 -0.01284769158900549 0.010817813452384936 -0.02142948996609673 0.01643602219735861 -0.01211352858818949 0.014591490965300829 0.0086310158395012607 -0.0083894139772478088 0.02578602714931089 0.016713557943272683 -0.011856544292306266
leaf_weight=5.802222089841961 4.2443274144316083 1.2774432031437779 3.848793973214927 14.162975312559864 2.6516424787696504 3.6342322438722467 4.1103981673950321 9.570722613250835 1.9233350752620015 25.701453776506241 13.963640981208298 4.3318360978737465 9.6013391638407466 6.539781822822988
leaf_count=60 36 10 43 517 89 56 207 76 44 507 591 53 132 91
internal_value=0.000323937 0.000970847 -0.00499754 -0.0080634 0.00239709 -0.00096515 0.00694509 -0.00234241 0.00134766 0.00372607 -0.0041191 0.0123083 0.00687585 -0.0042829
internal_weight=111.364 107.12 19.2892 18.0118 87.8306 51.0249 36.8057 13.6811 47.3907 41.5884 15.887 23.1246 18.7928 9.19142
internal_count=2512 2476 570 560 1906 1258 648 283 1202 1142 635 365 312 180
is_linear=0
shrinkage=0.03


Tree=239
num_leaves=15
num_cat=0
split_feature=24 48 42 47 15 36 41 20 30 17 17 0 11 21
split_gain=0.867469 1.25308 1.60899 1.2235 1.82817 2.49764 1.5897 1.98415 1.66017 1.62447 3.42448 1.90278 1.30645 2.16707
threshold=0.001496362433862434 0.015278324950486423 0.0072530708275735387 0.14113168418407443 0.42665234208107 0.0049454607069492349 0.032746426761150367 0.0056997292686545029 0.026572653092443946 0.086203057318925871 0.12236270681023599 0.60205861926078807 0.54568400979042064 0.061033116653561599
decision_type=2 2 2 2 2 2 2 2 2 2 2 2 2 2
left_child=1 2 -1 6 -5 12 -2 9 -9 11 -11 -8 13 -6
right_child=3 -3 -4 4 5 -7 7 8 -10 10 -12 -13 -14 -15
leaf_value=-0.0035775128616764495 0.012108699975701437 -0.00032876401765951306 0.022569206887210178 -0.011672520708130501 -0.010915686132021353 -0.005855864512472754 -0.012384740512901811 -0.01688979744216329 0.0067059489823628905 0.018090339456829602 -0.009621347729269954 0.0080557641535127875 0.01729564043808671 0.0095402463478808167
leaf_weight=2.1819200993049916 2.9949146208236916 10.814260742627082 4.3792137863492826 4.9960370764601967 4.584613213548443 11.979963112273252 11.944763574749233 14.253153990837747 1.8965866353828449 7.3982410056050849 5.1786431930959225 4.0233273552148594 10.220673007192088 14.10095275309868
leaf_count=188 61 211 283 58 74 311 138 235 34 176 75 130 220 318
internal_value=0.000329701 0.00613149 0.0147192 -0.000822012 0.0025807 0.00485543 -0.00412824 -0.00575253 -0.0135199 -0.000662323 0.00671948 -0.00674417 0.00948339 0.00380611
internal_weight=110.947 17.3754 6.56113 93.5719 45.8822 40.8862 47.6896 44.6947 16.1497 28.545 12.5769 15.9681 28.9062 18.6856
internal_count=2512 682 471 1830 981 923 849 788 269 519 251 268 612 392
is_linear=0
shrinkage=0.03


Tree=240
num_leaves=15
num_cat=0
split_feature=4 38 37 37 38 8 2 21 14 8 15 4 14 6
split_gain=0.856327 1.53651 2.07168 2.11949 1.80829 1.71909 1.6131 2.86565 1.84737 1.8071 2.60955 1.55997 1.47443 2.68805
threshold=0.46050645411014562 0.2259573116898537 0.064251434057950987 0.040398867800831802 0.10311611369252206 0.45114505290985113 0.5000000149011613 0.021044841967523101 0.52380001544952404 0.50701248645782482 0.56843727827072155 0.49467486143112188 0.37908589839935308 0.33529412746429449
decision_type=2 2 2 2 2 2 2 2 2 2 2 2 2 2
left_child=12 2 3 4 6 -5 9 8 -8 10 -2 -12 13 -1
right_child=1 -3 -4 5 -6 -7 7 -9 -10 -11 11 -13 -14 -15
leaf_value=-0.0042259717093216867 0.014550829378897113 0.012471334692134951 -0.010245504682069648 -0.0053755601531856548 -0.013707817961358748 0.017815901196535425 -0.023766197669640037 0.011235015207349422 0.0031152248886286218 0.015122577555749802 0.0048939193891361739 -0.017866678854119997 -0.01532570094998789 0.016780889424775042
leaf_weight=28.081527631497011 4.1246620193123844 9.2638513059355301 11.191917928517794 2.5305531551130107 5.7123445403994983 9.9796869620913622 5.024135710555127 3.791325105848955 2.5320559211395448 10.048435459728351 2.9088990297168476 5.3579362845048308 5.3568368729902422 4.6974164238199583
leaf_count=488 129 286 255 51 72 269 112 175 300 182 35 56 51 51
internal_value=0.000331435 0.00225343 0.000373126 0.00300845 -0.000496104 0.0128237 0.00229497 -0.00612496 -0.0156776 0.00682834 -0.000856007 -0.0101724 -0.00317631 -0.000337419
internal_weight=110.602 72.4658 63.202 52.01 39.4998 12.5102 33.7874 11.3475 7.55619 22.4399 12.3915 8.26684 38.1358 32.7789
internal_count=2512 1922 1636 1381 1061 320 989 587 412 402 220 91 590 539
is_linear=0
shrinkage=0.03


Tree=241
num_leaves=15
num_cat=0
split_feature=9 5 33 1 35 9 39 5 25 30 29 8 36 21
split_gain=0.874321 1.89759 1.74202 1.85418 2.10059 1.76344 1.68206 2.45127 2.62653 2.28496 2.21439 1.97721 1.97337 1.74439
threshold=0.042747821658849723 0.056617416441440589 0.033511172980070121 0.1083420366048813 0.027371973730623726 0.075920142233371748 0.019621268846094612 0.081748697906732573 0.022508093155920509 0.012984248809516432 0.021973951719701294 0.56411960721015941 0.0064589525572955617 0.012240009382367136
decision_type=2 2 2 2 2 2 2 2 2 2 2 2 2 2
left_child=-1 -2 3 4 -3 -6 13 8 -8 -9 -11 12 -12 -4
right_child=1 2 6 -5 5 -7 7 9 -10 10 11 -13 -14 -15
leaf_value=0.0079552300985553104 -0.009458441777163153 0.0024030261083179526 0.0078830831216381344 -0.011202099714869311 0.00076740769667645752 0.029313750782457473 -0.0064211904106560459 0.012177300981791025 0.022509439455318771 -0.011241216020922658 0.013739168350355366 0.015420663351668891 -0.012567159405778778 -0.0170179634442417
leaf_weight=10.121199867789981 15.895356473338323 14.080697462311951 1.8759139532921825 2.3281389439944169 3.1454713045968656 5.0714569101110101 2.9938376275822502 5.9685804774053386 6.2023095476906747 21.113868400454521 1.7272802337538431 5.1523621417582026 6.5120467991800979 8.1592347056139243
leaf_count=710 321 198 43 40 54 57 73 80 181 354 39 72 184 106
internal_value=0.000325147 -0.000556581 0.00126681 0.00767669 0.0105311 0.0209691 -0.00149149 0.000857407 0.0133584 -0.0024076 -0.00554152 0.00354293 -0.00515293 -0.0115774
internal_weight=110.348 100.227 84.3312 24.6258 22.2976 8.21693 59.7054 49.6703 9.19615 40.4741 34.5056 13.3917 8.23933 10.0351
internal_count=2512 1802 1481 349 309 111 1132 983 254 729 649 295 223 149
is_linear=0
shrinkage=0.03


Tree=242
num_leaves=15
num_cat=0
split_feature=9 34 22 16 16 34 33 22 3 1 9 31 31 42
split_gain=0.84453 1.44574 1.20268 1.15814 1.75626 1.75809 2.37558 1.72265 2.38974 1.55589 2.02071 2.31437 2.7306 1.90972
threshold=0.028894335031509403 0.001234087004061231 0.014163523912429811 0.0073728760619690163 0.011638563049853374 0.024017905773420483 0.043596150353550918 0.028029086999595169 0.65294119715690624 0.07665178552269937 0.072718210518360152 0.66124698519706737 1.0873326659202578 0.004073493881151081
decision_type=2 2 2 2 2 2 2 2 2 2 2 2 2 2
left_child=-1 2 -2 9 -5 -6 -7 8 -8 10 11 -3 13 -13
right_child=1 3 -4 4 5 6 7 -9 -10 -11 -12 12 -14 -15
leaf_value=0.014261461905331655 0.0038199378435065565 -0.018401712211147156 -0.016271272946536134 -0.016483500341242536 -0.0073826079708253266 0.018253220063725081 -0.0037936012144812498 -0.010328119908493392 0.018675634970064012 -0.0028621781618964142 0.016996220445704386 -0.011511286191126454 -0.006866138411740965 0.017898852621036045
leaf_weight=1.7940870580059698 2.6857079735491407 2.2604152967687723 6.3795996680855751 4.727617116412147 16.272183647728525 6.1569600428920266 8.941327800042929 8.0554296819027496 5.1040772665292016 17.052227433072403 11.44241389876697 0.81861266493797558 7.5985062006802755 10.683732663514091
leaf_count=370 54 37 65 48 229 54 77 339 36 268 208 2 256 469
internal_value=0.000341939 -0.000116368 -0.0104333 0.000985292 -0.00219651 0 0.00440228 -0.000526437 0.00549479 0.00415023 0.00783667 0.0017668 0.00581369 0.0141885
internal_weight=109.973 108.179 9.06531 99.1135 49.2576 44.53 28.2578 22.1008 14.0454 49.8559 32.8037 21.3613 19.1009 11.5023
internal_count=2512 2142 119 2023 783 735 506 452 113 1240 972 764 727 471
is_linear=0
shrinkage=0.03


Tree=243
num_leaves=15
num_cat=0
split_feature=24 25 12 26 30 47 36 7 42 10 8 42 42 36
split_gain=0.833777 1.619 1.63491 1.81805 1.43218 1.29381 1.56896 2.43615 1.47314 2.03602 1.7925 1.73335 2.26521 1.56162
threshold=0.0028226981351981355 0.016664545051753524 0.50849232077598583 0.021925308741629127 0.0050177238881587991 0.14113168418407443 0.0076418877579271802 0.58235296607017528 0.016413373872637752 0.32294109463691717 0.45527744293212896 0.03070776537060738 0.020549409091472629 0.00099913449957966826
decision_type=2 2 2 2 2 2 2 2 2 2 2 2 2 2
left_child=1 4 3 -3 -1 8 7 -7 13 -10 -11 12 -12 -2
right_child=5 2 -4 -5 -6 6 -8 -9 9 10 11 -13 -14 -15
leaf_value=-0.0018948464781228544 0.0016016724313306296 -0.015277942766466129 0.013462133419849594 0.0073827572389524474 0.022985925072955229 -0.0012936655129409957 -0.0093435412467784088 0.013226594704563142 -0.012194121005513831 0.023128165363382146 0.011153325416539024 0.011815560424855143 -0.011644156805841552 -0.017553085747616239
leaf_weight=2.3457141790277118 4.8127778158232095 6.2260085227899236 2.9707629330223417 3.4557299437001348 4.4523962559760548 23.059136373922229 6.3053593870718023 16.027943752007559 7.5266261758515638 1.7912117158994103 3.7118365592905347 6.2226635965052983 10.87365366599988 9.7843976778094639
leaf_count=196 108 53 125 28 337 415 188 377 173 14 91 79 193 135
internal_value=0.000327699 0.00566878 -0.000851806 -0.00705359 0.0155806 -0.000890604 0.0025833 0.00494146 -0.00444035 -0.000358792 0.00413191 0.000480465 -0.00501624 -0.0116249
internal_weight=109.566 19.4506 12.6525 9.68174 6.79811 90.1156 45.3924 39.0871 44.7232 30.126 22.5994 20.8082 14.5855 14.5972
internal_count=2512 739 206 81 533 1773 980 792 793 550 377 363 284 243
is_linear=0
shrinkage=0.03


Tree=244
num_leaves=15
num_cat=0
split_feature=5 3 11 1 6 1 18 31 23 1 47 18 31 28
split_gain=0.825831 1.82613 1.84229 1.53305 1.66487 1.43699 2.30367 2.5855 1.73295 2.82709 1.86872 1.82147 2.85351 1.66891
threshold=0.12812129408121112 0.66078433394432079 0.70000001788139354 0.14359862357378009 0.3660783469676972 0.091291546821594252 0.043479578569531448 1.2701532244682314 0.025490209460258487 0.074524972587823882 0.040512928739190109 0.074747651815414443 0.70914399623870861 0.028155637254901965
decision_type=2 2 2 2 2 2 2 2 2 2 2 2 2 2
left_child=5 -2 -3 -4 -5 8 -7 13 9 -1 -10 12 -12 -8
right_child=1 2 3 4 -6 6 7 -9 10 -11 11 -13 -14 -15
leaf_value=0.021146537967222431 -0.017373733346461796 0.012114859554764459 -0.016612522858493961 -0.0096069565621717153 0.016914568134219491 -0.012606203722333132 0.022208427390888633 -0.0053931455603782961 -0.019155909476138242 -0.01230876273949218 -0.013670902082326393 -0.008753828754375019 0.0059910225163535497 -0.0012890622853973528
leaf_weight=5.2419393801828837 5.1234166873618987 5.7484524487517765 4.4930867250077409 2.2876614220440388 2.2752865245565772 2.3663685945794013 11.213228159467691 4.6966951021458945 3.4229749922378678 1.6464496315456925 6.0420131973223752 15.809413864277301 36.004570286444505 2.8638634239323428
leaf_count=436 209 108 69 87 19 23 153 49 108 22 74 224 902 29
internal_value=0.000338059 -0.00486286 0.000840734 -0.0069413 0.00428515 0.00161253 0.00808187 0.0117965 -0.000524165 0.0118423 -0.00229204 -0.000637462 0.00260508 0.0176758
internal_weight=109.235 19.9279 14.8045 9.05603 4.56295 89.3075 21.1402 18.7738 68.1674 6.88839 61.279 57.856 42.0466 14.0771
internal_count=2512 492 283 175 106 2020 254 231 1766 458 1308 1200 976 182
is_linear=0
shrinkage=0.03


Tree=245
num_leaves=15
num_cat=0
split_feature=9 34 22 16 14 15 28 34 39 16 12 11 30 34
split_gain=0.826476 1.37902 1.16286 1.07275 2.03437 1.86746 2.31806 1.9209 1.81064 1.68856 1.67487 1.83415 1.70427 3.0916
threshold=0.028894335031509403 0.001234087004061231 0.014163523912429811 0.0073728760619690163 0.37908589839935308 0.52749022841453563 0.00047195747800586515 0.018676832964368544 0.021295508369803432 0.011638563049853374 0.51137623190879833 0.66470590233802807 0.013460366521030666 0.024017905773420483
decision_type=2 2 2 2 2 2 2 2 2 2 2 2 2 2
left_child=-1 2 -2 4 -3 -6 -7 -8 -9 -5 12 -12 13 -11
right_child=1 3 -4 9 5 6 7 8 -10 10 11 -13 -14 -15
leaf_value=0.014128607116285033 0.0037801955018851416 0.017294022484300571 -0.016033761308975047 -0.016209924599326617 -0.013209504142341238 0.014113297826532721 -0.013555193764354753 0.018066103704837369 -0.0012681579773972851 -0.0052783600236764186 0.018459157844903294 -0.0022097837278344922 -0.010357721628489979 0.01969411727464886
leaf_weight=1.7647006897022937 2.6590947966324148 6.650437891483306 6.3128609480336308 4.6750655861105761 4.8969390781130633 10.982293300039599 6.258581048052295 3.6667961485218283 16.976265146629885 12.054452465148648 5.8216431718319637 6.4446538216434419 15.180572121753356 4.5314551841001949
leaf_count=370 54 67 65 48 56 506 97 151 363 169 67 88 363 48
internal_value=0.000303158 -0.000151929 -0.0102693 0.000929677 0.00398753 0.001172 0.00367537 -0.00116376 0.00332605 -0.00214931 0 0.0086021 -0.00365762 0.00276805
internal_weight=108.876 107.111 8.97196 98.1392 49.4313 42.7809 37.8839 26.9016 20.6431 48.7078 44.0328 12.2663 31.7665 16.5859
internal_count=2512 2142 119 2023 1240 1173 1117 611 514 783 735 155 580 217
is_linear=0
shrinkage=0.03


Tree=246
num_leaves=15
num_cat=0
split_feature=24 25 28 30 47 15 42 23 41 31 31 9 28 34
split_gain=0.824678 1.53775 1.58323 1.37615 1.2206 1.68902 1.87995 1.6249 1.42433 1.48936 3.80973 1.4427 1.36412 1.67521
threshold=0.0028226981351981355 0.016664545051753524 0.0011186549272486775 0.0050177238881587991 0.14113168418407443 0.42665234208107 0.010755845811218025 0.16764706373214724 0.032746426761150367 0.91442957520484935 0.82211229205131542 0.12357623130083085 0.00033227767602767608 0.030912152290790092
decision_type=2 2 2 2 2 2 2 2 2 2 2 2 2 2
left_child=1 3 -3 -1 8 -6 -7 -8 -2 10 11 -10 -11 -14
right_child=4 2 -4 -5 5 6 7 -9 9 12 -12 -13 13 -15
leaf_value=-0.0017965892424284613 0.011402081800526591 -0.012678860603069001 0.0064498689174968789 0.022758854026956283 -0.01128795477265262 0.01826713286534714 0.0043400308918453683 -0.011920639267002006 0 0 0.018643208079348123 -0.019877912097334811 -0.0225111723936967 -0.0028923924885034024
leaf_weight=2.3204525717883397 2.7578111263574092 4.2689073472283772 8.2141740983352047 4.3301637344848132 4.9198376168496898 5.592058587644714 29.926929701468907 4.6648675245232871 7.5184260339592601 8.4788280213251728 5.1287932466366319 3.7315415472257882 8.9052920122630912 7.7757679137866935
leaf_count=196 49 81 125 337 58 180 574 168 111 186 91 70 124 162
internal_value=0.000308227 0.00566407 -0.000732062 0.0154099 -0.000904082 0.00247727 0.00468899 0.00153352 -0.00437014 -0.00596185 0.000911517 -0.00853972 -0.0102844 -0.0148153
internal_weight=108.534 19.1337 12.4831 6.65062 89.4002 45.1037 40.1839 34.5918 44.2965 41.5386 16.3788 11.25 25.1599 16.6811
internal_count=2512 739 206 533 1773 980 922 742 793 744 272 181 472 286
is_linear=0
shrinkage=0.03


Tree=247
num_leaves=15
num_cat=0
split_feature=9 34 34 22 4 44 40 23 47 10 28 39 21 37
split_gain=0.828794 1.80078 1.26342 1.22533 1.23525 1.15116 1.66286 1.39397 2.2802 2.26069 1.56466 2.13564 3.61068 2.18258
threshold=0.042747821658849723 0.0027213410010111226 0.0064985169151835828 0.011302724014967682 0.40395213663578039 0.3271957933902741 0.1338545233011246 0.12058824300765993 0.21806801110506061 0.44901961088180548 0.00022896537842190021 0.021560092456638816 0.0073073776438832292 0.0025792311644181613
decision_type=2 2 2 2 2 2 2 2 2 2 2 2 2 2
left_child=2 -2 -1 -3 -5 7 -7 8 10 -9 -6 12 -12 -13
right_child=1 3 -4 4 5 6 -8 9 -10 -11 11 13 -14 -15
leaf_value=0.014411222783471674 -0.01067751997373222 0.014069658780192481 -0.004588646309016179 -0.010065721263573371 0.010933206398928329 0.025535640642234594 -0.0046023916825955209 -0.018188634395489438 0.019818765132318016 0.0067477774056041674 0.011407021368451242 -0.014655045989790273 -0.015688710796894444 0.0062895896140616877
leaf_weight=6.3991619104199327 11.753760391147805 4.0007835816359139 3.50467566086445 7.6905827211448914 8.1773535481770505 1.9578875114675605 1.694721055915579 6.3599077318795008 3.8911230012308797 3.7937808280112222 4.2029847679659751 3.3254852520767626 15.328831313876433 26.13301082351245
leaf_count=521 123 86 189 232 187 28 38 201 39 76 116 65 175 436
internal_value=0.000296987 -0.000568746 0.00779439 0.000980223 0 0.00129992 0.0143407 0.000216577 0.0020428 -0.00904747 0.00015315 -0.00194566 -0.00920078 0.00304846
internal_weight=108.214 98.3102 9.90384 86.5565 82.5557 74.8651 3.65261 71.2125 61.0588 10.1537 57.1677 48.9903 19.5318 29.4585
internal_count=2512 1802 710 1679 1593 1361 66 1295 1018 277 979 792 291 501
is_linear=0
shrinkage=0.03


Tree=248
num_leaves=15
num_cat=0
split_feature=4 11 29 11 40 19 10 21 10 31 14 31 14 20
split_gain=0.793871 1.41947 1.88211 1.80337 1.38886 1.35086 1.62443 1.37583 1.36141 1.83774 1.57146 2.14197 1.84789 2.09082
threshold=0.72129708528518688 0.70000001788139354 0.031370786949992187 0.68823531270027172 0.001745715504512191 0.069811157882213606 0.47254902124404913 0.018359935842454437 0.38627451658248907 1.002397954463959 0.3854521661996842 1.3236016035079958 0.32642491161823278 0.0017744556704260654
decision_type=2 2 2 2 2 2 2 2 2 2 2 2 2 2
left_child=1 3 4 5 -3 -1 8 -8 10 -10 11 12 -7 -14
right_child=-2 2 -4 -5 -6 6 7 -9 9 -11 -12 -13 13 -15
leaf_value=0.016571795817000839 0.0084775996132742722 0.0068067704487239844 0.009638654862793342 0.018680325838564837 -0.018846153461813449 -0.00054322187444826898 -0.02154752520749835 0.0025584109334623206 -0.0013676270223369237 0.019082560375104054 -0.0087685827114941314 -0.009622963559325343 -0.0023162420398784209 0.019646573142715569
leaf_weight=2.1550810618646201 7.7904395594377993 1.0652849157340814 2.0307174928020677 2.8455607125069937 8.2971931503998331 23.044815998757258 3.8929316810099399 2.421277579764137 7.3075454424833861 5.5129291765624657 16.965235964511521 10.156762786558827 5.0049409074708811 9.3858966086991114
leaf_count=307 322 34 52 52 191 437 64 136 175 204 265 132 48 93
internal_value=0.000305594 -0.000454731 -0.00958301 0.000870247 -0.0149789 -9.77983e-05 -0.000938806 -0.0135511 0.000368088 0.00861219 -0.00143362 0.00136875 0.00476381 0.0124746
internal_weight=107.877 100.086 11.3932 88.693 9.36248 85.8474 83.6923 6.31421 77.3781 12.8205 64.5577 47.5924 37.4357 14.3908
internal_count=2512 2190 277 1913 225 1861 1554 200 1354 379 975 710 578 141
is_linear=0
shrinkage=0.03


Tree=249
num_leaves=15
num_cat=0
split_feature=9 5 42 34 5 30 30 39 34 38 25 43 29 22
split_gain=0.794476 1.72501 1.63993 1.55807 2.10644 2.37286 2.22978 2.10504 1.97417 1.82722 1.53138 1.32131 2.55629 1.46953
threshold=0.042747821658849723 0.056617416441440589 0.011210839729756119 0.0084324478588177227 0.081748697906732573 0.012984248809516432 0.011502571403980257 0.021560092456638816 0.032945050263489525 0.17086224257946017 0.020121429115533832 0.030490783043205742 0.018269500695168975 0.037635939195752151
decision_type=2 2 2 2 2 2 2 2 2 2 2 2 2 2
left_child=-1 -2 -3 -4 7 6 -6 10 -7 11 -5 12 -10 -13
right_child=1 2 3 4 5 8 -8 -9 9 -11 -12 13 -14 -15
leaf_value=0.0076832291961176115 -0.0091241995296813365 0.01341869964001768 -0.010896253421643928 0.0084892061944154239 -0.0021791435188398549 -0.01761025557389426 0.020930143508363842 0.020177801504922908 0.0098215284675094924 -0.01149674948942918 -0.012818214497571707 0.014380357754892097 -0.014768971656398549 -0.0073664812003711149
leaf_weight=9.8243287609948293 15.464175778906791 6.888608459616079 8.6118487892672402 5.3488074583001417 6.7912128739990276 7.0346169598633415 5.1412569152889773 7.3515095043694592 5.0649413787759858 9.2443250739015621 3.165376060991548 9.2847651992924494 6.2773664373671636 2.1388526707887641
leaf_count=710 321 86 134 107 91 129 75 226 58 253 50 109 83 80
internal_value=0.000318153 -0.000530714 0.00122567 -0.0001665 0.0014487 -0.00155037 0.00913766 0.0103476 -0.00517591 -0.00148022 -7.84993e-05 0.00306593 -0.00373696 0.0095943
internal_weight=107.632 97.8077 82.3435 75.4549 66.843 50.9773 11.9325 15.8657 39.0449 32.0103 8.51418 22.7659 11.3423 11.4236
internal_count=2512 1802 1481 1395 1261 878 166 383 712 583 157 330 141 189
is_linear=0
shrinkage=0.03


Tree=250
num_leaves=15
num_cat=0
split_feature=24 25 12 26 30 47 3 36 24 22 19 37 40 36
split_gain=0.778797 1.48603 1.49612 1.67102 1.34025 1.15106 1.64801 2.26399 1.44935 1.35925 1.92016 1.82891 1.28981 1.96545
threshold=0.0028226981351981355 0.016664545051753524 0.50849232077598583 0.021925308741629127 0.0050177238881587991 0.14113168418407443 0.46862745285034185 0.0049454607069492349 0.10455709790426589 0.017245313152670864 0.21716652810573581 0.01316085457801819 0.092980690300464644 0.002295846701599658
decision_type=2 2 2 2 2 2 2 2 2 2 2 2 2 2
left_child=1 4 3 -3 -1 9 8 12 -7 -2 11 -11 -8 -14
right_child=5 2 -4 -5 -6 6 7 -9 -10 10 -12 -13 13 -15
leaf_value=-0.001814689364811603 -0.014982448723099407 -0.014753117932422186 0.013041940667098835 0.0071159062917585236 0.022554871049600533 0.0048338685878317111 0.013695225439812376 -0.0055847596360222114 -0.019984585502130146 -0.007869085007920603 -0.012799261472753327 0.007139493888890582 -0.0089881778806034044 0.013926226594138004
leaf_weight=2.2853276158857652 6.7180971825728184 6.0581646198406798 2.8859612130327141 3.4010461512953043 4.2208984053431777 2.2611394971609107 17.687697209068578 11.634288798552005 3.1156783339101821 8.9415143252699654 8.2473954480374214 19.853733135620132 6.2945924284867925 3.6664920276962221
leaf_count=196 156 53 125 28 337 25 324 310 43 132 192 313 198 80
internal_value=0.000312623 0.00555395 -0.000747799 -0.00675873 0.0152283 -0.000869788 0.00242619 0.00471968 -0.01066 -0.00425807 -0.00156839 0.00217322 0.00924109 0.000113667
internal_weight=107.272 18.8514 12.3452 9.45921 6.50623 88.4206 44.6599 39.2831 5.37682 43.7607 37.0426 28.7952 27.6488 9.96108
internal_count=2512 739 206 81 533 1773 980 912 68 793 637 445 602 278
is_linear=0
shrinkage=0.03


Tree=251
num_leaves=15
num_cat=0
split_feature=9 34 22 16 14 15 5 44 23 16 44 43 20 16
split_gain=0.77479 1.31687 1.09494 1.02729 1.83044 1.73609 1.60818 2.83715 1.83653 1.58521 1.60936 2.15118 2.62289 1.8657
threshold=0.028894335031509403 0.001234087004061231 0.014163523912429811 0.0073728760619690163 0.37908589839935308 0.52749022841453563 0.081748697906732573 0.050642302259802825 0.026176440529525283 0.011638563049853374 0.05286404304206372 0.042081654071807868 0.22561325939248603 0.018786817263137145
decision_type=2 2 2 2 2 2 2 2 2 2 2 2 2 2
left_child=-1 2 -2 4 -3 -6 7 8 -7 -5 -11 13 -13 -12
right_child=1 3 -4 9 5 6 -8 -9 -10 10 11 12 -14 -15
leaf_value=0.013803544886015883 0.0036520475109140019 0.016602533869141702 -0.015715927048906189 -0.015826368171146188 -0.012725909367821918 0.012069882912728185 -0.0027672867575097293 0.015710942742472561 -0.015641951716644065 0.013070876461105009 0.0079399400152259641 0.010501542017311231 -0.011192818904466519 -0.013517655720536535
leaf_weight=1.6995823381002981 2.6000141996191797 6.5870569408871225 6.209468524903059 4.5869086557067922 4.8119836781406766 1.4256369220092917 17.301849778974429 14.263288146525154 4.2018962806323543 5.1641709161922327 3.0156815005466369 14.691704747849146 5.2080658986233166 15.185277199139817
leaf_count=370 54 67 65 48 56 209 262 566 80 47 20 270 162 236
internal_value=0.000299997 -0.000143416 -0.0101041 0.000922743 0.00393964 0.00122138 0.00365974 0.00912935 -0.00690429 -0.00211578 0 -0.0023658 0.00418315 -0.00937978
internal_weight=106.953 105.253 8.80948 96.4435 48.5917 42.0047 37.1927 19.8908 5.62753 47.8518 43.2649 38.1007 19.8998 18.201
internal_count=2512 2142 119 2023 1240 1173 1117 855 289 783 735 688 432 256
is_linear=0
shrinkage=0.03


Tree=252
num_leaves=15
num_cat=0
split_feature=9 34 22 4 44 23 10 47 28 39 21 5 27 0
split_gain=0.779031 1.65615 1.20169 1.27888 1.27169 1.36909 2.14133 2.10224 1.4843 1.95878 3.40071 2.04393 2.16225 2.66025
threshold=0.042747821658849723 0.0024393195779914534 0.011302724014967682 0.40395213663578039 0.3271957933902741 0.12058824300765993 0.44901961088180548 0.21806801110506061 0.00022896537842190021 0.021560092456638816 0.0073073776438832292 0.081748697906732573 0.067829266190528884 0.5212116837501527
decision_type=2 2 2 2 2 2 2 2 2 2 2 2 2 2
left_child=-1 -2 -3 -4 5 7 -7 8 -5 10 -10 -11 -13 -14
right_child=1 2 3 4 -6 6 -8 -9 9 11 -12 12 13 -15
leaf_value=0.0076300431769622673 -0.01059477635523297 0.013936634820307839 -0.010262228846319464 0.010596862297499694 0.014799216615235146 -0.017992377015252511 0.0063449450540126497 0.019043613470725109 0.01120141253240581 0.018096018903732653 -0.015259052787316811 -0.0081613937458197405 -0.01066054098913531 0.016808256590262905
leaf_weight=9.6957580563466745 10.90301307174377 3.9382873871945767 7.7599036713363594 8.1886081475531665 3.7835978462826452 6.3151816218160075 3.7879805548582226 3.864370518596842 4.117708325909919 4.3335402618395191 15.155638738186097 14.137561064213516 2.9660173028241825 7.6292116513941437
leaf_count=710 114 87 234 189 68 202 77 39 116 186 175 153 68 94
internal_value=0.000295223 -0.000547983 0.000903862 -2.85756e-06 0.00127057 0.000114841 -0.00907907 0.00194271 0.000111607 -0.00195542 -0.0089432 0.00285894 -0.000852704 0.00840873
internal_weight=106.576 96.8806 85.9776 82.0393 74.2794 70.4958 10.1032 60.3927 56.5283 48.3397 19.2733 29.0663 24.7328 10.5952
internal_count=2512 1802 1688 1601 1367 1299 279 1020 981 792 291 501 315 162
is_linear=0
shrinkage=0.03


Tree=253
num_leaves=15
num_cat=0
split_feature=5 3 11 1 6 1 20 31 23 1 47 20 31 37
split_gain=0.76602 1.69155 1.63255 1.4115 1.50434 1.36405 2.14532 2.70013 1.54394 2.65622 1.69449 1.59367 3.03172 2.15551
threshold=0.12812129408121112 0.66078433394432079 0.70000001788139354 0.14359862357378009 0.3660783469676972 0.091291546821594252 0.0036456169762427554 1.2701532244682314 0.025490209460258487 0.074524972587823882 0.040512928739190109 0.0022125482932316121 0.69888573884964 0.01316085457801819
decision_type=2 2 2 2 2 2 2 2 2 2 2 2 2 2
left_child=5 -2 -3 -4 -5 8 -7 -8 9 -1 -10 12 -12 -14
right_child=1 2 3 4 -6 6 7 -9 10 -11 11 -13 13 -15
leaf_value=0.020670943327016827 -0.016956748004011844 0.011455953871115157 -0.016095994117286648 -0.0091731300912346551 0.016259632109356981 -0.0036812005551229467 0.021607719159241034 -0.0059714350510278805 -0.018398817309623356 -0.01205384094570406 -0.012668464360586834 -0.0039566528143066002 -0.0065863065252081531 0.018678961309646001
leaf_weight=4.9434312863450023 4.9415407332126078 5.6465983781963578 4.3030018452554923 2.1995156079065055 2.2145733684301376 7.8317936323583153 9.705051413853651 3.1849467766005537 3.3533305238670428 1.6091926204971967 3.7294276643078801 39.327634357847273 2.6858270568773142 10.485483084397854
leaf_count=436 209 108 69 87 19 82 133 39 108 22 52 532 52 564
internal_value=0.000314243 -0.00476668 0.000803652 -0.00666677 0.00421022 0.0015592 0.00791157 0.014705 -0.000560964 0.0113442 -0.00224488 -0.000631111 0.00654845 0.0131402
internal_weight=106.161 19.3052 14.3637 8.71709 4.41409 86.8561 20.7218 12.89 66.1343 6.55262 59.5817 56.2284 16.9007 13.1713
internal_count=2512 492 283 175 106 2020 254 172 1766 458 1308 1200 668 616
is_linear=0
shrinkage=0.03


Tree=254
num_leaves=15
num_cat=0
split_feature=9 34 22 33 45 45 5 5 39 5 35 30 34 4
split_gain=0.743725 1.23596 1.04795 1.04188 1.97484 2.20932 1.46915 2.65842 1.3512 2.05129 2.32439 1.87694 1.98468 2.34768
threshold=0.028894335031509403 0.001234087004061231 0.014163523912429811 0.033511172980070121 0.012643891386687757 0.0116967735812068 0.055669240653514869 0.048821458593010909 0.019621268846094612 0.081748697906732573 0.036695316433906562 0.012984248809516432 0.068394986391838927 0.46825109422206884
decision_type=2 2 2 2 2 2 2 2 2 2 2 2 2 2
left_child=-1 2 -2 4 5 -3 7 -6 -5 10 -10 -11 -13 -14
right_child=1 3 -4 8 6 -7 -8 -9 9 11 -12 12 13 -15
leaf_value=0.013596050549387527 0.0036093433191178304 0.0038693277720406251 -0.01538027724438548 -0.0099800350819475251 0.01524363501902108 -0.018228229021362508 0.01573087380340768 -0.014962389807928201 -0.006710102461715964 0.01092518137469861 0.019981235817299225 -0.011455028065977818 -0.016194238820156207 0.0084285700120874298
leaf_weight=1.658656819097813 2.5807247527409327 11.55580183220445 6.1180670950561762 11.273797851754351 2.9288600897125461 3.8165638275095253 13.476110240560955 3.5869493631180376 2.9954216668847931 5.8325180243700734 6.7862062945496291 18.306849356857128 2.6001709430711335 12.305433202767743
leaf_count=370 54 274 65 193 165 72 223 57 97 80 213 303 129 217
internal_value=0.000291571 -0.000144169 -0.00984454 0.000892829 0.0048554 -0.00291116 0.0106854 -0.000641204 -0.0014718 0.00074909 0.0118014 -0.00238679 -0.00529749 0.00254815
internal_weight=105.822 104.163 8.69879 95.4647 35.3643 15.3724 19.9919 6.51581 60.1004 48.8266 9.78163 39.045 33.2125 14.9056
internal_count=2512 2142 119 2023 791 346 445 222 1232 1039 310 729 649 346
is_linear=0
shrinkage=0.03


Tree=255
num_leaves=15
num_cat=0
split_feature=36 25 36 27 11 29 31 31 22 33 31 47 14 32
split_gain=0.802551 2.09578 1.94487 1.89125 1.98525 1.65683 1.58976 2.70417 1.73158 2.26755 2.03304 1.905 1.6613 1.58546
threshold=0.0092100454494357126 0.03203695826232434 0.015885276719927791 0.058194275945425041 0.62764728069305431 0.017342586070299152 0.82545971870422374 0.91442957520484935 0.024893291294574741 0.015611447393894197 1.1223942041397097 0.13510911911726001 0.33322708308696752 0.017368965782225135
decision_type=2 2 2 2 2 2 2 2 2 2 2 2 2 2
left_child=1 3 -2 5 -5 6 -1 -8 9 10 -9 -10 -13 -6
right_child=2 -3 -4 4 13 -7 7 8 11 -11 -12 12 -14 -15
leaf_value=-0.0084589198262117922 -0.015185160431559952 0.013413355880670629 0.0080162234097833681 -0.020354192775191352 -0.010836177647694862 0.015631726787767898 0.017614827590440828 -0.017508243895950487 -0.0150714395503861 0.0081576815978209975 0.0096198271859467364 -0.011950418776998895 0.010932513043179061 0.01431557073845896
leaf_weight=13.599588325858347 6.625395388924515 9.2183941630646569 3.4482476969715208 5.9710762794129533 2.3345409580506384 4.7373090450419104 6.8404069398966376 5.2420531553070786 9.9317100439220685 24.436478944058763 2.0771411520545371 2.4845538486260903 5.8370317635126412 2.6811973268631846
leaf_count=248 153 223 54 88 33 107 211 235 143 608 172 83 100 54
internal_value=0.000282869 0.00120855 -0.00698245 -0.000337678 -0.0109496 0.0014177 1.53325e-05 0.00231211 -0.000320248 0.00379451 -0.00907527 -0.00729471 0.00281799 0.00242942
internal_weight=105.465 95.3915 10.0736 86.1731 10.9868 75.1863 70.449 56.8494 50.009 31.7557 7.31919 18.2533 8.32159 5.01574
internal_count=2512 2305 207 2082 175 1907 1800 1552 1341 1015 407 326 183 87
is_linear=0
shrinkage=0.03


Tree=256
num_leaves=15
num_cat=0
split_feature=36 30 42 9 48 8 13 12 12 26 2 28 30 6
split_gain=0.764078 1.91301 1.75441 1.39579 1.55863 1.46469 1.4285 1.41057 1.85504 1.62839 1.55521 2.06176 2.82706 1.98056
threshold=0.0092100454494357126 0.025666889734566215 0.039453636854887016 0.11746874824166299 0.039766497910022743 0.59455612301826488 0.15818733721971515 0.56750982999801647 0.53097873926162731 0.0065170614980161199 0.40980392694473272 0.00068040600027089273 0.017391252331435684 0.42549020051956182
decision_type=2 2 2 2 2 2 2 2 2 2 2 2 2 2
left_child=2 -2 3 5 6 7 -5 8 10 -10 11 -1 -13 -12
right_child=1 -3 -4 4 -6 -7 -8 -9 9 -11 13 12 -14 -15
leaf_value=-0.0026283157044660875 -0.017107165855900251 0.0053361384821511877 0.017464239819001779 -0.01480224855358077 0.010463016722812243 0.012672808377945519 0.0070046544633616788 -0.010044575835145836 -0.0087834772140668073 0.020147821389186346 -0.011876712048924326 0.019382686644531168 -0.0068033909868479266 0.0058501926000738462
leaf_weight=17.634612936759371 5.1279746396467072 4.8990973244654015 3.6130055787507436 11.899497146601787 1.9173659099033091 7.9275578016240607 1.8896858447697003 8.1580060343549103 0.8623427037964565 5.7945657871605363 14.496901000384243 10.084595426684244 3.9446836134884498 6.8927473979711058
leaf_count=199 114 93 79 271 37 479 65 238 49 250 146 120 41 331
internal_value=0.000273917 -0.00682834 0.00117873 0.000143806 -0.00742722 0.00190185 -0.0111151 0.000274038 0.00201229 0.0148901 -3.12914e-05 0.00404534 0.0119025 -0.00602423
internal_weight=105.143 10.0271 95.1156 91.5026 15.7065 75.796 13.7892 67.8685 59.7104 6.65691 53.0535 31.6639 14.0293 21.3896
internal_count=2512 207 2305 2226 373 1853 336 1374 1136 299 837 360 161 477
is_linear=0
shrinkage=0.03


Tree=257
num_leaves=15
num_cat=0
split_feature=9 34 34 11 15 8 40 15 8 42 29 33 12 23
split_gain=0.749691 1.50309 1.16806 1.06633 2.0403 1.69711 1.67446 1.41432 1.26996 1.72241 1.30805 1.73754 1.81288 2.1242
threshold=0.042747821658849723 0.0024393195779914534 0.0064985169151835828 0.43333333730697637 0.43420529365539556 0.44455729424953466 0.029791835695505146 0.5411137342453004 0.45527744293212896 0.011210839729756119 0.0095190489664673823 0.034048339352011688 0.51137623190879833 0.050000011920928962
decision_type=2 2 2 2 2 2 2 2 2 2 2 2 2 2
left_child=2 -2 -1 4 -3 6 7 -5 -7 -10 -11 -12 -13 -14
right_child=1 3 -4 5 -6 8 -8 -9 9 10 11 12 13 -15
leaf_value=0.013995377922401298 -0.010184723351374832 -0.0076629926029175332 -0.0045176818607662378 0.012813057516165191 0.017685356334137071 0.015305927275103983 -0.013082994394818541 -0.0078772912956561175 0.017295208729383487 -0.011968036577834264 0.014608854820770286 -0.014037711080302705 0.014633312650178599 -0.0026417989876512892
leaf_weight=6.14436093084805 10.73401123518124 2.7878328242804837 3.3671859387977747 4.1248225694289458 6.2016191226430237 4.1501083350740364 13.356627124710938 3.7735221229959279 3.1248955019982523 6.1686144312261595 5.2024548848858094 6.1615349475760004 6.59446696226951 22.937222302658483
leaf_count=521 114 42 189 50 76 48 350 53 77 122 157 85 155 473
internal_value=0.000281143 -0.00055182 0.00753471 0.000843004 0.00958732 -0.000378494 -0.00722051 0.00303061 0.00240585 0.000735988 -0.000962523 0.00110819 -0.00145073 0.0018041
internal_weight=104.829 95.3177 9.51155 84.5837 8.98945 75.5943 21.255 7.89834 54.3393 50.1892 47.0643 40.8957 35.6932 29.5317
internal_count=2512 1802 710 1688 118 1570 453 103 1117 1069 992 870 713 628
is_linear=0
shrinkage=0.03


Tree=258
num_leaves=15
num_cat=0
split_feature=24 48 37 47 3 42 41 20 30 43 40 18 43 45
split_gain=0.735765 1.14174 1.87617 0.956549 1.5992 2.16473 1.40148 1.77251 1.40525 1.38619 2.00621 1.96163 1.99095 2.70704
threshold=0.001496362433862434 0.020669240504503254 0.01118123345077038 0.14113168418407443 0.46862745285034185 0.011533833574503662 0.032746426761150367 0.0056997292686545029 0.026572653092443946 0.079626090824604048 0.059478126466274268 0.075556103140115752 0.087048962712287917 0.012766248080879452
decision_type=2 2 2 2 2 2 2 2 2 2 2 2 2 2
left_child=1 -1 -3 6 -5 -6 -2 -8 -9 10 -7 12 -11 -14
right_child=3 2 -4 4 5 9 7 8 -10 11 -12 -13 13 -15
leaf_value=0.011540935936575399 0.011730514255584764 -0.014862042065723061 0.0108378321959314 -0.010702388324800168 0.017896541646758638 -0.001994035639616999 -0.00043919710061518237 -0.016159214474261125 0.0059770800951657417 -0.014602614093930141 0.017789401819095604 -0.015841813253662795 -0.013623474083989895 0.018326250434821459
leaf_weight=9.6862758419447328 2.7889695034828028 3.4907429831800973 2.7857643824536353 5.2606006604619315 6.653892208414617 9.2462238803273085 26.85914988204604 13.318901995895429 1.8094024106394488 2.1139878316316771 6.1784411593107498 6.305507968645542 1.5780509456526486 6.3661073240218684
leaf_count=585 61 61 36 69 193 188 519 235 34 20 151 235 13 112
internal_value=0.000291444 0.00585289 -0.00323039 -0.000785952 0.00227902 0.00457105 -0.00381111 -0.00539807 -0.0129477 0.000798762 0.00689047 -0.00490509 0.00319277 0.0102144
internal_weight=104.442 15.9628 6.27651 88.4792 43.7028 38.4422 44.7764 41.9875 15.1283 31.7883 15.4247 16.3637 10.0581 7.94416
internal_count=2512 682 97 1830 981 912 849 788 269 719 339 380 145 125
is_linear=0
shrinkage=0.03


Tree=259
num_leaves=15
num_cat=0
split_feature=8 8 8 24 37 6 8 42 12 16 20 31 47 0
split_gain=0.734161 1.70124 1.64295 1.28836 1.25035 1.6359 1.23691 1.28624 1.46767 1.77591 1.39826 2.41293 1.49729 1.18747
threshold=0.44455729424953466 0.33701570332050329 0.25302921235561376 0.27630770694905876 0.033853584900498397 0.33529412746429449 0.45527744293212896 0.020549409091472629 0.68971034884452831 0.011638563049853374 0.0016228971048513304 1.1012467145919802 0.13708101958036426 0.54501101374626171
decision_type=2 2 2 2 2 2 2 2 2 2 2 2 2 2
left_child=1 2 3 -1 5 -3 -2 10 9 -9 -8 12 -12 -6
right_child=6 4 -4 -5 13 -7 7 8 -10 -11 11 -13 -14 -15
leaf_value=0.0047018437638726282 0.015082871302402431 -0.006869840689473627 0.010878219529388845 -0.018334096059256434 -0.015070092629929076 0.01302527922416067 0.013636083936579894 -0.012303219266397844 0.0082050863145521659 0.0024455964085905299 -0.017262639995649941 0.013322108954559734 0.0046027222991177246 0.0045553877236608449
leaf_weight=2.9227457544766358 4.2873164721531785 8.1505396157735976 10.824980516685171 2.2163270504679531 13.56987686868524 3.8599314612802109 9.787405755909278 14.764435661025347 6.4999633976258329 11.574759096372871 5.3196179419755918 4.9271049309754735 3.1788234770065174 2.1519342083483926
leaf_count=39 70 116 210 51 260 50 810 263 220 160 57 66 46 94
internal_value=0.00028518 -0.00257734 0.00475151 -0.00716572 -0.00693291 0.000256569 0.00242245 0.000916129 -0.00279327 -0.00600081 0.00608808 -0.000274583 -0.00947943 -0.0120036
internal_weight=104.036 43.6963 15.9641 5.13907 27.7323 12.0105 60.3394 56.0521 32.8392 26.3392 23.213 13.4255 8.49844 15.7218
internal_count=2512 820 300 90 520 166 1692 1622 643 423 979 169 103 354
is_linear=0
shrinkage=0.03


Tree=260
num_leaves=15
num_cat=0
split_feature=31 22 42 23 41 41 9 18 31 46 8 45 39 29
split_gain=0.711469 0.919844 1.38568 1.67358 1.36987 2.53583 2.0042 2.30647 1.5304 1.95268 1.56769 2.20304 1.38625 1.38669
threshold=2.0346519947052006 0.035349013283848769 0.009064370300620796 0.066666677594184889 0.13215573132038119 0.12098061665892602 0.084884762763977065 0.048158092424273498 1.3990560770034792 0.026582137681543831 0.53598535060882579 0.023039928637444976 0.014761888422071935 0.012262611649930479
decision_type=2 2 2 2 2 2 2 2 2 2 2 2 2 2
left_child=1 4 -3 -4 5 8 7 -6 9 -1 11 -11 -9 -14
right_child=-2 2 3 -5 6 -7 -8 12 -10 10 -12 -13 13 -15
leaf_value=-0.0056075481363964145 -0.0098339008631328478 0.013868145444449229 0.0072651255876813739 -0.012293497114900876 0.01467231438476161 -0.02040014953374561 0.015087146373472903 0.0042593252357405256 0.015873083714150131 0.0089327539660860687 0.018023421082883184 -0.016032635623617775 -0.020216997441454578 0.00055520198269489016
leaf_weight=25.562505103793228 3.8637795213144264 1.1904682824388171 3.606129122432324 13.315131107403429 5.445146344893149 3.4146664931904516 13.029789085965602 6.6872297171503297 3.6939146841032189 6.5053996167844144 5.1418671613064353 3.0751710305921733 4.8917958235833776 4.3377044540829957
leaf_count=782 36 10 43 517 307 56 185 63 94 117 175 34 34 59
internal_value=0.000292254 0.000898681 -0.00483804 -0.00763941 0.00229007 -0.000978042 0.00668239 0.000574721 0.00128648 -0.000667588 0.00737507 -0.000206529 -0.00518013 -0.0118271
internal_weight=103.761 99.8969 18.1117 16.9213 81.7852 47.3935 34.3917 21.3619 43.9789 40.2849 14.7224 9.58057 15.9167 9.2295
internal_count=2512 2476 570 560 1906 1258 648 463 1202 1108 326 151 156 93
is_linear=0
shrinkage=0.03


Tree=261
num_leaves=15
num_cat=0
split_feature=36 25 36 27 11 34 48 42 9 46 30 18 32 20
split_gain=0.738572 1.91099 1.81065 1.71661 1.90494 1.86976 2.10774 1.99976 1.79321 1.56172 1.8918 2.10535 1.52194 1.5187
threshold=0.0092100454494357126 0.03203695826232434 0.015885276719927791 0.058194275945425041 0.62764728069305431 0.023780948067632854 0.02031667344272137 0.016742637380957607 0.11829384416341783 0.0050683242734521636 0.016178178600966934 0.069252055138349547 0.017368965782225135 0.0016228971048513304
decision_type=2 2 2 2 2 2 2 2 2 2 2 2 2 2
left_child=1 3 -2 5 -5 6 13 -7 9 -9 -11 -12 -6 -1
right_child=2 -3 -4 4 12 7 -8 8 -10 10 11 -13 -14 -15
leaf_value=0.0088838572977943172 -0.014745418512956722 0.012913976268177082 0.0077671014692143395 -0.019860141527490081 -0.010528246733834914 -0.0080797692517853119 -0.013742292708012123 -0.00081739540237585784 -0.0063402530012033843 0.027955128935487888 0.016504511863854938 -0.014030018674657169 0.014196645894131107 -0.0025533952519544516
leaf_weight=13.381404380925231 6.4699779102811572 9.0798142533749324 3.4034416922368109 5.7991427858360094 2.2997559523209929 3.722051988879687 8.5429018600843829 3.3654685817891759 2.5440089744515708 7.7468811733415333 2.2040565413190052 1.9168035981710998 2.6594114189501852 30.271581271314062
leaf_count=838 153 223 54 88 33 70 167 77 45 178 59 24 54 449
internal_value=0.000293979 0.00119238 -0.00673136 -0.000302739 -0.010504 0.00138503 -0.00167244 0.0084462 0.0125251 0.01622 0.0206889 0.00186789 0.00256915 0.00112247
internal_weight=103.407 93.5333 9.87342 84.4535 10.7583 73.6952 52.1959 21.4993 17.7772 15.2332 11.8677 4.12086 4.95917 43.653
internal_count=2512 2305 207 2082 175 1907 1454 453 383 338 261 83 87 1287
is_linear=0
shrinkage=0.03


Tree=262
num_leaves=15
num_cat=0
split_feature=8 8 11 9 24 37 14 8 42 12 16 20 24 11
split_gain=0.704799 1.61413 1.65397 1.94871 1.42718 1.17616 1.47987 1.15499 1.24261 1.39267 1.6764 1.2776 2.05338 1.54803
threshold=0.44455729424953466 0.33701570332050329 0.3254902064800263 0.099462669342756285 0.078659582039337497 0.033853584900498397 0.34290197491645819 0.45527744293212896 0.020549409091472629 0.68971034884452831 0.011638563049853374 0.0016228971048513304 0.015922899500350633 0.70392158627510082
decision_type=2 2 2 2 2 2 2 2 2 2 2 2 2 2
left_child=1 2 4 -4 -1 6 -3 -2 11 10 -10 -9 -13 -14
right_child=7 5 3 -5 -6 -7 -8 8 9 -11 -12 12 13 -15
leaf_value=0.0092379747737545131 0.014653863994271023 -0.0065449311831637909 0.016761257862515727 -0.0087995805904949546 -0.015325772093962421 -0.011743006902069491 0.012465887871001799 0.013286418850543708 -0.012026050173223233 0.0080048548210150706 0.0023521146367452748 -0.017858360154507789 0.011979980798676427 -0.0089133107597964157
leaf_weight=1.5781906861811865 4.2525141626829273 8.1316234201658535 8.4845565725117904 2.0351015432970589 3.7278347500832751 15.54935046029277 3.7814981869887552 9.6515387841063802 14.636101728654468 6.444795874413102 11.490480940556152 2.4320616817567489 8.0744438255205733 2.8084508632309726
leaf_count=18 70 117 85 114 83 354 49 810 263 220 160 22 102 45
internal_value=0.000281268 -0.00253538 0.00462809 0.0109609 -0.00708022 -0.00679921 0.000198426 0.00238512 0.000916861 -0.0027403 -0.00587826 0.00602769 -8.59896e-05 0.00580867
internal_weight=103.079 43.2882 15.8257 10.5197 5.30603 27.4625 11.9131 59.7904 55.5379 32.5714 26.1266 22.9665 13.315 10.8829
internal_count=2512 820 300 199 101 520 166 1692 1622 643 423 979 169 147
is_linear=0
shrinkage=0.03


Tree=263
num_leaves=15
num_cat=0
split_feature=31 40 47 31 31 4 23 26 18 44 22 16 20 5
split_gain=0.698708 1.63218 1.80739 1.3796 2.364 2.18339 2.19612 2.39294 1.6346 2.60404 1.51365 1.86369 2.62103 1.32506
threshold=0.70914399623870861 0.077626574784517302 0.051763538271188743 0.91442957520484935 0.96626582741737377 0.43206475675106054 0.1862745136022568 0.031077273190021518 0.074747651815414443 0.045070741325616843 0.053985228762030608 0.18905009920634921 0.01414207175925926 0.11766763404011728
decision_type=2 2 2 2 2 2 2 2 2 2 2 2 2 2
left_child=1 2 -1 5 -5 -2 7 -7 9 -6 11 12 -10 -11
right_child=3 -3 -4 4 8 6 -8 -9 10 13 -12 -13 -14 -15
leaf_value=0.01037254499690737 -0.007723688099548159 0.009147611883060687 -0.014629458813720913 -0.014121294766469736 -0.0097912252937288873 0.019232430953575616 -0.011217313366296344 -0.0073442183405619029 0.0065377483749557447 0.011711325176572066 0.010318094797093162 0.010042439797974395 -0.019820099906534661 -0.0038047549513924007
leaf_weight=1.6035186280496407 5.1956710316007984 3.5463488447712725 10.662521044723688 8.3889439539343567 6.5244328619155558 15.053630814247304 1.742692058905958 2.4228316419757894 3.3604830102995065 24.394965094310468 2.6702122862916431 2.1801859204424536 10.319705883506684 4.7486234456300727
leaf_count=43 104 72 185 230 336 402 41 23 27 635 76 91 211 36
internal_value=0.000277785 -0.00511623 -0.0101548 0.00138478 -0.000970654 0.00715282 0.0116648 0.0150182 0.00144155 0.00514969 -0.00535617 -0.00902294 -0.013146 0.00900484
internal_weight=102.815 15.8124 12.266 87.0024 62.5876 24.4148 19.2192 17.4765 54.1986 35.668 18.5306 15.8604 13.6802 29.1436
internal_count=2512 300 228 2212 1642 570 466 425 1412 1007 405 329 238 671
is_linear=0
shrinkage=0.03


Tree=264
num_leaves=15
num_cat=0
split_feature=36 30 42 4 19 47 16 18 24 24 44 23 36 0
split_gain=0.684839 1.78109 1.60998 1.20615 1.16941 1.2109 1.67006 1.29959 1.7389 2.73136 1.19089 1.15474 1.15219 2.13765
threshold=0.0092100454494357126 0.025666889734566215 0.039781201630830772 0.56882748007774364 0.069811157882213606 0.041320569813251502 0.00087494488536155209 0.074747651815414443 0.44812184343434353 0.24045259563896615 0.047466315329074867 0.11274510622024538 0.0011152293300256135 0.38231299817562109
decision_type=2 2 2 2 2 2 2 2 2 2 2 2 2 2
left_child=2 -2 4 -3 -1 6 -6 12 9 10 -9 -11 13 -7
right_child=1 3 -4 -5 5 7 -8 8 -10 11 -12 -13 -14 -15
leaf_value=0.015906734351906277 -0.016610288000890577 -0.006724646601324478 0.017213525968063699 0.015631075071610368 -0.021173851250771966 -0.0070175092788243619 0.0047369561971498178 0.0078271941935649722 -0.016124412995993681 0.026213076403265562 -0.010777530821893118 0.00021984629450555256 0.00059068661212981937 0.017358385502174445
leaf_weight=2.0628637511690604 4.9550285576842708 2.4416934576584026 3.2940450720489016 2.3822803269140422 3.5706568230234543 3.1390547454357138 2.4662054358050227 2.2796326503157678 6.5204670341918236 2.0475034737028173 11.136995165550614 2.92073175648693 44.471148728276603 8.7269786033430119
leaf_count=417 114 58 74 35 49 22 31 18 174 21 260 95 789 355
internal_value=0.000262035 -0.00652807 0.00113333 0.00522143 0.000143694 -0.000543256 -0.0116707 0.000508088 -0.00491706 0.000102648 -0.00681646 0.0158117 0.00304419 0.0106115
internal_weight=102.415 9.779 92.6363 4.82397 89.3422 87.2794 6.03686 81.2425 24.9053 18.3849 13.4166 4.96824 56.3372 11.866
internal_count=2512 207 2305 93 2231 1814 80 1734 568 394 278 116 1166 377
is_linear=0
shrinkage=0.03


Tree=265
num_leaves=15
num_cat=0
split_feature=24 48 42 47 3 42 41 20 8 43 40 18 40 43
split_gain=0.674325 1.04431 1.33739 0.950779 1.52004 1.98441 1.35171 1.54473 1.35476 1.31858 1.8643 1.75931 1.59312 1.41686
threshold=0.001496362433862434 0.015278324950486423 0.0072530708275735387 0.14113168418407443 0.46862745285034185 0.011533833574503662 0.032746426761150367 0.0056997292686545029 0.68330937623977672 0.079626090824604048 0.059478126466274268 0.075556103140115752 0.040513528510928161 0.087964411824941649
decision_type=2 2 2 2 2 2 2 2 2 2 2 2 2 2
left_child=1 2 -1 6 -5 -6 -2 8 -8 10 12 13 -7 -11
right_child=3 -3 -4 4 5 9 7 -9 -10 11 -12 -13 -14 -15
leaf_value=-0.0033789317034714239 0.011566768471570555 -0.00046393646266894902 0.021372393374586705 -0.010424554785040023 0.017500169169845124 0.009622436709399983 -0.0033729281987645173 -0.012531396954629776 0.014469106583075491 -0.011729489210331191 0.017413469231406888 -0.01529063989290211 -0.011342150015667265 0.0091479844628439954
leaf_weight=1.9582191033259722 2.7180784345837301 9.8342451483476889 3.8188236782152671 5.1486857677809885 6.4593449628446242 4.0001796357100847 23.957150041693243 14.739642123866359 2.478956277947872 2.2092253372538817 6.0912968816701314 6.0473878908669567 5.1017956304131076 7.5760570561978966
leaf_count=188 61 211 283 69 193 84 383 269 136 23 151 235 104 122
internal_value=0.0002721 0.00564963 0.0138854 -0.00076994 0.00232518 0.00459169 -0.00381191 -0.00538534 -0.000694367 0.000916374 0.00686805 -0.00475645 -0.00178466 0.00298928
internal_weight=102.139 15.6113 5.77704 86.5278 42.634 37.4853 43.8938 41.1757 26.4361 31.0259 15.1933 15.8327 9.10198 9.78528
internal_count=2512 682 471 1830 981 912 849 788 519 719 339 380 188 145
is_linear=0
shrinkage=0.03


Tree=266
num_leaves=15
num_cat=0
split_feature=4 38 37 37 38 47 31 31 14 6 19 41 45 24
split_gain=0.678372 1.31406 1.92247 1.77747 1.55139 1.37105 1.54713 1.38159 1.3003 2.02006 1.28948 3.7685 1.40943 1.34497
threshold=0.46050645411014562 0.2259573116898537 0.064251434057950987 0.040398867800831802 0.10311611369252206 0.040512928739190109 0.76327523589134227 1.2261127233505251 0.37908589839935308 0.33529412746429449 0.4169947504997254 0.21638033539056781 0.016675097867846492 0.085380537431318695
decision_type=2 2 2 2 2 2 2 2 2 2 2 2 2 2
left_child=8 2 3 4 5 7 -7 -2 9 10 11 12 -1 -12
right_child=1 -3 -4 -5 -6 6 -8 -9 -10 -11 13 -13 -14 -15
leaf_value=0.0029074796016071891 -0.015028678460007924 0.011834498830347435 -0.010345214113287189 0.01213347755181605 -0.013014789609627018 -0.0067065182080044928 0.0093538123190217929 0.0092390249644875577 -0.01469366639520301 0.01502055694590824 0.008135704493567859 0.017393839451753042 -0.014542140652753315 -0.01895392936222343
leaf_weight=5.5321531069930741 4.8812153589533436 8.5162371663609502 10.28158001223346 11.656617358617948 5.3095118538476518 5.4037170044612166 19.328978418154293 1.3165663233667144 4.922112629923503 4.3538157287985078 0.74009960889816184 5.807260626461356 8.5693520641070773 5.1655526580289006
leaf_count=55 332 286 255 320 72 88 485 84 51 51 4 76 176 177
internal_value=0.000281837 0.00206785 0.000242535 0.00289901 -0.000472055 0.0022496 0.00549343 -0.00851129 -0.00296032 -0.000158171 -0.00372202 0.00018243 -0.00799934 -0.0139802
internal_weight=101.785 66.6944 58.1782 47.8966 36.24 30.9305 24.7327 6.19778 35.0903 30.1682 25.8144 19.9088 14.1015 5.90565
internal_count=2512 1922 1636 1381 1061 989 573 416 590 539 488 307 231 181
is_linear=0
shrinkage=0.03


Tree=267
num_leaves=15
num_cat=0
split_feature=8 8 11 9 24 37 6 0 8 42 12 16 42 17
split_gain=0.672735 1.5664 1.52466 1.82725 1.36267 1.14932 1.37947 1.11479 1.07882 1.14806 1.33533 1.60532 1.23179 1.33215
threshold=0.44455729424953466 0.33701570332050329 0.3254902064800263 0.099462669342756285 0.078659582039337497 0.033853584900498397 0.33529412746429449 0.54501101374626171 0.45527744293212896 0.020549409091472629 0.68971034884452831 0.011638563049853374 0.016956037841737274 0.14545211941003802
decision_type=2 2 2 2 2 2 2 2 2 2 2 2 2 2
left_child=1 2 4 -4 -1 6 -3 -7 -2 12 11 -11 13 -10
right_child=8 5 3 -5 -6 7 -8 -9 9 10 -12 -13 -14 -15
leaf_value=0.0091538557747784764 0.014242835259670211 -0.0063760611387681963 0.016409865330603214 -0.0085610375499899187 -0.01493098461968418 -0.014676312918627706 0.012040494946912311 0.0044774306513803109 -0.0028855939313966925 -0.011745481540345003 0.0079546238917416034 0.0023682712422502493 0.016360773298909601 0.014790471621833775
leaf_weight=1.5619301311671723 4.1992482921923502 7.9515705044032092 8.3038238091394287 1.9716038171900425 3.6194322324008681 13.185758941108359 3.7779833322856575 2.0976546430028966 14.40234032151057 14.5142486699624 6.3530886814696705 11.395491170231251 5.1894680694676927 2.9855020064860573
leaf_count=18 70 116 85 114 83 260 50 94 718 263 220 160 171 90
internal_value=0.000269625 -0.00251004 0.00462772 0.01076 -0.0067255 -0.00673513 0.000227098 -0.01166 0.00233504 0.000901383 -0.00262086 -0.00570567 0.00586039 0.00120733
internal_weight=101.509 42.4698 15.4568 10.2754 5.18136 27.013 11.7296 15.2834 59.0394 54.8401 32.2628 25.9097 22.5773 17.3878
internal_count=2512 820 300 199 101 520 166 354 1692 1622 643 423 979 808
is_linear=0
shrinkage=0.03


Tree=268
num_leaves=15
num_cat=0
split_feature=24 29 19 6 31 33 42 30 45 45 9 33 36 40
split_gain=0.668427 1.20795 1.07706 1.19905 1.02226 1.46212 2.62006 1.9863 1.65239 1.33628 2.4459 2.09685 2.41413 2.03016
threshold=0.0028226981351981355 0.011872050352394583 0.12205360457301141 0.35784314572811132 1.3650921583175661 0.016458860598504547 0.011210839729756119 0.0089479903690516966 0.0052975767757743606 0.021913480013608936 0.11746874824166299 0.057285621762275703 0.0066744207870215186 0.075899023562669768
decision_type=2 2 2 2 2 2 2 2 2 2 2 2 2 2
left_child=1 2 3 -1 5 8 -7 -8 -2 10 13 -11 -13 -9
right_child=4 -3 -4 -5 -6 6 7 9 -10 11 -12 12 -14 -15
leaf_value=-0.0096050864051738186 0.0095108260660711468 -0.0028215895207752695 0.020594893663987181 0.011397342545258714 -0.0086840422838143985 0.018126360697973073 -0.013026753689066492 0.019647802454311712 -0.015664520351229668 -0.0087532935089603778 -0.010066125480610951 0.020063584538783749 -0.0017150250351102706 -0.0032554350195927212
leaf_weight=2.6852237917482871 1.5208205447415801 7.9369570470880708 3.9305196335772052 3.0762673474819167 10.754866481409406 6.1132496747886753 7.0883327268529674 10.442206683102997 6.943550982279703 15.943990717059931 3.4013257537735617 4.7206624611280885 12.885658495593814 3.844425468123517
leaf_count=17 70 134 85 503 186 76 123 217 183 350 88 107 294 79
internal_value=0.00028619 0.00529597 0.0115457 0.0012696 -0.000833471 0.000485546 0.00215202 -1.79645e-05 -0.00990127 0.0021471 0.00838408 -0.00134338 0.0054223 0.0136576
internal_weight=101.288 17.629 9.69201 5.76149 83.6591 72.9042 64.4399 58.3266 8.46437 51.2383 17.688 33.5503 17.6063 14.2866
internal_count=2512 739 605 520 1773 1587 1334 1258 253 1135 384 751 401 296
is_linear=0
shrinkage=0.03


Tree=269
num_leaves=15
num_cat=0
split_feature=9 5 42 34 1 34 36 27 16 4 2 24 5 39
split_gain=0.664119 1.51798 1.30305 1.35471 1.68823 1.88859 3.23286 1.70347 1.4325 1.30786 2.55024 1.54036 1.56457 1.23282
threshold=0.042747821658849723 0.056617416441440589 0.011210839729756119 0.0084324478588177227 0.073135357350111022 0.029272508528265111 0.0047025159001350412 0.041218979284167297 0.047773513645224176 0.50922885537147533 0.4607843160629273 0.00098731473079249877 0.085987824946641936 0.015322270337492229
decision_type=2 2 2 2 2 2 2 2 2 2 2 2 2 2
left_child=-1 -2 -3 -4 13 7 -7 8 -6 11 -11 -8 -13 -5
right_child=1 2 3 4 5 6 9 -9 -10 10 -12 12 -14 -15
leaf_value=0.0072598989291162777 -0.0087908401763731308 0.012349394833391614 -0.010385262163125901 -0.0038658937394237141 -0.0085670951405040462 0.013951087881772409 0.0088838986746034073 -0.017863696590950873 0.015976025623150775 0.011208556624761938 -0.010188068038052594 0.0062346423846286539 -0.022110238536127706 0.014123291413171968
leaf_weight=9.0517356638592883 14.52087143762037 6.42949181923177 8.0244975954992679 3.3458355487091458 2.7493423935957235 11.781239605392328 1.1242765542119757 7.633247287303675 1.8850406712153924 8.6391466488130408 7.4482184667140237 1.0947531461715696 6.1753953606821597 11.078292895690536
leaf_count=710 321 86 134 49 45 179 8 136 37 112 140 6 239 310
internal_value=0.000290096 -0.000504207 0.00119473 -8.53219e-05 0.00146071 -0.00124997 0.00220955 -0.0105628 0.00277033 -0.00395438 0.00110521 -0.0122863 -0.0170941 0.00980521
internal_weight=100.981 91.9296 77.4088 70.9793 62.9548 48.5307 36.263 12.2676 4.63438 24.4818 16.0874 8.39443 7.27015 14.4241
internal_count=2512 1802 1481 1395 1261 902 684 218 82 505 252 253 245 359
is_linear=0
shrinkage=0.03


Tree=270
num_leaves=15
num_cat=0
split_feature=4 31 35 14 9 14 8 31 14 2 31 5 17 28
split_gain=0.650188 0.938758 1.10814 0.902992 2.26783 1.85825 1.30462 1.74457 1.38954 2.16319 1.84883 1.78197 2.25743 2.90795
threshold=0.72129708528518688 1.0747852325439455 0.061551636084914214 0.49872256815433508 0.049221821129322059 0.525405913591385 0.5127902925014497 0.81156316399574291 0.43573038280010229 0.40980392694473272 1.3236016035079958 0.12555607408285144 0.073076445609331145 0.00033227767602767608
decision_type=2 2 2 2 2 2 2 2 2 2 2 2 2 2
left_child=3 2 -2 6 -5 -6 8 -8 9 10 11 12 -1 -14
right_child=1 -3 -4 4 5 -7 7 -9 -10 -11 -12 -13 13 -15
leaf_value=-0.0067846979164124521 0.01846468332696178 -0.0052776449697069525 -0.006503082456139158 0.013891424219902637 -0.022363700622415435 0.0004150337377040022 -0.0060567637570179298 0.013928180977636723 0.010010992630258434 -0.011194845556774665 -0.0094164283380383639 -0.00629760278546403 0.0010202057568826925 0.023782414679786628
leaf_weight=5.2860173264052746 4.4168901458033352 2.0240622966666706 0.80581059399992216 1.8129541805392353 5.5163333860691619 5.0769931185059249 4.0726456623524419 10.833749545854515 6.8386743135051793 16.757550789043307 9.5572935340460372 8.4159591148491 10.297192015219482 8.9095023022964579
leaf_count=59 217 85 20 440 84 136 63 222 275 225 139 288 134 125
internal_value=0.000286705 0.00789486 0.013463 -0.000425476 -0.00737098 -0.0128763 0.000754608 0.00821998 -0.00107786 -0.00269252 0.000947748 0.00441068 0.00840105 0.0129676
internal_weight=100.622 7.24676 5.2227 93.3749 12.4063 10.5933 80.9686 14.9064 66.0622 59.2235 42.466 32.9087 24.4927 19.2067
internal_count=2512 322 237 2190 660 220 1530 285 1245 970 745 606 318 259
is_linear=0
shrinkage=0.03


Tree=271
num_leaves=15
num_cat=0
split_feature=24 25 28 30 47 3 42 29 5 28 5 5 46 22
split_gain=0.650664 1.25555 1.3274 1.19018 0.994004 1.3973 1.80812 1.22979 1.90795 1.5854 1.37087 1.8326 1.4188 1.22915
threshold=0.0028226981351981355 0.016664545051753524 0.0011186549272486775 0.0050177238881587991 0.14113168418407443 0.46862745285034185 0.011533833574503662 0.0087661170400679129 0.12812129408121112 0.00047195747800586515 0.12439198791980745 0.094087909907102599 0.0050683242734521636 0.021989786066114906
decision_type=2 2 2 2 2 2 2 2 2 2 2 2 2 2
left_child=1 3 -3 -1 7 -6 -7 9 10 13 11 12 -9 -2
right_child=4 2 -4 -5 5 6 -8 8 -10 -11 -12 -13 -14 -15
leaf_value=-0.0019443384424307438 0.0085482978903741961 -0.011863589657870238 0.0061256265652742392 0.021659037913585373 -0.010052750254264713 0.016932652874954521 0.00096230681757404374 -0.0082201858749243895 -0.012730093956194316 -0.02274686361320882 0.020603142168683985 -0.0090768356100922546 0.011774499002385507 -0.011572501975168601
leaf_weight=2.0975707146426457 3.6575309535255638 3.982087141950613 7.5713078493718058 3.7872774698917056 4.9687710222788146 6.3348548281355752 30.480043678544462 2.5049963482306437 6.7098093928652807 4.2363518078927882 1.6380647551268328 8.4856999487383273 10.720789362792855 3.2466995171271265
leaf_count=196 104 81 125 337 68 193 719 52 147 38 12 114 282 44
internal_value=0.000281297 0.0052495 -0.000689035 0.0145063 -0.000826395 0.00233721 0.00451855 -0.00406393 -0.000572347 -0.0117356 0.00353172 0.000488035 0.0072081 -0.00105064
internal_weight=100.422 17.4382 11.5534 5.88485 82.9836 41.7837 36.8149 41.1999 30.0594 11.1406 23.3496 21.7115 13.2258 6.90423
internal_count=2512 739 206 533 1773 980 912 793 607 186 460 448 334 148
is_linear=0
shrinkage=0.03


Tree=272
num_leaves=15
num_cat=0
split_feature=9 34 22 16 14 22 23 34 36 25 24 27 43 22
split_gain=0.639539 1.17493 0.940073 0.866297 1.49185 1.5631 1.39351 1.38805 1.78992 0.998489 2.09576 1.26554 1.16145 0.990327
threshold=0.028894335031509403 0.001234087004061231 0.014163523912429811 0.0073728760619690163 0.37908589839935308 0.01216747844591737 0.10784313827753068 0.027305163494123586 0.0082224016077816504 0.03203695826232434 0.044033570596070604 0.053197329863905914 0.0073937468696385631 0.027039277367293838
decision_type=2 2 2 2 2 2 2 2 2 2 2 2 2 2
left_child=-1 2 -2 4 -3 -6 -7 -5 9 10 12 -12 -9 -8
right_child=1 3 -4 7 5 6 13 8 -10 -11 11 -13 -14 -15
leaf_value=0.012847970467081377 0.0033202568190371516 0.015341406019470424 -0.015100977780207851 -0.0078767619429229423 -0.012790930393889417 0.0073833045365665042 0.0072728954055259537 -0.0020395087770392478 -0.0086890261142225748 0.016329140206113098 0.0062476118982789756 -0.017517545648975699 0.017787279248354406 -0.0094321462466507994
leaf_weight=1.5195916358934471 2.4131134056951833 6.3079291684553018 5.8172928185667843 18.590261872508563 4.1656603919691397 24.215944187075365 2.711771589354611 3.3282811534591072 7.2157008515205225 5.1888325394829726 1.601530723273753 3.8201100574806333 4.8761504055000842 8.3566333795897645
leaf_count=370 54 67 65 279 251 671 78 30 168 139 20 104 43 173
internal_value=0.00027096 -0.000144587 -0.0098135 0.000896843 0.0037425 0.00116475 0.00349056 -0.00199234 0.00236527 0.00717636 0.0018551 -0.0103014 0.0106268 -0.00462314
internal_weight=100.129 98.6092 8.23041 90.3788 45.7579 39.45 35.2843 44.6209 26.0306 18.8149 13.6261 5.42164 8.20443 11.0684
internal_count=2512 2142 119 2023 1240 1173 922 783 504 336 197 124 73 251
is_linear=0
shrinkage=0.03


Tree=273
num_leaves=15
num_cat=0
split_feature=45 45 26 1 1 23 17 43 5 9 15 28 14 22
split_gain=0.650419 1.92764 2.07384 1.76033 1.64241 1.87064 2.43484 2.54386 1.56325 1.26718 1.62836 1.44058 1.1945 1.31147
threshold=0.04893689043819905 0.035805663093924529 0.026402797549963001 0.10446975007653238 0.098576750606298461 0.025490209460258487 0.069082275032997145 0.024226451292634014 0.13570053875446322 0.093341149389743819 0.52872592210769664 0.012568503179384205 0.37908589839935308 0.013491888530552389
decision_type=2 2 2 2 2 2 2 2 2 2 2 2 2 2
left_child=1 2 3 4 5 -1 -7 -8 -4 10 12 -12 13 -9
right_child=-2 -3 8 -5 -6 6 7 9 -10 -11 11 -13 -14 -15
leaf_value=0.013733400354777792 0.0099796592233978385 -0.011780564375780378 0.020223501979586229 -0.011167145069643116 0.016547696445825107 -0.013150686729071739 0.014677641538046314 0.011466343915767825 -0.0025929068892068278 -0.012941296785981871 0.010024481057843013 -0.011766709108574665 -0.015315662128055648 -0.006852023634586102
leaf_weight=5.7840310260799006 3.8724841468501827 9.6393709154799563 6.1817658604704757 9.9260292426915822 3.8264138505328438 11.471131689075262 8.1447578247170878 3.7781415469944495 3.1023435137467459 5.8587937089614561 14.584092009637969 1.4108660575002421 5.2625408288440658 6.9646334620192647
leaf_count=443 99 223 94 201 39 316 81 40 97 148 541 11 96 83
internal_value=0.000271196 -0.00028586 0.0012019 -0.000507665 0.00130372 -5.12631e-05 -0.00190411 0.00126882 0.0132252 -0.00213234 0.000403229 0.00684149 -0.0059095 0.000143476
internal_weight=99.8074 95.9349 86.2955 77.0114 67.0854 63.259 57.475 46.0038 9.28411 37.8591 32.0003 15.995 16.0053 10.7428
internal_count=2512 2413 2190 1999 1798 1759 1316 1000 191 919 771 552 219 123
is_linear=0
shrinkage=0.03


Tree=274
num_leaves=15
num_cat=0
split_feature=9 34 22 4 44 23 10 47 22 31 15 33 37 23
split_gain=0.649256 1.43662 1.0181 1.1698 1.12081 1.1777 1.80064 1.72311 1.25317 1.51917 1.4846 2.10188 2.47614 2.2385
threshold=0.042747821658849723 0.0024393195779914534 0.011302724014967682 0.40395213663578039 0.3271957933902741 0.12058824300765993 0.44901961088180548 0.21806801110506061 0.019534729421138767 1.2328987717628481 0.61137080192565929 0.057285621762275703 0.019894517958164219 0.050000011920928962
decision_type=2 2 2 2 2 2 2 2 2 2 2 2 2 2
left_child=-1 -2 -3 -4 5 7 -7 8 9 -5 -10 13 -13 -12
right_child=1 2 3 4 -6 6 -8 -9 10 -11 11 12 -14 -15
leaf_value=0.0072128102582270127 -0.010163589475684029 0.013208614328054024 -0.010093057226985712 -0.011057313196839683 0.014216568329922984 -0.017107021146940661 0.0057690807601439523 0.017590253772629082 0.011486398463324715 0.007064473583064567 0.007767640653716326 -0.0084383070154166843 0.017180242629644838 -0.014783370006748864
leaf_weight=8.8887467719468969 10.148294581449589 3.6142954731476484 7.202083487645722 12.567904987488875 3.5562135344371191 5.8181410927791131 3.5753053191583604 3.6812993776984504 11.128038769471457 4.0428741844370952 4.1547839554841657 3.6992647047154588 7.1274614415597171 10.267858744249677
leaf_count=710 114 87 234 293 68 202 77 39 146 77 92 53 130 190
internal_value=0.00026867 -0.000521429 0.000875768 0 0.00126942 0.000131117 -0.00865241 0.00188352 0.000137656 -0.00620029 0.00328218 -0.000801203 0.00824215 -0.00794952
internal_weight=99.4726 90.5838 80.4355 76.8212 69.6191 66.0629 9.39345 56.6695 52.9882 16.6108 36.3774 25.2494 10.8267 14.4226
internal_count=2512 1802 1688 1601 1367 1299 279 1020 981 370 611 465 183 282
is_linear=0
shrinkage=0.03


Tree=275
num_leaves=15
num_cat=0
split_feature=31 22 42 23 41 41 9 18 31 46 8 11 39 29
split_gain=0.644069 0.777079 1.2187 1.4942 1.20763 2.29941 1.74946 2.05702 1.33531 1.64468 1.52925 1.90583 1.26388 1.24476
threshold=2.0346519947052006 0.035349013283848769 0.009064370300620796 0.066666677594184889 0.13215573132038119 0.12098061665892602 0.084884762763977065 0.048158092424273498 1.3990560770034792 0.026582137681543831 0.53598535060882579 0.58627453446388256 0.014761888422071935 0.012262611649930479
decision_type=2 2 2 2 2 2 2 2 2 2 2 2 2 2
left_child=1 4 -3 -4 5 8 7 -6 9 -1 11 -11 -9 -14
right_child=-2 2 3 -5 6 -7 -8 12 -10 10 -12 -13 13 -15
leaf_value=-0.0051953030182009781 -0.009571453944878662 0.013067619121814958 0.0069568895484409549 -0.011754921989659271 0.014133247804907802 -0.019667075732297624 0.014377968369788096 0.0041414954914343657 0.01516284506792049 0.0069460204395925072 0.017672454863296046 -0.017624766001531587 -0.019578923126983679 0.00048308489694462025
leaf_weight=24.660902469724533 3.6053234497085205 1.1599282938987041 3.492489151190969 12.675789139233528 5.1293285101419341 3.275825591525062 12.488101184833793 6.3963678558357051 3.4744459039648055 7.0471536987461132 4.8736140403634627 2.1305460098665208 4.6404087729752046 4.1449136242736131
leaf_count=782 36 10 43 517 307 56 185 63 94 128 175 23 34 59
internal_value=0.000280563 0.00087143 -0.00450168 -0.007227 0.00218102 -0.000942806 0.00640246 0.000515017 0.00126763 -0.000589406 0.00694743 -0.000622507 -0.00502104 -0.0115011
internal_weight=99.1951 95.5898 17.3282 16.1683 78.2616 45.4625 32.7991 20.311 42.1867 38.7122 14.0513 9.1777 15.1817 8.78532
internal_count=2512 2476 570 560 1906 1258 648 463 1202 1108 326 151 156 93
is_linear=0
shrinkage=0.03


Tree=276
num_leaves=15
num_cat=0
split_feature=4 11 29 11 40 19 10 12 30 42 18 14 29 22
split_gain=0.635477 1.15871 1.58096 1.45984 1.16867 1.06268 1.37099 1.31284 1.74002 1.73907 3.40575 1.72893 1.76821 1.64669
threshold=0.72129708528518688 0.70000001788139354 0.031370786949992187 0.68823531270027172 0.001745715504512191 0.069811157882213606 0.47254902124404913 0.51529023051261913 0.013460366521030666 0.019705641083419326 0.055260380730032928 0.34915784001350408 0.020390731282532219 0.017421396449208263
decision_type=2 2 2 2 2 2 2 2 2 2 2 2 2 2
left_child=1 3 4 5 -3 -1 7 8 9 -7 -11 -9 -13 -10
right_child=-2 2 -4 -5 -6 6 -8 11 13 10 -12 12 -14 -15
leaf_value=0.015208866116258954 0.0078487912223353523 0.006218409891529812 0.0088992746657641803 0.017175651831595737 -0.017888526101382442 -0.0023932289539702343 -0.012861740065197096 0.023473017277803966 0.0033201989791620907 -0.0068546239765085205 0.02337967489335108 0.0076079078991188893 -0.012305538746098866 -0.014718003278533094
leaf_weight=1.867888294844305 7.1301961937278966 0.97417689545545538 1.8935816009761754 2.6403738470980889 7.5487534846615745 25.509909640066326 5.7780264223983968 2.5007780897431102 5.4399406118318465 4.3907275106757861 5.8579504597000778 11.545063906873109 3.6804287214763454 12.11735477496404
leaf_count=307 322 34 52 52 191 434 200 33 50 40 80 343 45 329
internal_value=0.000280273 -0.000430833 -0.00899354 0.000819408 -0.0141898 -0.000104371 -0.00089124 0.000366792 -0.00197058 0.00180284 0.0111776 0.00703608 0.00175025 -0.00920767
internal_weight=98.8752 91.745 10.4165 81.3284 8.52293 78.6881 76.8202 71.0422 53.3159 35.7586 10.2487 17.7263 15.2255 17.5573
internal_count=2512 2190 277 1913 225 1861 1554 1354 933 554 120 421 388 379
is_linear=0
shrinkage=0.03


Tree=277
num_leaves=15
num_cat=0
split_feature=36 25 30 9 9 34 45 13 30 11 22 11 35 35
split_gain=0.631306 1.63386 1.58425 1.41626 1.77797 1.1268 2.02269 1.74133 2.01382 1.76665 1.73637 1.7215 1.38088 1.13347
threshold=0.0092100454494357126 0.03203695826232434 0.025666889734566215 0.11829384416341783 0.17628891766071322 0.014335517473118281 0.020114826969802383 0.082164846360683455 0.011914273723959925 0.61666667461395275 0.027039277367293838 0.53529414534568798 0.029968455433845523 0.028748182579874996
decision_type=2 2 2 2 2 2 2 2 2 2 2 2 2 2
left_child=1 3 -2 5 -5 10 11 8 -8 -9 -1 12 -7 -13
right_child=2 -3 -4 4 -6 6 7 9 -10 -11 -12 13 -14 -15
leaf_value=0.0017021661571803833 -0.015967609444208389 0.012201561245699192 0.0049093840041232037 -0.013907659782579834 0.011287369655838568 0.01271842569497437 -0.0086427631061125037 -0.013509322654039521 0.015095594645816633 0.0077482764000089748 -0.012482891133158988 -0.00025632731235442893 -0.010280107753475208 0.027720088273524551
leaf_weight=25.314339428383391 4.7493594980332983 8.657310643931849 4.658136373735033 9.9049904354615119 1.4556535116862495 2.4539696136489493 3.0643358052475396 9.2348170110490155 7.7342010306892917 3.385739636141806 8.8223470114171487 1.3012420018785631 2.9520641900599003 4.9454567991197109
leaf_count=926 114 223 93 227 33 38 51 102 262 51 128 80 33 151
internal_value=0.000301463 0.0011556 -0.00631898 -0.000261776 -0.00924846 0.00138959 0.00505913 -0.000152282 0.00782696 -0.00732151 -0.0023688 0.0142405 0.000369932 0.0228798
internal_weight=98.634 89.2265 9.4075 80.5692 11.3606 69.2085 35.0718 23.4191 10.7985 12.6206 34.1367 11.6527 5.40603 6.2467
internal_count=2512 2305 207 2082 260 1822 768 466 313 153 1054 302 71 231
is_linear=0
shrinkage=0.03


Tree=278
num_leaves=15
num_cat=0
split_feature=31 40 47 31 31 4 36 23 18 44 22 16 20 9
split_gain=0.631086 1.39629 1.6367 1.33299 2.12851 2.00416 2.84373 2.02582 1.40309 2.32594 1.36029 1.6965 2.35361 1.20798
threshold=0.70914399623870861 0.077626574784517302 0.051763538271188743 0.91442957520484935 0.96626582741737377 0.43206475675106054 0.0076418877579271802 0.1862745136022568 0.074747651815414443 0.045070741325616843 0.053985228762030608 0.18905009920634921 0.01414207175925926 0.046724393963813789
decision_type=2 2 2 2 2 2 2 2 2 2 2 2 2 2
left_child=1 2 -1 5 13 -2 7 -7 9 -6 11 12 -10 -5
right_child=3 -3 -4 4 8 6 -8 -9 10 -11 -12 -13 -14 -15
leaf_value=0.0099682022467934527 -0.0073960233669284788 0.0084295549221741276 -0.014078371286470801 0.005917288270284358 -0.009456803900736022 0.020918402206380627 -0.0071872203158299215 -0.0082229220630287217 0.0060972746493224914 0.0086043020082113651 0.0098929287711576833 0.0097225644424641759 -0.01932130135537222 -0.017897358703148722
leaf_weight=1.5417453662957985 4.9451492936350432 3.4053073493996626 10.150597985251805 1.1793208830495112 6.2587734244734738 13.005267388609356 4.2294294476741916 1.2575387285323802 3.2464246293529895 27.859020498581231 2.5621350271394467 2.0661162232281631 9.6539371121907589 6.9041456806589849
leaf_count=43 104 72 185 91 336 378 61 27 27 671 76 91 211 139
internal_value=0.000304412 -0.00492415 -0.00969562 0.00138214 -0.000992189 0.00715329 0.0115325 0.0174693 0.00136636 0.00486781 -0.00509582 -0.00870229 -0.0127635 -0.0136409
internal_weight=98.2649 15.0977 11.6923 83.1673 59.7299 23.4374 18.4922 14.2628 51.6464 34.1178 17.5286 14.9665 12.9004 8.08347
internal_count=2512 300 228 2212 1642 570 466 405 1412 1007 405 329 238 230
is_linear=0
shrinkage=0.03


Tree=279
num_leaves=15
num_cat=0
split_feature=24 25 28 42 47 3 42 24 22 19 37 35 34 33
split_gain=0.632561 1.22127 1.24803 1.12126 0.964468 1.33403 1.72419 1.15679 1.15013 1.57562 1.54419 1.13384 1.51809 2.52839
threshold=0.0028226981351981355 0.016664545051753524 0.0011186549272486775 0.0072530708275735387 0.14113168418407443 0.46862745285034185 0.011533833574503662 0.10455709790426589 0.017245313152670864 0.21716652810573581 0.01316085457801819 0.027517691254615787 0.039694020177411304 0.057285621762275703
decision_type=2 2 2 2 2 2 2 2 2 2 2 2 2 2
left_child=1 3 -3 -1 8 7 -7 -6 -2 10 -10 -8 -13 -14
right_child=4 2 -4 -5 5 6 11 -9 9 -11 -12 12 13 -15
leaf_value=-0.0017621658407734684 -0.014177571145235919 -0.011561953947194165 0.006009760380016097 0.021433699897320163 0.0042290312632419598 0.016748122025080938 -0.0098893914713685076 -0.018549896640078247 -0.007431936123191275 -0.01210281499927094 0.0068200673663962987 0.01129025428344433 -0.018195896691440127 0.0055722586670393422
leaf_weight=2.0431048396421856 6.2193678846233516 3.9143749767681566 7.3784276285441592 3.6870684301393339 2.1205079490318886 6.1646341054001814 4.8298718021251288 2.7469960246235132 8.2750997942639533 7.3374855403089887 18.3082912475802 10.889827891252937 4.0746051070746026 9.9179066565120575
leaf_count=199 156 81 125 334 25 193 115 43 132 192 313 241 64 299
internal_value=0.00029352 0.00524369 -0.000678535 0.014459 -0.00081349 0.0023389 0.00450421 -0.00984791 -0.00404365 -0.00141616 0.00206903 0.000973219 0.00377222 -0.00257141
internal_weight=97.9076 17.023 11.2928 5.73017 80.8846 40.7443 35.8768 4.8675 40.1402 33.9209 26.5834 29.7122 24.8823 13.9925
internal_count=2512 739 206 533 1773 980 912 68 793 637 445 719 604 363
is_linear=0
shrinkage=0.03


Tree=280
num_leaves=15
num_cat=0
split_feature=8 8 11 9 24 37 0 40 0 11 20 31 34 38
split_gain=0.627712 1.40339 1.36092 1.67737 1.2395 1.05689 1.23444 1.59808 1.04225 0.971119 1.32022 1.48038 1.04381 0.964625
threshold=0.44455729424953466 0.33701570332050329 0.3254902064800263 0.099462669342756285 0.078659582039337497 0.033853584900498397 0.41456668078899389 0.013173880986869337 0.54501101374626171 0.58627453446388256 0.0016228971048513304 0.90344351530075084 0.053574008089368262 0.19962429255247119
decision_type=2 2 2 2 2 2 2 2 2 2 2 2 2 2
left_child=1 2 4 -4 -1 6 -3 -8 -7 10 12 -12 -2 -11
right_child=9 5 3 -5 -6 8 7 -9 -10 13 11 -13 -14 -15
leaf_value=0.0087962413439040942 0.023123810078547365 -0.011381510193012482 0.015781834346493578 -0.0084506189015551465 -0.014417511151069961 -0.014323831809651006 -0.0089060009038968886 0.014099700052917752 0.0044388145776382802 -0.0019936866154401222 0.015041809849057303 -0.0052982318523731456 -0.0040251646085126182 0.010456130792953626
leaf_weight=1.4970005936920632 4.0813954941113471 3.2434410144342136 8.0133562104310823 1.8656407459639002 3.4691847520880401 12.648242613940964 2.3877380818594229 5.6599602323258296 2.0035168033791697 36.730957967054565 2.7159435440553343 8.0527530346298573 0.72572902776300896 4.539814405841752
leaf_count=18 414 43 85 114 83 260 28 95 94 1026 36 88 7 121
internal_value=0.000270607 -0.00246634 0.00440901 0.0103007 -0.00647292 -0.00654193 0.000244348 0.0065613 -0.011353 0.00230246 0.00821174 0.00114926 0.018606 -0.000134877
internal_weight=97.6347 40.7881 14.8452 9.879 4.96619 25.9429 11.2911 8.0477 14.6518 56.8466 15.5758 10.7687 4.80712 41.2708
internal_count=2512 820 300 199 101 520 166 123 354 1692 545 124 421 1147
is_linear=0
shrinkage=0.03


Tree=281
num_leaves=15
num_cat=0
split_feature=31 22 41 41 21 16 40 31 46 8 45 24 42 40
split_gain=0.607295 0.745453 1.14118 2.16086 1.70853 2.85473 1.49029 1.27389 1.52725 1.50977 1.82357 1.16785 1.1339 1.31214
threshold=2.0346519947052006 0.035349013283848769 0.13215573132038119 0.12098061665892602 0.081639517098665251 0.00065282046903460849 0.051149675622582443 1.3990560770034792 0.026582137681543831 0.53598535060882579 0.02220467105507851 0.046368259728385937 0.009064370300620796 0.013173880986869337
decision_type=2 2 2 2 2 2 2 2 2 2 2 2 2 2
left_child=1 2 3 7 6 -6 11 8 -1 10 -10 -4 -3 -14
right_child=-2 12 4 -5 5 -7 -8 -9 9 -11 -12 -13 13 -15
leaf_value=-0.005037464846404458 -0.0093814800095567783 0.012552643084583251 0.0093244079386742059 -0.01918335550502371 0.015141613078536531 -0.011768454103439692 0.016239469272120437 0.014909635108113823 0.008275676715572328 0.01747447523634299 -0.014629859463420247 -0.010373475413120102 0.0064131335519948991 -0.011313793145716143
leaf_weight=24.330191234999802 3.4999448332237071 1.1414759214967514 3.5074174152687219 3.203689399524591 3.4507866306812494 8.1314016669057292 13.731736125308087 3.4044795571971909 5.771525866002774 4.7825936030421863 3.2156644589267671 3.3183267237618566 3.3717791051603845 12.543446755444164
leaf_count=782 36 10 46 56 207 76 273 94 113 175 38 46 58 502
internal_value=0.000275198 0.000854533 0.00215112 -0.000906702 0.00629654 -0.00248099 0.0111563 0.00125214 -0.000576184 0.00675548 -0.000818208 -9.24709e-05 -0.00444242 -0.00709406
internal_weight=97.4045 93.9045 76.8478 44.7081 32.1397 11.5822 20.5575 41.5045 38.1 13.7698 8.98719 6.82574 17.0567 15.9152
internal_count=2512 2476 1906 1258 648 283 365 1202 1108 326 151 92 570 560
is_linear=0
shrinkage=0.03


Tree=282
num_leaves=15
num_cat=0
split_feature=24 29 19 6 47 3 42 41 20 17 17 0 39 43
split_gain=0.611925 1.08072 0.938823 1.04438 0.922596 1.2887 1.61655 1.15702 1.37275 1.41544 2.38066 1.52054 1.19771 1.10485
threshold=0.0028226981351981355 0.011872050352394583 0.12205360457301141 0.35784314572811132 0.14113168418407443 0.46862745285034185 0.011533833574503662 0.032746426761150367 0.0056997292686545029 0.086203057318925871 0.12236270681023599 0.60205861926078807 0.038221631199121482 0.079626090824604048
decision_type=2 2 2 2 2 2 2 2 2 2 2 2 2 2
left_child=1 2 3 -1 7 -6 -7 -2 9 11 -11 -9 -10 -8
right_child=4 -3 -4 -5 5 6 13 8 12 10 -12 -13 -14 -15
leaf_value=-0.0090203050235813098 0.010688561879808789 -0.0026049828507760274 0.019807096061249665 0.010876265873370119 -0.0097608096564361455 0.016335121743651593 0.0065093451281223753 -0.012685273462879615 -0.015992448282716884 0.016595963707043797 -0.0081104389444860755 0.0069124453651336236 0.0035209184723409459 -0.0043678711621499998
leaf_weight=2.554867712780835 2.4468252927181302 7.6618086592061436 3.7210765319759957 2.9114572506514378 4.7901856137905261 6.0896751306718206 14.567539981566371 9.4297511208569649 11.458576661359983 6.2916856607771461 4.2923092101700604 3.4508856254979028 2.4875067705288521 14.918804809567517
leaf_count=17 49 134 85 503 68 193 339 119 217 168 73 116 51 380
internal_value=0.000279119 0.00517163 0.0112314 0.00124988 -0.000812757 0.00228514 0.00442012 -0.00398114 -0.00551045 -0.000696474 0.00664138 -0.00700982 -0.0123187 0.000982797
internal_weight=97.073 16.8492 9.1874 5.46632 80.2237 40.3662 35.576 39.8575 37.4107 23.4646 10.584 12.8806 13.9461 29.4863
internal_count=2512 739 605 520 1773 980 912 793 744 476 241 235 268 719
is_linear=0
shrinkage=0.03


Tree=283
num_leaves=15
num_cat=0
split_feature=8 8 7 24 19 37 37 6 3 11 31 20 17 17
split_gain=0.617539 1.33785 1.29118 1.89631 1.77501 1.53147 1.01741 1.17162 0.993899 0.946221 1.25829 1.42421 1.08864 1.96491
threshold=0.44455729424953466 0.33701570332050329 0.39019608497619634 0.078659582039337497 0.49136669933795935 0.047942409291863448 0.033853584900498397 0.33529412746429449 0.63333335518836986 0.58627453446388256 0.90344351530075084 0.0016228971048513304 0.038738010451197631 0.053469233214855201
decision_type=2 2 2 2 2 2 2 2 2 2 2 2 2 2
left_child=1 2 3 -1 5 -4 7 -3 -8 10 -2 -12 -11 -14
right_child=9 6 4 -5 -6 -7 8 -9 -10 12 11 -13 13 -15
leaf_value=0.0095146224483925804 0.018464410977177326 -0.0059903288007744377 -0.0023665844898379802 -0.019002528985509408 -0.0088619394581420929 0.022266140271790139 -0.014742186280981879 0.011232201443287765 0.0022665324397942218 -0.014371346801162426 0.014815962768923836 -0.0051312047902039607 0.017212510021508299 -0.0012372871047678028
leaf_weight=2.0719462677370748 4.6744727646000674 7.5546553638996574 2.429813416907562 2.5304250128101557 1.9979953162255686 5.6851590537698939 11.485778760979882 3.6464431015774608 3.0124104007263659 2.3766833924892117 2.7340218195749895 7.9751726029790007 4.037282851379131 34.582742805825546
leaf_count=25 131 116 43 35 126 71 235 50 119 229 326 88 153 765
internal_value=0.000288936 -0.00243793 0.00429897 -0.00671675 0.00984113 0.0155844 -0.00643564 0.000241378 -0.01118 0.00231155 0.00817978 0.00125535 -9.87378e-05 0.0013701
internal_weight=96.795 40.4146 14.7153 4.60237 10.113 8.11497 25.6993 11.2011 14.4982 56.3804 15.3837 10.7092 40.9967 38.62
internal_count=2512 820 300 60 240 114 520 166 354 1692 545 414 1147 918
is_linear=0
shrinkage=0.03


Tree=284
num_leaves=15
num_cat=0
split_feature=4 11 29 11 40 19 10 12 30 42 18 14 31 22
split_gain=0.602054 1.06918 1.50569 1.35423 1.11087 1.00492 1.3032 1.21542 1.64085 1.62442 3.16618 1.5904 2.01528 1.5564
threshold=0.72129708528518688 0.70000001788139354 0.031370786949992187 0.68823531270027172 0.001745715504512191 0.069811157882213606 0.47254902124404913 0.51529023051261913 0.013460366521030666 0.019705641083419326 0.055260380730032928 0.34915784001350408 0.98346406221389782 0.017421396449208263
decision_type=2 2 2 2 2 2 2 2 2 2 2 2 2 2
left_child=1 3 4 5 -3 -1 7 8 9 -7 -11 -9 -13 -10
right_child=-2 2 -4 -5 -6 6 -8 11 13 10 -12 12 -14 -15
leaf_value=0.014912966663135348 0.0077117859405000976 0.0060621525216770136 0.0087747002089872753 0.016683502168298905 -0.017500833634267528 -0.0023290332105233669 -0.012630905998328451 0.022627247515508271 0.0032484603033580096 -0.0066649099152085887 0.022691023606695497 -0.0075114474779052068 0.01211370164475971 -0.014467304786158328
leaf_weight=1.8063260675553454 6.9970657774538259 0.96429926168639024 1.8670428291661654 2.5677833567460757 7.3787419040309032 24.795714567706455 5.6569640858215271 2.475579189136627 5.3173089888878193 4.288426705170421 5.7800021274015307 8.0581991241779161 6.814566146262222 11.749560041062066
leaf_count=307 322 34 52 52 191 434 200 33 50 40 80 188 200 329
internal_value=0.000294042 -0.000408817 -0.00870048 0.000809472 -0.0138417 -9.38263e-05 -0.000872822 0.000372656 -0.0019086 0.00179623 0.0109065 0.00684789 0.00167284 -0.0090287
internal_weight=96.5176 89.5205 10.2101 79.3104 8.34304 76.7426 74.9363 69.2794 51.931 34.8641 10.0684 17.3483 14.8728 17.0669
internal_count=2512 2190 277 1913 225 1861 1554 1354 933 554 120 421 388 379
is_linear=0
shrinkage=0.03


Tree=285
num_leaves=15
num_cat=0
split_feature=5 3 11 1 6 1 44 23 1 47 13 36 8 36
split_gain=0.600522 1.34121 1.218 1.18188 1.18299 1.13434 1.3853 1.1863 2.28915 1.28584 1.2848 1.90687 1.1169 1.06634
threshold=0.12812129408121112 0.66078433394432079 0.70000001788139354 0.14359862357378009 0.3660783469676972 0.091291546821594252 0.085159339010715498 0.025490209460258487 0.074524972587823882 0.040512928739190109 0.082164846360683455 0.0036131099332123999 0.50797918438911449 0.0064589525572955617
decision_type=2 2 2 2 2 2 2 2 2 2 2 2 2 2
left_child=5 -2 -3 -4 -5 7 12 8 -1 -9 11 -11 -7 -8
right_child=1 2 3 4 -6 6 13 9 -10 10 -12 -13 -14 -15
leaf_value=0.019526419492173621 -0.015706240233784471 0.010311182114344715 -0.014955578336231422 -0.0081621645270253222 0.014909152465384858 -0.012951187708823255 0.016985118350100345 -0.016497036707009055 -0.011471338687880967 -0.0011030481250532708 -0.0087055622595135565 0.014851411048436132 0.0066450196850264291 -0.0012461869224997923
leaf_weight=4.3764970898337188 4.3699915704201002 5.1310447917785478 3.8270309707149863 1.9661597808590157 2.0863969870842993 2.9681771832983967 9.4550081863999349 3.113227202469715 1.5186432248447088 33.142535190767376 11.380488839466123 6.3182390879373989 3.5177839784882963 3.1196040657814583
leaf_count=436 209 108 69 87 19 32 136 108 22 800 188 212 39 47
internal_value=0.00032023 -0.00439168 0.000795113 -0.00593085 0.00422173 0.00147805 0.00747875 -0.000564554 0.010278 -0.00212787 -0.000600118 0.00197231 -0.0029081 0.012706
internal_weight=96.2908 17.3806 13.0106 7.87959 4.05256 78.9102 19.0606 59.8496 5.89514 53.9545 50.8413 39.4608 6.48596 12.5746
internal_count=2512 492 283 175 106 2020 254 1766 458 1308 1200 1012 71 183
is_linear=0
shrinkage=0.03


Tree=286
num_leaves=15
num_cat=0
split_feature=31 40 47 31 31 4 23 26 18 44 22 16 20 5
split_gain=0.599615 1.27108 1.51743 1.23023 1.96868 1.82253 1.90223 2.06311 1.2934 2.14226 1.26121 1.52398 2.22325 1.11517
threshold=0.70914399623870861 0.077626574784517302 0.051763538271188743 0.91442957520484935 0.96626582741737377 0.43206475675106054 0.1862745136022568 0.031077273190021518 0.074747651815414443 0.045070741325616843 0.053985228762030608 0.18905009920634921 0.01414207175925926 0.11766763404011728
decision_type=2 2 2 2 2 2 2 2 2 2 2 2 2 2
left_child=1 2 -1 5 -5 -2 7 -7 9 -6 11 12 -10 -11
right_child=3 -3 -4 4 8 6 -8 -9 10 13 -12 -13 -14 -15
leaf_value=0.0096177678787096824 -0.0070688620995825032 0.0079376990635051953 -0.013719127623391926 -0.013212667555918716 -0.0090936482333043821 0.018350720863407471 -0.010523632235305785 -0.0068473590020022837 0.0059686124137290917 0.010953646066087562 0.0095292642718701696 0.009138836718672121 -0.018914386190041665 -0.003619050730300733
leaf_weight=1.494589686510152 4.8114668694324818 3.36537799949292 9.9079235754907113 7.9061208388447985 6.1380908182763951 14.260677053418481 1.6263588278088708 2.2781134577235198 3.2007450116798308 22.76217804847693 2.5232272461289531 2.0042530258651814 9.2940654444973898 4.458018645644187
leaf_count=43 104 72 185 230 336 402 41 23 27 635 76 91 211 36
internal_value=0.000303101 -0.00484065 -0.00945764 0.00136772 -0.00094397 0.00695809 0.0111548 0.0143538 0.00135503 0.00474738 -0.00493536 -0.00848441 -0.0123892 0.00837997
internal_weight=96.0312 14.7679 11.4025 81.2633 58.2867 22.9766 18.1651 16.5388 50.3806 33.3583 17.0223 14.4991 12.4948 27.2202
internal_count=2512 300 228 2212 1642 570 466 425 1412 1007 405 329 238 671
is_linear=0
shrinkage=0.03


Tree=287
num_leaves=15
num_cat=0
split_feature=24 48 37 12 4 47 45 27 37 29 19 41 37 37
split_gain=0.586997 0.935244 1.60014 0.808954 1.47589 1.45668 1.60669 2.17809 1.30487 1.56135 1.68884 1.32486 1.2176 1.98145
threshold=0.001496362433862434 0.020669240504503254 0.01118123345077038 0.53097873926162731 0.55085626244544994 0.18357669562101367 0.021032677963376049 0.028094370849430565 0.066070549190044417 0.011377294547855856 0.49136669933795935 0.21638033539056781 0.020863263867795471 0.058846568688750274
decision_type=2 2 2 2 2 2 2 2 2 2 2 2 2 2
left_child=1 -1 -3 5 -5 6 7 -2 11 -10 -11 -7 -6 -14
right_child=3 2 -4 4 12 8 -8 -9 9 10 -12 -13 13 -15
leaf_value=0.010875404826453506 -0.01235772008523248 -0.013880654626072828 0.0103339594102146 0.013683812019064594 -0.010380416919843682 -0.0016389742436026468 -0.015088314022250034 0.0085617216208686217 -0.0093507251489866987 0.016507002222068485 -0.010943517775513206 0.020551926212346347 0.01277044304291574 -0.0044880689335540878
leaf_weight=8.717490570881635 5.9162154594669145 3.2879359044600269 2.5790636488236487 6.4520676589454515 6.3665484448720262 3.3847456547664505 11.761027805623597 8.2883693758049031 9.6066089228261244 4.0185763267800203 1.2475026447791604 3.5931860717246309 8.4521891682961741 12.009414270869454
leaf_count=585 84 61 36 154 141 83 237 133 178 82 69 73 252 344
internal_value=0.000285856 0.00545551 -0.00293379 -0.000716687 0.00273275 -0.00319105 -0.00777279 -0.000415945 0.00232298 -0.00265048 0.00836896 0.0114865 -0.000563491 0.00300975
internal_weight=95.6809 14.5845 5.867 81.0965 33.2802 47.8162 25.9656 14.2046 21.8506 14.8727 5.26608 6.97793 26.8282 20.4616
internal_count=2512 682 97 1830 891 939 454 217 485 329 151 156 737 596
is_linear=0
shrinkage=0.03


Tree=288
num_leaves=15
num_cat=0
split_feature=9 34 22 4 44 23 10 47 28 39 21 38 37 41
split_gain=0.59107 1.30692 0.902715 1.05729 1.01478 1.07629 1.63049 1.51587 1.22857 1.67587 2.95287 1.70951 2.46433 1.0486
threshold=0.042747821658849723 0.0024393195779914534 0.011302724014967682 0.40395213663578039 0.3271957933902741 0.12058824300765993 0.44901961088180548 0.21806801110506061 0.00018064187383052662 0.021560092456638816 0.0073073776438832292 0.16532037407159808 0.0025792311644181613 0.063078958541154875
decision_type=2 2 2 2 2 2 2 2 2 2 2 2 2 2
left_child=-1 -2 -3 -4 5 7 -7 8 -5 10 -10 12 -11 -14
right_child=1 2 3 4 -6 6 -8 -9 9 11 -12 -13 13 -15
leaf_value=0.0070379216635719178 -0.0098481551598290484 0.012717248153912029 -0.0097390111498487624 0.010352778441627592 0.013704849537248168 -0.016601620610348422 0.0054791418024088866 0.016716521828931075 0.010767410914762396 -0.013189643655304742 -0.01464810873913102 -0.011623074675268165 -0.00064883414117834911 0.014160278148765632
leaf_weight=8.4810554520518036 9.7147192892152798 3.3994954705995033 6.8714358023134983 6.9875183178228317 3.4414538028649977 5.5431863971753028 3.4547933075809851 3.573881176300346 3.7979432028660112 2.9895854411879617 13.839037891477345 3.9349205283215261 5.1048655911581617 14.29019739339128
leaf_count=710 114 87 234 180 68 202 77 39 120 65 179 65 69 303
internal_value=0.000285417 -0.000482987 0.000876076 0 0.00126371 0.000146041 -0.00839623 0.00185622 0.00016496 -0.00176933 -0.00848313 0.00290509 0.00632582 0.0104259
internal_weight=95.4241 86.943 77.2283 73.8288 66.9574 63.5159 8.99798 54.5179 50.9441 43.9566 17.637 26.3196 22.3846 19.3951
internal_count=2512 1802 1688 1601 1367 1299 279 1020 981 801 299 502 437 372
is_linear=0
shrinkage=0.03


Tree=289
num_leaves=15
num_cat=0
split_feature=36 25 30 27 34 42 30 9 46 30 30 8 16 33
split_gain=0.593769 1.45594 1.43982 1.3802 1.68964 1.64182 1.50861 1.49386 1.3347 1.44659 1.19162 1.42043 1.17348 1.73616
threshold=0.0092100454494357126 0.03203695826232434 0.025666889734566215 0.058194275945425041 0.023780948067632854 0.016742637380957607 0.012984248809516432 0.11829384416341783 0.0050683242734521636 0.016178178600966934 0.019663194194436077 0.51961666345596325 0.0083713027104293809 0.013025905005633833
decision_type=2 2 2 2 2 2 2 2 2 2 2 2 2 2
left_child=1 3 -2 4 6 -6 12 8 -7 -10 11 -5 13 -1
right_child=2 -3 -4 10 5 7 -8 -9 9 -11 -12 -13 -14 -15
leaf_value=-0.0085474646304506026 -0.015509535380123984 0.011703746118172082 0.0046112945792550365 -0.020820368671109726 -0.007138092713018354 -0.00070437592927744658 -0.012967518530828443 -0.0056131448793809218 0.026382956219263332 0.0020965109994585457 0.006785118135562482 0.0023402733315874766 -0.0053083650370249098 0.0085350982349913316
leaf_weight=5.143497090131862 4.5922095628920925 8.3634111582068709 4.5379897229140624 5.5547634667018411 3.4403726391610716 3.109060121234509 6.8208029372617593 2.3559909836621946 7.1769862314686161 3.7661621063016355 1.7018451029434789 2.6255778013728559 15.834154384327119 20.11745724301727
leaf_count=389 114 223 93 82 70 77 144 45 178 83 40 53 233 688
internal_value=0.000286493 0.00113536 -0.00620775 -0.000230608 0.00134715 0.00829901 -0.00168961 0.0121226 0.0156119 0.0198719 -0.00970784 -0.0140926 0.000627581 0.00457489
internal_weight=95.1403 86.0101 9.1302 77.6467 67.7645 19.8486 47.9159 16.4082 14.0522 10.9431 9.88219 8.18034 41.0951 25.261
internal_count=2512 2305 207 2082 1907 453 1454 383 338 261 175 135 1310 1077
is_linear=0
shrinkage=0.03


Tree=290
num_leaves=15
num_cat=0
split_feature=31 31 29 48 47 24 18 31 16 28 45 26 42 32
split_gain=0.582573 0.712959 1.14667 1.15627 0.95858 1.96917 1.38013 1.38782 1.359 1.70998 1.3068 1.29767 1.65151 1.50945
threshold=2.0346519947052006 0.70914399623870861 0.026416400447487835 0.0231431107968092 0.041320569813251502 0.044033570596070604 0.048158092424273498 1.2202160358428957 0.00066709336374813969 0.00053056180099158321 0.03782868571579457 0.0078745391219854372 0.011533833574503662 0.01844034064561129
decision_type=2 2 2 2 2 2 2 2 2 2 2 2 2 2
left_child=1 2 3 -1 8 10 -7 11 9 -3 -6 -8 -13 -14
right_child=-2 4 -4 -5 5 6 7 -9 -10 -11 -12 12 13 -15
leaf_value=-0.00057021664304039189 -0.0093096624915420794 0.0036413453683054437 0.0059485957251949962 -0.019772837020212673 0.011153693005177318 0.012439919314051631 -0.015314817187736335 -0.012612720271752266 0.0066954163341523317 -0.025645693976853054 -0.0085390840779680129 0.016909744385616435 -0.0052958385728343361 0.0095969438181182191
leaf_weight=6.522894509660544 3.3621959529118604 1.9931136414379569 4.3846577608492217 3.6858800505287945 25.125716994181861 4.1276119502144857 2.2186727412045029 7.865470939083024 2.5489138071425259 2.5127000034844968 1.7713165399618436 3.7739486070349839 18.246258110273633 6.7498146921861908
leaf_count=117 36 298 115 68 653 293 24 177 60 63 27 36 366 179
internal_value=0.000267963 0.000843425 -0.00477937 -0.00985241 0.00204209 0.00318485 -0.000787543 -0.00280637 -0.00714921 -0.0150928 0.00925176 0.000205475 0.0024175 -0.000750088
internal_weight=94.8892 91.527 14.5934 10.2088 76.9335 69.8788 42.9818 38.8542 7.05473 4.50581 26.897 30.9887 28.77 24.9961
internal_count=2512 2476 300 185 2176 1755 1075 782 421 361 680 605 581 545
is_linear=0
shrinkage=0.03


Tree=291
num_leaves=15
num_cat=0
split_feature=8 8 8 11 1 36 8 36 42 22 24 11 20 22
split_gain=0.57912 1.26581 1.19415 1.16825 1.01754 0.990062 1.07764 1.01018 2.64462 1.49145 0.983004 0.920112 1.1634 1.32989
threshold=0.44455729424953466 0.33701570332050329 0.25302921235561376 0.42156863212585455 0.049922445788979537 0.00092416087863966833 0.37700246274471289 0.0031691007316112523 0.02491004299372435 0.011599357705563309 0.27630770694905876 0.58627453446388256 0.0016228971048513304 0.019534729421138767
decision_type=2 2 2 2 2 2 2 2 2 2 2 2 2 2
left_child=1 2 10 4 -4 6 -3 -7 -9 -10 -1 12 -2 -14
right_child=11 5 3 -5 -6 7 -8 8 9 -11 -12 -13 13 -15
leaf_value=0.004231770678677577 0.018058408529380662 -0.007403065855756793 -0.0013327000454208646 -0.0064616444314946932 0.019355225701185783 -0.013735214270345153 0.013430448346084452 0.018768075892835752 0.0094405425758407272 -0.017862281476510825 -0.016577958615649185 -0.00017524498383487218 -0.011690366471392094 0.0076576004436177273
leaf_weight=2.6423845046665511 4.5459846250014371 2.3095807025674757 2.2630060399533232 1.7812548072542993 5.7304429940413684 12.75230486498913 2.6945904121967033 2.2132593591231844 0.93639384582638729 4.1952900714240968 1.8948890842730177 40.18651618513104 2.7371532215620373 7.7254037470556796
leaf_count=39 421 27 63 83 64 188 85 35 8 177 51 1147 39 85
internal_value=0.000239645 -0.00243302 0.00420465 0.00964016 0.0141036 -0.00635929 0.00401851 -0.00920894 0 -0.0112093 -0.00641304 0.00221892 0.00807267 0.0012914
internal_weight=94.6085 39.4134 14.312 9.7747 7.99345 25.1014 5.00417 20.0972 7.34494 5.13168 4.53727 55.1951 15.0085 10.4626
internal_count=2512 820 300 210 127 520 112 408 220 185 90 1692 545 124
is_linear=0
shrinkage=0.03


Tree=292
num_leaves=15
num_cat=0
split_feature=4 31 35 31 31 31 46 36 34 42 4 24 14 0
split_gain=0.574132 0.860916 1.03118 0.77446 1.62786 1.84955 1.74497 1.52534 2.63904 2.32994 1.72272 1.67619 1.47164 2.06677
threshold=0.72129708528518688 1.0747852325439455 0.061551636084914214 0.82545971870422374 0.91442957520484935 0.98346406221389782 0.056428611278533942 0.00099913449957966826 0.019051626218971635 0.027663893997669223 0.35663695633411413 0.12683423913043482 0.39183707535266882 0.44675701856613165
decision_type=2 2 2 2 2 2 2 2 2 2 2 2 2 2
left_child=3 2 -2 12 6 -6 -5 11 10 -10 -9 -7 13 -1
right_child=1 -3 -4 4 5 7 -8 8 9 -11 -12 -13 -14 -15
leaf_value=-0.011805186267581202 0.017892839864716313 -0.0052202244812630605 -0.0063810432656997871 0.019618820474860525 -0.01202268610916936 0.019558981520868671 -0.0033350660553333757 0.0097602422088222743 0.013631684342578164 -0.0051446855887124533 -0.013993308205782887 -0.0028924305684768447 -0.012534810893863161 0.0090192074434946798
leaf_weight=4.7728306306526092 4.206877208169316 1.9199325600930022 0.76733496878296126 5.8981260962755169 8.8285027760575741 5.6199568505253392 3.6587253485340625 1.7159586127381761 11.367591973394157 8.9481395857874286 13.071159106635603 3.840376811393071 10.118126721368752 9.6215727376984415
leaf_count=103 217 85 20 162 240 294 95 22 229 217 312 135 199 182
internal_value=0.000240887 0.00752599 0.0129621 -0.000455243 0.00128269 -0.000844362 0.0115152 0.00172705 -0.00123248 0.00550724 -0.0102237 0.0112689 -0.00479153 0.00133356
internal_weight=94.3552 6.89414 4.97421 87.4611 62.9485 53.3917 9.55685 44.5632 35.1028 20.3157 14.7871 9.46033 24.5125 14.3944
internal_count=2512 322 237 2190 1706 1449 257 1209 780 446 334 429 484 285
is_linear=0
shrinkage=0.03


Tree=293
num_leaves=15
num_cat=0
split_feature=9 34 33 35 13 12 41 23 33 19 23 30 14 37
split_gain=0.573124 1.22272 0.87926 1.60047 1.04508 1.03838 1.96997 1.69915 2.19698 2.07827 1.8006 1.65665 1.50313 1.15467
threshold=0.042747821658849723 0.0024393195779914534 0.033511172980070121 0.027371973730623726 0.053743710741400726 0.51137623190879833 0.19504020363092425 0.050000011920928962 0.057569300755858428 0.082202035933733 0.14705883711576465 0.012984248809516432 0.525405913591385 0.023839030414819721
decision_type=2 2 2 2 2 2 2 2 2 2 2 2 2 2
left_child=-1 -2 3 -3 -5 6 -4 9 12 -7 13 -8 -9 -10
right_child=1 2 5 4 -6 7 11 8 10 -11 -12 -13 -14 -15
leaf_value=0.0069389638273091086 -0.0096334806817419631 -0.0011922675932561162 -0.011212545947491123 -0.0028113907886116729 0.017908039270578074 -0.0096835733334021366 0.018010193927942966 -0.015729130319978954 -0.0036735399372553627 0.021274191496062217 -0.01050650084015459 -0.0048437405645342223 0.0051843134832181351 0.017612558283292334
leaf_weight=8.3366730565467133 9.5684207567246613 13.363149158307353 16.412585347716234 1.9017863150220344 7.6025880589731969 1.213071306701752 3.0329941748641422 8.4798576927278209 1.9827821438666413 5.1104161875555292 2.2433224238920948 4.8303958193864673 2.9833497371873809 7.0352531031239778
leaf_count=710 114 272 296 58 136 56 43 136 23 116 77 183 163 129
internal_value=0.000240783 -0.000519456 0.000803882 0.00549621 0.0137334 -0.0012801 -0.00566645 0.0024179 -0.00158075 0.0140752 0.00708227 0.00553162 -0.0101019 0.0128429
internal_weight=94.0966 85.76 76.1916 22.8675 9.50437 53.324 24.276 29.0481 22.7246 6.32349 11.2614 7.86339 11.4632 9.01804
internal_count=2512 1802 1688 466 194 1222 522 700 528 172 229 226 299 152
is_linear=0
shrinkage=0.03


Tree=294
num_leaves=15
num_cat=0
split_feature=47 17 24 16 33 39 39 39 37 21 17 6 2 47
split_gain=0.569962 1.39802 1.3013 1.85524 1.32229 1.20859 1.11187 1.56124 1.15821 1.25705 1.0829 0.918324 2.05511 1.34831
threshold=0.14113168418407443 0.1149582862854004 0.066842554989405722 0.00057891975518146457 0.064489942044019713 0.042256163433194167 0.024524956941604618 0.021560092456638816 0.067890994250774397 0.060464594513177879 0.1081940419971943 0.52745100855827343 0.5000000149011613 0.055208226665854461
decision_type=2 2 2 2 2 2 2 2 2 2 2 2 2 2
left_child=1 10 -2 -4 6 -6 7 8 9 -5 11 12 13 -1
right_child=2 -3 3 4 5 -7 -8 -9 -10 -11 -12 -13 -14 -15
leaf_value=0.0096260366091128532 0.014045612371686889 -0.010879943319613635 0.0097876130031697445 -0.0076884464015721677 0.015092025817459859 -0.0067788159141309052 -0.018454567007114439 0.014368464528486308 -0.013140905911016893 0.015878313751302827 0.015079009578428195 0.0094139248994310355 -0.015487281211317372 -0.0030832159518775024
leaf_weight=9.0701002035639267 5.7138768750592126 9.8544731759466213 10.593912370910401 2.380806970293639 3.4176085881190366 2.1599860946880654 4.5113500438164911 1.8781802831217635 7.5830344394780695 1.8336759174708275 2.2744446338620028 4.7799527626630143 6.6114336274913503 21.137842441734392
leaf_count=246 101 250 366 53 117 90 108 36 102 29 61 472 195 286
internal_value=0.000241674 -0.00171979 0.00289961 0.000292849 -0.00425454 0.00667269 -0.00808339 -0.00255271 -0.00715629 0.00389263 0.000656909 -0.000718348 -0.00252826 0.00100044
internal_weight=93.8007 53.7282 40.0724 34.3586 23.7646 5.57759 18.187 13.6757 11.7975 4.21448 43.8738 41.5993 36.8194 30.2079
internal_count=2512 1510 1002 901 535 207 328 220 184 82 1260 1199 727 532
is_linear=0
shrinkage=0.03


Tree=295
num_leaves=15
num_cat=0
split_feature=36 30 42 4 19 47 16 47 24 31 40 39 5 35
split_gain=0.587637 1.3854 1.31806 1.02695 0.926161 0.883034 1.31844 1.04225 1.09499 0.861131 1.44518 1.234 1.48924 1.3967
threshold=0.0092100454494357126 0.025666889734566215 0.039453636854887016 0.56882748007774364 0.069811157882213606 0.041320569813251502 0.00087494488536155209 0.055208226665854461 0.0065016919056553211 0.72752264142036449 0.076870936900377287 0.025449290871620182 0.081748697906732573 0.052026048302650459
decision_type=2 2 2 2 2 2 2 2 2 2 2 2 2 2
left_child=2 -2 4 -3 -1 6 -6 8 -7 10 -9 -11 -13 -14
right_child=1 3 -4 -5 5 7 -8 9 -10 11 -12 12 13 -15
leaf_value=0.01461791314511026 -0.01539836188931123 -0.0068154169709939748 0.015665287537214231 0.014153161338658416 -0.018841767732445159 0.019352435485867667 0.0046468843390932331 -0.013257703463680865 -0.0020830584463146112 0.0032562882241602468 0.0076347140570717058 0.010484867198024696 -0.016293298405936144 0.0042667734304902621
leaf_weight=1.8046889977558738 4.5282056784490106 2.2129057265119627 3.2611128999851635 2.2750524170696735 3.3447627284913315 3.0289204635773777 2.238913759123534 8.2960643622791377 2.7368024596944451 44.207631510304054 2.486739056010264 1.9201191454194475 8.3055869170930219 2.9101399814244351
leaf_count=417 114 58 79 35 49 109 31 139 51 1056 44 99 145 86
internal_value=0.000252297 -0.00623909 0.00110744 0.00443788 0.000125155 -0.000517868 -0.0102862 0.000432369 0.0108753 -0.000693627 -0.00776412 0.000802207 -0.00659756 -0.0108932
internal_weight=93.5576 9.01616 84.5415 4.48796 81.2804 79.4757 5.58368 73.892 5.76572 68.1263 10.7828 57.3435 13.1358 11.2157
internal_count=2512 207 2305 93 2226 1809 80 1729 160 1569 183 1386 330 231
is_linear=0
shrinkage=0.03


Tree=296
num_leaves=15
num_cat=0
split_feature=36 30 25 27 11 34 48 42 9 20 19 36 45 26
split_gain=0.56511 1.33663 1.28738 1.23279 1.58938 1.56914 1.65885 1.55797 1.38284 1.22845 1.79561 1.43372 1.40719 1.37609
threshold=0.0092100454494357126 0.025666889734566215 0.03203695826232434 0.058194275945425041 0.62764728069305431 0.023780948067632854 0.02031667344272137 0.016742637380957607 0.11829384416341783 0.0016228971048513304 0.20530384033918384 0.0015482241869904103 0.013334879186004402 0.017043222673237327
decision_type=2 2 2 2 2 2 2 2 2 2 2 2 2 2
left_child=2 -2 3 5 -5 6 9 -7 -9 11 -11 -1 -12 -14
right_child=1 -3 -4 4 -6 7 -8 8 -10 10 12 -13 13 -15
leaf_value=0.015191790698864895 -0.015138276728728153 0.0043621180159169595 0.01109160350511541 -0.018308321227950335 0.0029171250634163716 -0.0070433495676010859 -0.012696835814071206 0.015206818422330317 -0.005372487925766228 -0.014269630025256132 -0.005160660064473124 -0.003571369787918078 0.013815974461355483 -0.0081333810534767875
leaf_weight=7.4122314365522453 4.502576624741776 4.4828719410579652 8.2421038728207332 5.0768923076102492 4.5211936819832772 3.3802750476170358 7.8395625695120534 13.781417382211659 2.3035053176572537 6.3970386565197286 10.511887387838216 4.6081078539136797 8.5275730657158402 1.7555710624437768
leaf_count=626 114 93 223 88 87 70 167 338 45 63 196 212 160 30
internal_value=0.000260507 -0.00611343 0.00110004 -0.00019977 -0.00927247 0.00129804 -0.00165196 0.00805813 0.0118256 0.00099241 -0.00248318 0.00830141 0.00194488 0.00911031
internal_weight=93.3428 8.98545 84.3574 76.1153 9.59809 66.5172 47.052 19.4652 16.0849 39.2124 27.1921 12.0203 20.795 10.2831
internal_count=2512 207 2305 2082 175 1907 1454 453 383 1287 449 838 386 190
is_linear=0
shrinkage=0.03


Tree=297
num_leaves=15
num_cat=0
split_feature=31 22 42 40 41 41 9 18 31 46 8 11 39 29
split_gain=0.562065 0.700182 1.03699 1.17593 1.02507 1.96095 1.46972 1.76082 1.09358 1.32442 1.40151 1.64629 1.09084 1.03923
threshold=2.0346519947052006 0.035349013283848769 0.009064370300620796 0.013173880986869337 0.13215573132038119 0.12098061665892602 0.084884762763977065 0.048158092424273498 1.3990560770034792 0.026582137681543831 0.53598535060882579 0.58627453446388256 0.014761888422071935 0.012262611649930479
decision_type=2 2 2 2 2 2 2 2 2 2 2 2 2 2
left_child=1 4 -3 -4 5 8 7 -6 9 -1 11 -11 -9 -14
right_child=-2 2 3 -5 6 -7 -8 12 -10 10 -12 -13 13 -15
leaf_value=-0.0047071616292458582 -0.0092276139811224549 0.011917782287740823 0.0059640079150232016 -0.011042952237850337 0.013443367220164551 -0.018521608190244506 0.013623043391537148 0.0038799190919052433 0.014170068546491317 0.0063870870949297781 0.017045375790482004 -0.016873136367559174 -0.018538130221562657 0.00036752091314435666
leaf_weight=23.379375956763397 3.3004469744628286 1.1137872356921459 3.2589155940804622 12.101484700804575 4.7439064304344418 3.0502489842474452 11.685819816426372 6.0490689757280043 3.1836437354795626 6.5855408300412801 4.5074833192338692 2.0055575491860509 4.3027545314980653 3.8285804272163659
leaf_count=782 36 10 58 502 307 56 185 63 94 128 175 23 34 59
internal_value=0.000232362 0.000806214 -0.00439794 -0.0069905 0.00210106 -0.000858345 0.00612184 0.00048706 0.00125201 -0.00047539 0.00650212 -0.000920558 -0.00478785 -0.0110251
internal_weight=93.0966 89.7962 16.4742 15.3604 73.322 42.7119 30.6101 18.9243 39.6616 36.478 13.0986 8.5911 14.1804 8.13133
internal_count=2512 2476 570 560 1906 1258 648 463 1202 1108 326 151 156 93
is_linear=0
shrinkage=0.03


Tree=298
num_leaves=15
num_cat=0
split_feature=4 42 42 33 47 31 20 14 6 19 41 40 19 36
split_gain=0.562637 1.1002 1.43308 1.59338 1.15889 1.566 1.28113 1.05878 1.62642 1.05995 2.96048 1.1179 1.95621 1.45942
threshold=0.46050645411014562 0.020549409091472629 0.016956037841737274 0.036031838506460197 0.14248292148113254 0.85173714160919201 0.00028356481481481489 0.37908589839935308 0.33529412746429449 0.4169947504997254 0.21638033539056781 0.029791835695505146 0.14611504226922992 0.0041711686644703158
decision_type=2 2 2 2 2 2 2 2 2 2 2 2 2 2
left_child=7 2 3 4 6 -6 -2 8 9 10 11 12 -1 -14
right_child=1 -3 -4 -5 5 -7 -8 -9 -10 -11 -12 -13 13 -15
leaf_value=-0.01336777466771732 0.0098668705332731511 -0.00149582653999608 0.016843057540057198 -0.015388341092537304 -0.0065980615733995506 0.020634269285807676 -0.0075497431278243703 -0.013796802099359207 0.013755139515035141 -0.013259343535099759 0.016050948843748129 -0.017047667850793296 0.019306466542091325 -0.0064420025179722949
leaf_weight=3.6093779774382835 4.2935104986972963 34.833547336340416 6.3662765092449254 2.0941772772930554 1.3593149701482605 4.636988221493084 7.5403428803983843 4.4575778165599322 4.026444425340741 5.2678536912426344 5.1904088542796663 4.2572655109688631 3.1421147231012583 1.7354501904919741
leaf_count=28 577 737 201 37 35 216 119 51 51 181 76 113 48 42
internal_value=0.000232793 0.00192746 0.00635425 0.00163526 0.00513635 0.0139795 -0.000500937 -0.00286755 -0.000154091 -0.00358689 0.000148911 -0.00742287 0 0.0104997
internal_weight=92.8107 61.1242 26.2906 19.9243 17.8302 5.9963 11.8339 31.6865 27.2289 23.2025 17.9346 12.7442 8.48694 4.87756
internal_count=2512 1922 1185 984 947 251 696 590 539 488 307 231 118 90
is_linear=0
shrinkage=0.03


Tree=299
num_leaves=15
num_cat=0
split_feature=8 8 7 24 19 37 37 0 40 0 11 20 2 46
split_gain=0.55052 1.14295 1.17331 1.69099 1.54222 1.39504 0.921068 0.972578 1.38405 0.934947 0.898228 1.06667 1.16716 1.06407
threshold=0.44455729424953466 0.33701570332050329 0.39019608497619634 0.078659582039337497 0.49136669933795935 0.047942409291863448 0.033853584900498397 0.41456668078899389 0.013173880986869337 0.54501101374626171 0.58627453446388256 0.0016228971048513304 0.40980392694473272 0.04217085428535939
decision_type=2 2 2 2 2 2 2 2 2 2 2 2 2 2
left_child=1 2 3 -1 5 -4 7 -3 -9 -8 11 -2 -13 -14
right_child=10 6 4 -5 -6 -7 9 8 -10 -11 -12 12 13 -15
leaf_value=0.0089439315021203007 0.017703135513251471 -0.010227060649797177 -0.0023768729707987824 -0.01839314905646771 -0.0083113652723954268 0.021403371430364134 -0.013713538102773846 -0.008468963312501512 0.013244482104833519 0.0043160204645251114 -0.00021500206945941077 0.014049476450059557 -0.012408843682526283 0.0057355866969264792
leaf_weight=1.9594709975644935 4.4016524305625344 3.0240299271536077 2.351904974319039 2.4061900007072836 1.8907262244611045 5.3576705944724381 11.884908107691443 2.2789216306991875 5.3522769521223381 1.9041154273436394 39.419645869144006 2.4968439340591413 4.2528046630322933 3.5380911195534281
leaf_count=25 421 43 43 35 126 71 260 28 95 94 1147 22 41 61
internal_value=0.000223666 -0.00241611 0.00395637 -0.00669694 0.00937888 0.0148446 -0.00619427 0.000296953 0.00603654 -0.0108025 0.00217035 0.00800998 0.00141217 -0.00437405
internal_weight=92.5193 38.4102 13.966 4.36566 9.6003 7.70958 24.4443 10.6552 7.6312 13.789 54.109 14.6894 10.2877 7.7909
internal_count=2512 820 300 60 240 114 520 166 123 354 1692 545 124 102
is_linear=0
shrinkage=0.03


Tree=300
num_leaves=15
num_cat=0
split_feature=12 30 22 42 18 17 23 21 23 45 38 18 0 4
split_gain=0.544153 1.67022 1.77488 1.5617 2.27679 1.37662 1.31136 2.62871 2.07383 1.91807 1.45027 1.26659 1.3502 1.34368
threshold=0.51529023051261913 0.013350695371627809 0.023439253680408004 0.019705641083419326 0.055260380730032928 0.038738010451197631 0.050000011920928962 0.030032753944396976 0.081372559070587172 0.011997685302048923 0.19508337974548343 0.075556103140115752 0.35587936639785772 0.45977550745010382
decision_type=2 2 2 2 2 2 2 2 2 2 2 2 2 2
left_child=1 3 -3 11 -5 -2 9 -8 -9 -7 -10 13 -13 -1
right_child=5 2 -4 4 -6 6 7 8 10 -11 -12 12 -14 -15
leaf_value=-0.0035171687592282807 -0.013334864208952905 0 -0.018017461558699613 -0.004784414875624139 0.021290627285765466 -0.006177142251416053 -0.015432965398715191 0.017865552557054656 -0.0062953858840159556 0.019753224472390318 0.009441940292859682 0.0062174581177989645 -0.017911912346578934 0.012029364568679818
leaf_weight=11.421796934562741 2.3489432531059711 10.607428072020413 7.5533953515114254 3.7565871810074878 5.4912112771999091 2.2861250475689285 4.9735732676927027 6.1345776924863484 11.785964198876174 6.9943576187943108 6.51861017581541 1.5941324594896276 4.8705819901078939 5.9435434771585269
leaf_count=118 310 104 325 40 79 121 62 228 280 210 251 24 114 246
internal_value=0.000222773 -0.00177589 -0.00863688 0.00218317 0.0114645 0.00275425 0.00441208 0.000902502 0.00525633 0.013137 -0.000165271 -0.00191133 -0.0115443 0.00234176
internal_weight=92.2808 51.2387 18.1608 33.0779 9.2478 41.0422 38.6932 29.4127 24.4392 9.28048 18.3046 23.8301 6.46471 17.3653
internal_count=2512 1050 429 621 119 1462 1152 821 759 331 531 502 138 364
is_linear=0
shrinkage=0.03


Tree=301
num_leaves=15
num_cat=0
split_feature=24 48 42 12 12 40 21 36 18 37 23 38 17 36
split_gain=0.534538 0.814838 1.07441 0.724212 1.31765 1.26622 1.18876 1.28313 1.75414 1.17405 1.55555 1.3645 1.28422 1.15228
threshold=0.001496362433862434 0.015278324950486423 0.0072530708275735387 0.53097873926162731 0.55114573240280162 0.054818540811538703 0.081639517098665251 0.0013353335089050236 0.075556103140115752 0.020863263867795471 0.092156842350959792 0.19508337974548343 0.069082275032997145 0.006593789206817747
decision_type=2 2 2 2 2 2 2 2 2 2 2 2 2 2
left_child=1 2 -1 5 -5 -2 -7 -8 -9 -6 12 -12 -11 -13
right_child=3 -3 -4 4 9 6 7 8 -10 10 11 13 -14 -15
leaf_value=-0.0031758528178158487 -0.0073310837623162713 -0.00037742856783329196 0.019871206457801455 0.013607045908744441 -0.010202340145101702 0.009080265805671001 -0.015164116112774859 0.01339145221790505 -0.011265260042201906 -0.005686935201780003 -0.010048304733506581 0.015601497383097098 0.017450582681705795 -0.0072596967371023795
leaf_weight=1.7296636760584068 25.879592591605615 8.9119513254263421 3.3196223632839974 5.5728337586624539 6.2238919586961883 9.6735293591627869 3.5720865334151295 4.1731367325410247 2.4878435144200921 1.6103129104449205 8.0196826268220303 3.0288276390638194 6.1685936985886656 1.5552362923044709
leaf_count=188 458 211 283 135 142 247 102 36 96 44 177 131 214 48
internal_value=0.000213916 0.00524671 0.0128896 -0.000758471 0.00254898 -0.00315518 0.00231042 -0.00428226 0.00336111 -0.000451692 0.00303724 -0.00328912 0.0121706 0.00754053
internal_weight=91.9268 13.9612 5.04929 77.9656 32.1794 45.7862 19.9066 10.2331 6.66098 26.6065 20.3827 12.6037 7.77891 4.58406
internal_count=2512 682 471 1830 891 939 481 234 132 756 614 356 258 179
is_linear=0
shrinkage=0.03


Tree=302
num_leaves=15
num_cat=0
split_feature=36 36 42 9 34 27 45 11 8 5 42 48 11 14
split_gain=0.53522 1.25867 1.23108 1.01481 1.15526 1.6151 1.50649 1.48173 1.32928 1.49721 1.73421 1.47075 1.32029 1.23103
threshold=0.0092100454494357126 0.015885276719927791 0.039453636854887016 0.11746874824166299 0.014335517473118281 0.036582889035344131 0.020114826969802383 0.53529414534568798 0.50797918438911449 0.081748697906732573 0.019363674335181717 0.03835179656744004 0.43725490570068365 0.21982177346944812
decision_type=2 2 2 2 2 2 2 2 2 2 2 2 2 2
left_child=2 -2 3 4 5 13 7 -6 9 10 -8 -10 -11 -1
right_child=1 -3 -4 -5 6 -7 8 -9 11 12 -12 -13 -14 -15
leaf_value=0.015199762018824567 -0.01308960078283236 0.0063332236294881784 0.015183127399793763 -0.0067661739177702256 0.00025316500141740305 -0.015941521653483726 -0.01089951582612105 0.021904949879409379 0.014087509555411356 0.0053449816101880914 0.014856017899045599 -0.010775137587705054 -0.016498790308436099 -0.0016902831219369216
leaf_weight=2.5312145471107277 5.7058805968845245 3.1377179950941354 3.2052095598774022 13.668577976000959 5.0094460834516195 4.368598678149282 1.8840490599395732 5.7792745552142151 7.3458614210248907 2.081102960277347 4.2199881838168949 1.04382957983762 7.0749442748492584 24.613796273290063
leaf_count=26 153 54 79 373 71 72 22 231 284 26 69 5 96 951
internal_value=0.000216175 -0.00602462 0.00104423 8.02036e-05 0.00170065 -0.00231657 0.00538439 0.0136979 0.000702542 -0.00433614 0.00580822 0.00922667 -0.0111968 0.00071671
internal_weight=91.6695 8.8436 82.8259 79.6207 65.9521 31.5136 34.4385 10.7887 23.6498 15.2601 6.10404 8.38969 9.15605 27.145
internal_count=2512 207 2305 2226 1853 1049 804 302 502 213 91 289 122 977
is_linear=0
shrinkage=0.03


Tree=303
num_leaves=15
num_cat=0
split_feature=9 5 33 1 35 39 5 25 26 39 31 45 21 42
split_gain=0.53016 1.16218 1.27361 1.31679 1.34076 1.15518 1.29199 1.92589 1.27246 1.55938 1.45903 1.64102 1.19051 1.15334
threshold=0.042747821658849723 0.056617416441440589 0.033511172980070121 0.1083420366048813 0.027371973730623726 0.019621268846094612 0.081748697906732573 0.022508093155920509 0.036013042554259307 0.025609979405999187 0.91442957520484935 0.032711436972022064 0.012240009382367136 0.022621556185185913
decision_type=2 2 2 2 2 2 2 2 2 2 2 2 2 2
left_child=-1 -2 3 4 -3 12 7 -7 9 13 11 -11 -4 -8
right_child=1 2 5 -5 -6 6 8 -9 -10 10 -12 -13 -14 -15
leaf_value=0.0067577257910256877 -0.0080932538106788278 0.0023151918914258393 0.006600530243546612 -0.009684389729001654 0.018700506731783709 -0.0068946150728224206 -0.0052675858861081504 0.018966776804062124 0.0090790295450790016 -0.010295061244798441 -0.016479362564562568 0.0099366964127972721 -0.015510311594775068 0.012989436117976544
leaf_weight=8.0472130592825106 13.122542142838936 11.666314232454175 1.4666628475533778 1.9221055235248048 6.7368462371814521 2.5692218459444112 3.9581642423290777 5.0932220902759582 5.5215570334112263 5.5811712933937105 9.4750229539349657 4.8587850932963192 6.5848685457604006 4.7347676010103896
leaf_count=710 321 198 43 40 111 73 74 181 158 106 213 94 106 84
internal_value=0.000221716 -0.000518244 0.00104185 0.0070342 0.00970554 -0.00152095 0.000580487 0.0103527 -0.00198209 -0.00466874 -0.00908037 -0.000554259 -0.0106722 0.00496549
internal_weight=91.3385 83.2913 70.1687 20.3253 18.4032 49.8434 41.7919 7.66244 34.1295 28.6079 19.915 10.44 8.05153 8.69293
internal_count=2512 1802 1481 349 309 1132 983 254 729 571 413 200 149 158
is_linear=0
shrinkage=0.03


Tree=304
num_leaves=15
num_cat=0
split_feature=31 31 31 4 36 23 18 47 34 36 22 20 2 9
split_gain=0.529196 1.07397 1.82592 1.61723 2.33404 1.70971 1.07517 1.51121 1.40505 2.27567 1.115 1.29813 1.82472 1.04361
threshold=0.70914399623870861 0.91442957520484935 0.96626582741737377 0.43206475675106054 0.0076418877579271802 0.1862745136022568 0.074747651815414443 0.036260729655623443 0.019576974445351846 0.0011152293300256135 0.053985228762030608 0.011020614483966068 0.24117647111415866 0.046724393963813789
decision_type=2 2 2 2 2 2 2 2 2 2 2 2 2 2
left_child=-1 3 13 -2 5 -5 7 -4 9 -9 11 -8 -13 -3
right_child=1 2 6 4 -6 -7 10 8 -10 -11 -12 12 -14 -15
leaf_value=-0.0047121541013555746 -0.0068692928365144705 0.0055120928123962194 -0.010490780969393791 0.019442167120385195 -0.006755989402102089 -0.0077327917450189894 0.0074607491776101983 0.012515421843723094 0.013057962487410908 -0.0089124857518690561 0.0090617581942434126 0.0078647175339295709 -0.017159188597611889 -0.017012181978706114
leaf_weight=14.030524388770571 4.5464531370671493 1.1013483950082434 3.3118248035898459 12.191687982398436 3.9282530321506774 1.1727149297948916 2.2940732017159489 5.6899993691622539 13.96143588479026 8.6200554091774375 2.4571712985634795 1.9443649331806216 9.3412670396501181 6.4758426992339082
leaf_count=300 104 91 241 378 61 27 21 290 279 197 76 95 213 139
internal_value=0.000224127 0.00125761 -0.000960976 0.00660102 0.010643 0.0161661 0.00133277 0.00450495 0.00693776 0 -0.00455505 -0.00805847 -0.0120872 -0.0129576
internal_weight=91.067 77.0365 55.1974 21.8391 17.2927 13.3644 47.6202 31.5833 28.2715 14.3101 16.0369 13.5797 11.2856 7.57719
internal_count=2512 2212 1642 570 466 405 1412 1007 766 487 405 329 308 230
is_linear=0
shrinkage=0.03


Tree=305
num_leaves=15
num_cat=0
split_feature=4 11 45 11 40 19 19 30 37 24 40 29 40 29
split_gain=0.521404 0.913213 1.32285 1.15603 1.01691 0.868267 0.876614 1.3787 1.5935 1.58499 1.41442 1.94178 1.9989 1.49186
threshold=0.72129708528518688 0.70000001788139354 0.047365933656692512 0.68823531270027172 0.001745715504512191 0.069811157882213606 0.14318784326314929 0.013460366521030666 0.029051900841295723 0.044033570596070604 0.04796209558844567 0.011091129388660194 0.078189007937908186 0.0056222728453576573
decision_type=2 2 2 2 2 2 2 2 2 2 2 2 2 2
left_child=1 3 4 5 -3 -1 -7 8 -8 -9 -10 12 13 -12
right_child=-2 2 -4 -5 -6 6 7 9 10 -11 11 -13 -14 -15
leaf_value=0.014063189650727781 0.0072370379900349412 0.0057732654327146216 0.0078772758723380486 0.015616718510974672 -0.017107356776605787 -0.0063429113047812815 0.016903576039465424 0.0063930020115934884 -0.0077241096722142121 -0.010144077756903958 -0.0058694770319189819 0.018339699115000992 -0.010624678361251997 0.017911542484367795
leaf_weight=1.6504822668211989 6.6836038076726245 0.91961003682808762 1.9071932621300218 2.4108118446310973 6.7787426599679748 17.741286793141626 5.6053284551016977 5.9303079253295463 8.6351785132428649 13.772296994866336 2.3558613979839738 5.1849277702858663 6.9957497489522211 4.1814379565767013
leaf_count=307 322 34 58 52 185 391 81 80 128 402 71 93 214 94
internal_value=0.000213004 -0.000465751 -0.00831907 0.000699163 -0.0134379 -0.000167743 -0.000922059 0.00101458 0.00471287 -0.00489789 0.00113097 0.00571219 -0.000671117 0.00962277
internal_weight=90.7528 84.0692 9.60555 74.4637 7.69835 72.0529 70.4024 52.6611 32.9585 19.7026 27.3532 18.718 13.533 6.5373
internal_count=2512 2190 277 1913 219 1861 1554 1163 681 482 600 472 379 165
is_linear=0
shrinkage=0.03


Tree=306
num_leaves=15
num_cat=0
split_feature=47 17 36 11 22 3 22 9 17 14 2 8 9 48
split_gain=0.519747 1.27099 1.19834 1.58703 1.03971 1.17966 1.05191 1.57374 0.961418 0.943816 2.02148 1.61284 1.53813 1.7511
threshold=0.14113168418407443 0.1149582862854004 0.0064589525572955617 0.55490198731422435 0.017421396449208263 0.50784316658973705 0.024247548542916778 0.099462669342756285 0.1081940419971943 0.525405913591385 0.5000000149011613 0.50701248645782482 0.070500504225492491 0.014829385560005905
decision_type=2 2 2 2 2 2 2 2 2 2 2 2 2 2
left_child=1 8 3 4 5 -2 -6 -8 9 10 11 12 -1 -14
right_child=2 -3 -4 -5 6 -7 7 -9 -10 -11 -12 -13 13 -15
leaf_value=0.0069539328842510529 -0.0026236833989533707 -0.010516813900418287 -0.0070172114830033966 0.013936668598005946 -0.011620496184122133 0.016201353814020599 0.012067594156590238 -0.012790476472837762 0.01431048812220545 0.0096012978068129376 -0.015675623963291488 0.0106502969430047 0.006897833374379222 -0.014213600331409133
leaf_weight=6.5282651049783516 4.4759242427535408 9.5146447154111211 6.9027927005663505 10.315679224673657 6.7909178123809379 4.1479581349994987 4.3880746010690928 1.5834505928214637 2.2203628754359661 4.7363740613800465 6.2909174459928172 8.602742926537756 3.2939853789284816 10.745482826372607
leaf_count=199 44 250 239 261 78 198 76 106 61 495 172 190 31 112
internal_value=0.000242895 -0.0016577 0.00282925 0.00535143 0.000244343 0.00749391 -0.00480274 0.00354445 0.000645981 -0.000680183 -0.00257279 0.000981223 -0.00351551 -0.00883085
internal_weight=90.5376 51.9328 38.6048 31.702 21.3863 8.62388 12.7624 5.97153 42.4181 40.1978 35.4614 29.1705 20.5677 14.0395
internal_count=2512 1510 1002 763 502 242 260 182 1260 1199 704 532 342 143
is_linear=0
shrinkage=0.03


Tree=307
num_leaves=15
num_cat=0
split_feature=24 48 37 47 3 36 41 20 8 36 45 45 8 30
split_gain=0.51698 0.793634 1.42878 0.705633 1.19227 1.55374 1.11094 1.22404 1.10112 1.21457 1.40786 1.46032 0.990868 0.95797
threshold=0.001496362433862434 0.020669240504503254 0.01118123345077038 0.14113168418407443 0.46862745285034185 0.0049454607069492349 0.032746426761150367 0.0056997292686545029 0.68330937623977672 0.0011152293300256135 0.015718518756330017 0.021032677963376049 0.57343649864196788 0.026572653092443946
decision_type=2 2 2 2 2 2 2 2 2 2 2 2 2 2
left_child=1 -1 -3 6 -5 -6 -2 8 9 -8 -11 -12 -7 -9
right_child=3 2 -4 4 5 12 7 13 -10 10 11 -13 -14 -15
leaf_value=0.010375906309713632 0.010927232009867491 -0.013160744549466374 0.010033959114597714 -0.0097039761562377029 0.008315819988628282 -0.0096888752833947222 0.0093065420886906843 -0.014612515755898156 0.013521158982051727 -0.017463067923722743 0.014190244244948151 -0.0057924156417214871 0.008039563974412807 0.0045601420051903331
leaf_weight=8.1430798568035225 2.3862309342366634 3.1394050479866555 2.4521327365655452 4.4997015346307299 23.318981098826043 7.7010959681356308 3.5901973257859998 11.375547637522684 2.1749115075508589 4.9202601737342802 2.4673840939067295 10.422454505693166 2.1086671714438125 1.6019699801690865
leaf_count=585 61 61 36 69 602 251 98 235 136 61 74 150 59 34
internal_value=0.00024658 0.00522909 -0.00263002 -0.000719355 0.00210743 0.00425826 -0.00349379 -0.00503107 -0.000584029 -0.00317886 -0.00653261 -0.000373594 -0.00490787 -0.0117526
internal_weight=90.302 13.7346 5.59154 76.5674 37.6284 33.1287 38.939 36.5527 23.5752 21.4003 17.8101 12.8898 9.80976 12.9775
internal_count=2512 682 97 1830 981 912 849 788 519 383 285 224 310 269
is_linear=0
shrinkage=0.03


Tree=308
num_leaves=15
num_cat=0
split_feature=8 8 8 11 1 36 36 36 20 23 8 17 11 31
split_gain=0.527622 1.06868 1.06949 1.02064 0.934828 0.855233 0.974889 1.51575 1.15944 1.04565 0.932505 0.870368 0.852776 0.972825
threshold=0.44455729424953466 0.33701570332050329 0.25302921235561376 0.42156863212585455 0.049922445788979537 0.00092416087863966833 0.0028707615565508608 0.0043607784900814303 0.0072920132727003857 0.029411777853965763 0.37700246274471289 0.079898122698068633 0.58627453446388256 0.90344351530075084
decision_type=2 2 2 2 2 2 2 2 2 2 2 2 2 2
left_child=1 2 -1 4 -4 10 11 8 -8 -9 -3 -7 13 -2
right_child=12 5 3 -5 -6 6 7 9 -10 -11 -12 -13 -14 -15
leaf_value=-0.0063386253284832472 0.017189858165854121 -0.0070219587559746891 -0.0014524008199141925 -0.0061171961946815644 0.018547500204120486 0.002258472496547417 -0.0048213408969606094 0.007256465234365397 0.01945923930087463 -0.016335553217288641 0.012638976615588694 -0.017322574533489236 -0.0001658309457003245 0.0014179451032819408
leaf_weight=4.2987295307684681 4.3578156234871122 2.1748025771230486 2.1852459968067688 1.6832727515138683 5.4283714485354722 1.6749047405319313 1.6730339562054708 0.87083123251795758 2.2210453784791753 3.6804303930839524 2.5619461619644426 8.8762742219259945 38.480762333681923 9.8789727446564921
leaf_count=90 131 27 63 83 64 24 19 7 50 160 85 148 1147 414
internal_value=0.000253886 -0.00236598 0.00386278 0.0091324 0.0133872 -0.00607361 -0.00879369 -0.00043383 0.0104222 -0.0105264 0.00376191 -0.0141107 0.00218249 0.00795315
internal_weight=90.0464 37.3289 13.5956 9.29689 7.61362 23.7333 18.9965 8.44534 3.89408 4.55126 4.73675 10.5512 52.7176 14.2368
internal_count=2512 820 300 210 127 520 408 236 69 167 112 172 1692 545
is_linear=0
shrinkage=0.03


Tree=309
num_leaves=15
num_cat=0
split_feature=45 25 20 19 34 33 42 34 5 39 45 12 11 1
split_gain=0.512233 1.40657 1.17952 1.0636 1.00457 1.9511 1.01048 1.04635 2.11433 1.31716 1.2498 1.74822 2.01274 1.57391
threshold=0.012643891386687757 0.01546057313680649 0.0016228971048513304 0.10511775687336923 0.001645875548801081 0.033046117052435882 0.016652114689350132 0.013803841300249349 0.081748697906732573 0.018015583045780662 0.019811719655990604 0.50983238220214855 0.42156863212585455 0.084318414330482497
decision_type=2 2 2 2 2 2 2 2 2 2 2 2 2 2
left_child=1 2 3 -1 -2 -6 -7 -8 9 -9 -10 12 -12 -13
right_child=4 -3 -4 -5 5 6 7 8 10 -11 11 13 -14 -15
leaf_value=-0.0026113073285724754 -0.013808584298301081 -0.016671817353482749 -0.0047268260581636544 0.018124932172675974 0.011063865989722432 -0.012651686781699492 -0.012416432512932276 -0.0044980322775775546 0.011461482985266922 0.01811472702805926 0.0085524595582239151 -0.012448641692037377 -0.016922220106039516 0.0061495138739114793
leaf_weight=2.788239530505968 1.6159922197693948 3.6058465550886458 12.123680294665972 3.0928495000116527 15.398857506050261 3.5553030931623644 2.833900785946752 1.8988084426382537 3.852927815867587 7.6827372026164085 2.1195366175379631 3.2749339612200883 9.9321294929832202 16.079810221912339
leaf_count=368 17 44 207 211 432 74 70 42 54 299 28 50 334 282
internal_value=0.000257187 -0.00353298 0.000352106 0.00974535 0.00156652 0.00237468 -0.000498346 0.000820475 0.00221552 0.0133715 -0.00129059 -0.00353734 -0.0116489 0.00199095
internal_weight=89.8556 21.6106 18.0048 5.88109 68.2449 66.6289 51.2301 47.6748 44.8409 9.58155 35.2593 31.4064 12.0517 19.3547
internal_count=2512 830 786 579 1682 1665 1233 1159 1089 341 748 694 362 332
is_linear=0
shrinkage=0.03


Tree=310
num_leaves=15
num_cat=0
split_feature=9 34 24 28 12 22 4 44 23 10 22 11 30 30
split_gain=0.513585 1.12621 0.759083 1.28015 0.939292 0.753056 0.923604 0.890343 1.03406 1.36499 1.23858 1.53513 1.70935 1.42443
threshold=0.042747821658849723 0.0024393195779914534 0.16727875949187426 0.00080620879817444233 0.43227235972881323 0.011302724014967682 0.40395213663578039 0.3271957933902741 0.12058824300765993 0.44901961088180548 0.019534729421138767 0.59019610285758983 0.013350695371627809 0.016617307439446453
decision_type=2 2 2 2 2 2 2 2 2 2 2 2 2 2
left_child=2 -2 3 -1 -4 -3 -7 8 10 -10 -8 12 -12 -13
right_child=1 5 4 -5 -6 6 7 -9 9 -11 11 13 -14 -15
leaf_value=0.017936790815937076 -0.0094210376297056576 0.011952182954785506 -0.01288487683067222 -0.008113636847261815 0.0097012958686851832 -0.0093801793465691178 -0.0045284097624147647 0.0130354204695251 -0.016116573082936129 0.0045345337668186133 0.021351764403972281 -0.0062764537395114742 -0.00043280579027701508 0.0073086651649417076
leaf_weight=4.3059816541936007 9.1249502984574047 3.077288543136091 1.8203835925087335 0.83314743386290491 0.94134012446738768 6.3950694435625328 16.355425435962388 3.2570751335006198 5.1997002933640015 3.3228829888976179 6.4124086608644557 12.171116797369907 4.7186732590198517 11.588246584695296
leaf_count=532 114 87 10 20 148 234 385 68 202 77 70 268 78 219
internal_value=0.000231082 -0.000505628 0.00670968 0.0122034 -0.00371512 0.000799036 0 0.00119321 9.81226e-05 -0.00844828 0.00183974 0.0049899 0.0132291 0.000286016
internal_weight=89.5237 81.6228 7.90085 5.13913 2.76172 72.4979 69.4206 63.0255 59.7685 8.52258 51.2459 34.8904 11.1311 23.7594
internal_count=2512 1802 710 552 158 1688 1601 1367 1299 279 1020 635 148 487
is_linear=0
shrinkage=0.03


Tree=311
num_leaves=15
num_cat=0
split_feature=36 30 42 4 9 34 27 45 11 8 48 5 42 8
split_gain=0.505962 1.20272 1.1972 0.919942 0.902815 1.05513 1.4454 1.35148 1.38637 1.22408 1.35249 1.28093 1.55913 1.19349
threshold=0.0092100454494357126 0.025666889734566215 0.039453636854887016 0.56882748007774364 0.11746874824166299 0.014335517473118281 0.036582889035344131 0.020114826969802383 0.53529414534568798 0.50797918438911449 0.03835179656744004 0.081748697906732573 0.019363674335181717 0.32215236127376562
decision_type=2 2 2 2 2 2 2 2 2 2 2 2 2 2
left_child=2 -2 4 -3 5 6 -1 8 -7 11 -11 12 -9 -13
right_child=1 3 -4 -5 -6 7 -8 9 -10 10 -12 13 -14 -15
leaf_value=0.00066425332098399628 -0.014588190798023334 -0.0066144181410175591 0.015056642179420057 0.013405042517791626 -0.0064351227568674061 5.5086197814156752e-05 -0.015246582459291357 -0.010556905584049193 0.021195920275404102 0.01366944357731871 -0.010353907318783228 0.005146745222437462 0.014039735143259732 -0.015806821814439868
leaf_weight=26.541483610970321 4.3033239978831244 2.110167394625023 3.1550460209837174 2.2173238769173622 13.35535573918605 4.8833878611912933 4.2464220060501239 1.834731037029999 5.6022006011626218 7.1428878115839307 1.0058536268770693 2.0189932400826347 4.0667360603110865 6.8069476245436817
leaf_count=977 114 58 79 35 373 71 72 22 231 284 5 29 69 93
internal_value=0.000235043 -0.00588921 0.00105328 0.0041639 8.10845e-05 0.0016366 -0.0022349 0.00521858 0.0131764 0.000684319 0.00895243 -0.00423453 0.00527655 -0.0106711
internal_weight=89.2909 8.63082 80.66 4.32749 77.505 64.1496 30.7879 33.3617 10.4856 22.8761 8.14874 14.7274 5.90147 8.82594
internal_count=2512 207 2305 93 2226 1853 1049 804 302 502 289 213 91 122
is_linear=0
shrinkage=0.03


Tree=312
num_leaves=15
num_cat=0
split_feature=31 31 31 4 36 23 18 44 38 42 45 30 9 31
split_gain=0.492134 0.99278 1.75 1.48903 2.12173 1.62411 1.00854 1.85577 1.10401 1.46082 0.991865 1.1607 0.971675 0.877196
threshold=0.70914399623870861 0.91442957520484935 0.96626582741737377 0.43206475675106054 0.0076418877579271802 0.1862745136022568 0.07380023226141931 0.045070741325616843 0.098111201077699675 0.0099957864731550234 0.023039928637444976 0.013247077818959953 0.046724393963813789 1.3990560770034792
decision_type=2 2 2 2 2 2 2 2 2 2 2 2 2 2
left_child=10 3 12 -2 5 -5 7 13 -8 -10 -1 -12 -3 -4
right_child=1 2 6 4 -6 -7 8 -9 9 -11 11 -13 -14 -15
leaf_value=-0.011741076375166269 -0.0066215910359747896 0.005265169828678121 -0.013751996283595745 0.018900201053391477 -0.0063987077594340929 -0.0076435342670116702 0.0064681900844098519 0.0082189676054802863 0.0067837807945102923 -0.013717579236362959 0.013061085961536474 -0.0062252848505791099 -0.016666708191592432 0.0063033670949258604
leaf_weight=6.416157270956317 4.4228680542437386 1.0655896965618001 4.5056452753342482 11.920351388835117 3.8361882233293718 1.1526532996213052 4.3838018153328475 24.260232009546598 2.6977288830094031 9.4281135887722467 3.0532616947311908 4.2857531654881313 6.357305254379753 1.2106530074233885
leaf_count=114 104 91 293 378 61 27 66 664 25 321 56 130 139 43
internal_value=0.000231135 0.00124256 -0.000914872 0.00643434 0.0103471 0.0156571 0.00136118 0.00458475 -0.00419274 -0.00862941 -0.00456639 0.002556 -0.0127506 -0.00858283
internal_weight=88.9963 75.2411 53.9091 21.3321 16.9092 13.073 46.4862 29.9765 16.5096 12.1258 13.7552 7.33901 7.42289 5.7163
internal_count=2512 2212 1642 570 466 405 1412 1000 412 346 300 186 230 336
is_linear=0
shrinkage=0.03


Tree=313
num_leaves=15
num_cat=0
split_feature=26 39 25 19 22 31 31 47 23 44 20 17 33 16
split_gain=0.491964 1.63399 1.45636 0.9961 0.884655 0.794735 1.57679 1.40057 1.56405 1.6715 1.28877 1.30135 1.22592 1.00391
threshold=0.036013042554259307 0.036317346617579467 0.032485084608197219 0.069811157882213606 0.042669285088777549 0.82545971870422374 0.91442957520484935 0.13357876986265185 0.033431015908718116 0.045698432251811034 0.022440070779914532 0.2667801976203919 0.025428612716495994 0.050983317598753228
decision_type=2 2 2 2 2 2 2 2 2 2 2 2 2 2
left_child=1 2 3 -1 -3 13 -7 8 9 -8 -9 -12 -13 -5
right_child=-2 4 -4 5 -6 6 7 10 -10 -11 11 12 -14 -15
leaf_value=0.014620208272291789 0.0073183480108153891 -0.017895362153879942 0.014230225329603892 -0.0014087004842912921 0.0029379663534540574 0.011806444676194771 -0.0092872242093068654 0.013943055206346281 -0.011029668783856691 0.013145641972319206 -0.0088849393759040923 0.015742741103076423 -0.0045829400077899074 -0.016932865420169464
leaf_weight=1.7917051600379625 6.0449808648554599 4.8415111234644419 4.7390005002962416 13.375831875891892 1.5125989702064542 7.5660893433960146 3.30458483961411 5.7460959031013799 16.699255828658352 4.8914459777879529 7.3111550826579315 3.8195532145327888 3.3256564972689375 3.7758321376750237
leaf_count=418 171 112 93 242 63 197 59 204 428 121 148 93 77 86
internal_value=0.000210948 -0.000433687 0.00088553 -0.000319528 -0.0130608 -0.00114119 0.000686126 -0.00153798 -0.00613189 0.00375907 0.00403035 -0.00094313 0.007021 -0.00639429
internal_weight=88.7453 82.7003 76.3462 71.6072 6.35411 69.8155 52.6638 45.0977 24.8953 8.19603 20.2025 14.4564 7.14521 17.1517
internal_count=2512 2341 2166 2073 175 1655 1327 1130 608 180 522 318 170 328
is_linear=0
shrinkage=0.03


Tree=314
num_leaves=15
num_cat=0
split_feature=24 48 47 3 36 41 32 34 40 36 42 39 10 36
split_gain=0.514295 0.769522 0.685071 1.12917 1.45714 1.03678 1.03304 2.81626 1.31653 1.08012 1.01317 0.890265 1.67549 1.085
threshold=0.001496362433862434 0.024257265031337742 0.14113168418407443 0.46862745285034185 0.0064589525572955617 0.032746426761150367 0.017537076026201252 0.039694020177411304 0.092980690300464644 0.002295846701599658 0.010932174976915123 0.023041900247335437 0.31960785388946539 0.00099913449957966826
decision_type=2 2 2 2 2 2 2 2 2 2 2 2 2 2
left_child=1 -1 5 -4 6 -2 7 8 -5 10 -10 13 -13 -7
right_child=2 -3 3 4 -6 11 -8 -9 9 -11 -12 12 -14 -15
leaf_value=0.0090406524001512157 0.010506279014703215 -0.0048416851959921393 -0.0095171155923075377 0.013859618988316846 -0.0066744506583841729 0.0024419893869509586 0.019867954754145708 -0.016460143634158202 0.0081055385397835918 0.01095268566338992 -0.014062631266417099 -0.013572770599759499 0.0060290702408008611 -0.01230741410100295
leaf_weight=10.131491020016254 2.333678094262722 3.320779431378468 4.4004820650443426 12.330928757379306 6.756258947425521 4.8088558451127055 3.1966549430508158 2.9990336901973924 0.95956828954513085 2.1042093441355973 4.1221941967960447 3.4717657667351878 11.810562020633368 15.725811687967505
leaf_count=630 61 52 69 270 239 127 81 53 94 72 103 118 222 321
internal_value=0.000220894 0.00523645 -0.000752146 0.00206005 0.00417731 -0.00351185 0.00741288 0.00404566 0.00857317 -0.00121415 -0.00834612 -0.00501187 0.00034705 -0.00881006
internal_weight=88.4723 13.4523 75.02 36.8693 32.4688 38.1507 25.7126 22.5159 19.5169 7.18597 5.08176 35.817 15.2823 20.5347
internal_count=2512 682 1830 981 912 849 673 592 539 269 197 788 340 448
is_linear=0
shrinkage=0.03


Tree=315
num_leaves=15
num_cat=0
split_feature=45 25 20 31 19 34 33 38 42 39 5 30 37 38
split_gain=0.479157 1.31615 1.1178 1.12018 0.997552 0.951049 1.83941 0.912075 0.832184 1.00651 1.84645 1.26951 1.25443 1.84598
threshold=0.012643891386687757 0.01546057313680649 0.0016228971048513304 1.1223942041397097 0.10511775687336923 0.001645875548801081 0.033511172980070121 0.27529680728912359 0.016652114689350132 0.019621268846094612 0.081748697906732573 0.012984248809516432 0.0032492514001205568 0.16290787607431415
decision_type=2 2 2 2 2 2 2 2 2 2 2 2 2 2
left_child=1 2 4 7 -1 -2 -7 -4 -8 -10 -11 -12 -13 -14
right_child=5 -3 3 -5 -6 6 8 -9 9 10 11 12 13 -15
leaf_value=-0.0025076909121281863 -0.013488800709660884 -0.016288000277999232 -0.016688140930707619 0.0066884205498140038 0.01769882596687445 0.010482889253426156 -0.012238587277108606 0.00080992901084897214 -0.0079875446986407989 0.01455897789944721 0.011356958570731313 -0.018565849569916876 0.0053003475659375212 -0.010361977466256226
leaf_weight=2.7413686174550156 1.5992069263593283 3.5162924242904401 4.748254949343389 3.5509984361124216 3.0233370475762058 16.119422374351416 3.0366094018099821 3.640678976662457 7.8687210432253769 7.1450735207763492 4.4103756961412754 2.2029506240505752 15.699579023523258 8.9376230664784071
leaf_count=368 17 44 59 66 211 452 69 82 165 282 68 38 278 313
internal_value=0.000216838 -0.00347755 0.000309441 -0.00465711 0.00953253 0.00149696 0.00229706 -0.0101115 -0.00062524 0.000550419 0.00268327 -0.000654139 -0.00338254 -0.000620241
internal_weight=88.2405 21.2209 17.7046 11.9399 5.76471 67.0196 65.4204 8.38893 49.3009 46.2643 38.3956 31.2505 26.8402 24.6372
internal_count=2512 830 786 207 579 1682 1665 141 1213 1144 979 697 629 591
is_linear=0
shrinkage=0.03


Tree=316
num_leaves=15
num_cat=0
split_feature=9 34 1 16 22 4 44 23 10 47 28 9 38 9
split_gain=0.49116 1.06382 0.779399 1.47348 0.694552 0.850952 0.851539 0.95002 1.27687 1.16981 1.09125 1.29998 1.06325 2.03546
threshold=0.042747821658849723 0.0024393195779914534 0.034918297082185752 0.00057891975518146457 0.011302724014967682 0.40395213663578039 0.3271957933902741 0.12058824300765993 0.44901961088180548 0.21806801110506061 0.00018064187383052662 0.10409637540578844 0.16290787607431415 0.11829384416341783
decision_type=2 2 2 2 2 2 2 2 2 2 2 2 2 2
left_child=2 -2 3 -1 -3 -6 7 9 -9 10 -7 -12 13 -13
right_child=1 4 -4 -5 5 6 -8 8 -10 -11 11 12 -14 -15
leaf_value=0.011214503770357685 -0.0092543006496301709 0.011534187424838898 0.015783195431751967 -0.01277049100019256 -0.009093786130998505 0.010009966062955898 0.012761933929796314 -0.015740433556720831 0.0043779939758047453 0.015051069403855857 -0.0067658882209027773 0.019770938166976431 -0.0095077292688138023 -0.00041834962081246582
leaf_weight=2.6033120774518457 8.980106123373842 3.0041549262823528 2.4993271683924831 2.5956865749321878 6.2779673827462821 6.5046857056440777 3.203985010390169 5.0504833193263021 3.2690559988841414 3.3335088524036101 20.700903384771664 4.7095418036915424 2.7066036594333118 12.538591140415518
leaf_count=551 114 87 128 31 234 180 68 202 77 39 484 69 54 194
internal_value=0.000188009 -0.000535149 0.00659376 -0.000564705 0.000744636 -1.95546e-06 0.00112689 4.48535e-05 -0.00822806 0.00172663 0.000149764 -0.00175286 0.00345359 0.00641993
internal_weight=87.9779 80.2796 7.69833 5.199 71.2995 68.2953 62.0174 58.8134 8.31954 50.4938 47.1603 40.6556 19.9547 17.2481
internal_count=2512 1802 710 582 1688 1601 1367 1299 279 1020 981 801 317 263
is_linear=0
shrinkage=0.03


Tree=317
num_leaves=15
num_cat=0
split_feature=8 8 7 19 37 47 31 23 38 48 43 44 33 39
split_gain=0.480103 1.03035 1.04504 1.39791 1.22029 0.795114 1.16506 0.956753 1.30756 1.07315 1.95761 1.41611 1.0414 1.59932
threshold=0.44455729424953466 0.33701570332050329 0.39019608497619634 0.49136669933795935 0.047942409291863448 0.040512928739190109 1.2261127233505251 0.081372559070587172 0.19508337974548343 0.024257265031337742 0.029552181251347068 0.04838219657540322 0.057285621762275703 0.041148228570818908
decision_type=2 2 2 2 2 2 2 2 2 2 2 2 2 2
left_child=1 2 -1 4 -4 6 -2 9 12 -7 11 -11 -9 -14
right_child=5 -3 3 -5 -6 7 -8 8 -10 10 -12 -13 13 -15
leaf_value=-0.0063809070486478226 -0.013449668725584032 -0.0060249190976576095 -0.0020292948509923717 -0.007964715963476917 0.020719000654622281 0.011861840529382538 0.0088644559600034988 -0.012274631407060256 0.008639643898071021 0.0085718227949198467 0.013724662825674125 -0.013674425916705878 0.014044184123772332 -0.011688368873442875
leaf_weight=4.125183440046384 4.360123046062653 23.012240541400388 2.2457983567146567 1.7909595026867462 5.0265183289302513 14.744142908093638 1.3379288637370335 8.1864888143609296 5.5039567705825894 1.9334284379146973 4.0903665467631063 6.5572818735381588 2.9816225185059002 1.8565018998924641
leaf_count=60 337 520 43 126 71 538 88 213 193 25 81 101 72 44
internal_value=0.000207537 -0.00233002 0.00386401 0.00910874 0.014448 0.00206595 -0.0068787 0.00348119 -0.00157426 0.00688504 1.98176e-05 -0.00765432 -0.00666565 0.00320067
internal_weight=87.7525 36.2007 13.1885 9.06328 7.27232 51.5518 5.69805 45.8538 18.5286 27.3252 12.5811 8.49071 13.0246 4.83812
internal_count=2512 820 300 240 114 1692 425 1267 522 745 207 126 329 116
is_linear=0
shrinkage=0.03


Tree=318
num_leaves=15
num_cat=0
split_feature=24 48 47 3 36 41 20 32 34 40 36 42 39 17
split_gain=0.492968 0.731919 0.673704 1.06471 1.35264 0.989157 1.12914 0.974707 2.66893 1.24012 1.02586 0.96796 0.929259 0.841863
threshold=0.001496362433862434 0.024257265031337742 0.14113168418407443 0.46862745285034185 0.0064589525572955617 0.032746426761150367 0.0056997292686545029 0.017537076026201252 0.039694020177411304 0.092980690300464644 0.002295846701599658 0.010932174976915123 0.038221631199121482 0.086203057318925871
decision_type=2 2 2 2 2 2 2 2 2 2 2 2 2 2
left_child=1 -1 5 -4 7 -2 13 8 9 -5 11 -11 -8 -7
right_child=2 -3 3 4 -6 6 12 -9 -10 10 -12 -13 -14 -15
leaf_value=0.0088759061652499832 0.010223708399012533 -0.0046947734878840788 -0.0092321896680354135 0.013526508141688237 -0.0063731694938759407 -0.0054604699440670519 -0.014901557466650435 0.01941332652074787 -0.016113033479062216 0.0079248386829251886 0.010698965731633937 -0.013819310982360283 0.0029334447175642644 0.0051853678153791051
leaf_weight=10.015950920147587 2.3161738516646428 3.304022246040403 4.342308514751493 12.213595614593951 6.6809932576725251 12.847731067522547 10.301586057292296 3.1564520688261828 2.9449687123997128 0.94333152522449282 2.0734526034793817 4.0534401367185637 2.2697851347038513 10.071618641086387
leaf_count=630 61 52 69 270 239 268 218 81 53 94 72 103 51 251
internal_value=0.00020853 0.00514043 -0.000748935 0.00205839 0.00412764 -0.00349538 -0.00496836 0.00726444 0.0039554 0.00838727 -0.00118489 -0.00819363 -0.0115149 -0.000621196
internal_weight=87.5354 13.32 74.2154 36.4085 32.0662 37.8069 35.4907 25.3852 22.2288 19.2838 7.07022 4.99677 12.5714 22.9193
internal_count=2512 682 1830 981 912 849 788 673 592 539 269 197 269 519
is_linear=0
shrinkage=0.03


Tree=319
num_leaves=15
num_cat=0
split_feature=9 34 24 28 0 22 0 0 36 12 48 14 14 31
split_gain=0.486279 1.03084 0.699214 1.16303 0.859759 0.65825 0.862736 1.07515 2.32932 1.37652 1.27475 1.19344 2.18447 1.09234
threshold=0.042747821658849723 0.0024393195779914534 0.16727875949187426 0.00080620879817444233 0.47965632379055029 0.011302724014967682 0.44675701856613165 0.48202167451381689 0.0045709654223173865 0.51529023051261913 0.015896022319793705 0.49872256815433508 0.525405913591385 0.77541399002075206
decision_type=2 2 2 2 2 2 2 2 2 2 2 2 2 2
left_child=2 -2 3 -1 -4 -3 -7 8 -8 10 -9 13 -13 -11
right_child=1 5 4 -5 -6 6 7 9 -10 11 -12 12 -14 -15
leaf_value=0.017440994774232894 -0.0091222171025905161 0.01129593433062916 -0.012427223162255073 -0.0076450659418266691 0.0093387059114915412 -0.0078219360881915476 0.018334850475142331 0.0032275892743012535 -0.010529163084519842 -0.0030726014983578479 -0.012622173834726597 -0.016201453966563421 0.0050086265665873339 0.011283605473613284
leaf_weight=4.1601536806992945 8.9153731445549038 2.9641068269556845 1.7502889567986133 0.79945923344348546 0.90242083117482241 8.8323718205210735 6.1256842671427858 5.732533139758746 1.9695001039654014 5.2439854803960797 10.48600157513283 5.0267487285891539 9.568793228681896 14.828343339730052
leaf_count=532 114 87 10 20 148 261 96 65 54 94 220 95 415 301
internal_value=0.000208043 -0.00051359 0.00660988 0.0119313 -0.0035465 0.000750439 0 0.00136552 0.0103205 -0.00033877 -0.007116 0.00296518 -0.00318759 0.0074585
internal_weight=87.3058 79.6934 7.61232 4.95961 2.65271 70.7781 67.814 58.9816 8.09518 50.8864 16.2185 34.6679 14.5955 20.0723
internal_count=2512 1802 710 552 158 1688 1601 1340 150 1190 285 905 510 395
is_linear=0
shrinkage=0.03


Tree=320
num_leaves=15
num_cat=0
split_feature=26 39 25 19 22 27 11 34 48 9 25 33 47 24
split_gain=0.469577 1.51853 1.32759 0.939983 0.839858 0.772836 1.88206 1.18484 1.17139 0.919969 1.44841 1.33009 0.902017 1.53412
threshold=0.036013042554259307 0.036317346617579467 0.032485084608197219 0.069811157882213606 0.042669285088777549 0.058194275945425041 0.62764728069305431 0.023780948067632854 0.02031667344272137 0.11388200893998147 0.022508093155920509 0.033511172980070121 0.074564751237630858 0.15796610169491529
decision_type=2 2 2 2 2 2 2 2 2 2 2 2 2 2
left_child=1 2 3 -1 -3 7 -7 8 12 10 11 -9 -5 -14
right_child=-2 4 -4 5 -6 6 -8 9 -10 -11 -12 -13 13 -15
leaf_value=0.014312222696765466 0.0071708017890820645 -0.017448496636802882 0.013717165614820044 -0.007047665779038325 0.002884865165134534 -0.018741869823513401 0.0053945962056211874 0.011677007825391116 -0.012012122056493992 -0.0051020586418099971 0.017740220517625763 -0.0090740610041174386 0.01025286569292126 -0.003418090912556712
leaf_weight=1.7327333101566171 5.9741145232692352 4.7477805870585135 4.6057595488382495 9.6351363159192243 1.4999784301035104 4.5803079453762603 3.6856283501256257 2.857992716017181 7.2842319306801064 3.3871080719400188 6.8118844635901041 4.4937268526991829 11.557752455235461 14.211506615509277
leaf_count=418 171 112 93 257 63 88 75 57 161 66 183 92 307 369
internal_value=0.000197953 -0.000439876 0.000847066 -0.000311755 -0.0126873 -0.00111969 -0.00873331 0.000123898 -0.00252705 0.00632416 0.00953544 0 0 0.00290225
internal_weight=87.0656 81.0915 74.8438 70.238 6.24776 68.5053 8.26594 60.2393 42.6886 17.5507 14.1636 7.35172 35.4044 25.7693
internal_count=2512 2341 2166 2073 175 1655 163 1492 1094 398 332 149 933 676
is_linear=0
shrinkage=0.03


Tree=321
num_leaves=15
num_cat=0
split_feature=8 8 7 19 41 24 20 39 41 23 41 42 35 13
split_gain=0.465857 0.992499 0.990526 1.32779 1.13254 1.07189 0.82018 1.29837 1.1671 1.36852 1.35801 0.842661 1.84985 1.14245
threshold=0.44455729424953466 0.33701570332050329 0.39019608497619634 0.49136669933795935 0.21638033539056781 0.082262496929501369 0.00020492023563811493 0.033215293660759933 0.14074732363224032 0.10784311592578889 0.032746426761150367 0.029186377301812175 0.061154004186391837 0.060281155630946166
decision_type=2 2 2 2 2 2 2 2 2 2 2 2 2 2
left_child=1 2 5 4 -4 -1 7 -2 10 -10 -8 13 -13 -12
right_child=6 -3 3 -5 -6 -7 8 -9 9 -11 11 12 -14 -15
leaf_value=0.006110497621889051 0.012636212828949927 -0.0059521597649672591 -0.0018577535389577213 -0.0077812997314901378 0.02019282965649595 -0.016102536126594704 0.013204554558352824 -0.0094044051272492539 0.01458513396691255 -0.0021715658247197359 0.0028616825574944876 0.013627053700840256 -0.010456335953878839 -0.013414419659400661
leaf_weight=2.0070936591364434 9.4807736474031099 22.788514604559168 2.2145827739732322 1.7609673986444248 4.9792905129725114 2.0497319211717695 1.7968825754942397 1.325087834149598 6.6593445905600657 7.4601591456157621 4.0530154763109811 3.7890411994885644 3.6637412109412253 12.799944596132262
leaf_count=26 878 520 44 126 70 34 22 27 96 244 113 74 57 181
internal_value=0.000199421 -0.00231306 0.00380445 0.00893092 0.0141509 -0.00622861 0.00203946 0.00865252 0 0.00637454 -0.00375086 -0.00602702 0.00176304 -0.00945267
internal_weight=86.8282 35.8002 13.0117 8.95484 7.19387 4.05683 51.028 10.8059 40.2221 14.1195 26.1026 24.3057 7.45278 16.853
internal_count=2512 820 300 240 114 60 1692 905 787 340 447 425 131 294
is_linear=0
shrinkage=0.03


Tree=322
num_leaves=15
num_cat=0
split_feature=31 22 9 24 47 28 30 27 48 18 9 34 36 34
split_gain=0.469286 0.608725 0.913399 1.3873 1.47794 1.24208 1.44897 1.5624 1.18304 1.05864 1.01573 1.44648 0.939515 1.29716
threshold=2.0346519947052006 0.035349013283848769 0.086041759699583067 0.24045259563896615 0.073436547070741667 0.010431895711500976 0.01177474018186331 0.035431310534477241 0.015579411294311287 0.03197473660111428 0.071025151759386076 0.030912152290790092 0.001215855358168483 0.001234087004061231
decision_type=2 2 2 2 2 2 2 2 2 2 2 2 2 2
left_child=1 2 5 4 -4 6 7 8 9 -1 -8 -12 13 -11
right_child=-2 -3 3 -5 -6 -7 10 -9 -10 12 11 -13 -14 -15
leaf_value=0.010743663932246269 -0.008793739467297142 -0.00422818832164809 0.010473525238448366 0.01698283595052261 -0.0036170845069174924 -0.01595191205396455 0.018601066802292524 -0.014656446843411448 0.016004254021101696 -0.0096743288060248556 -0.011194833477615466 0.012827582838105853 -0.013016310699480005 0.0080737514659750594
leaf_weight=2.9172349718428547 2.8909314100164911 15.487934042816049 8.9782290142029577 5.6869079190073526 15.051968471729195 2.4649952499894416 3.8549324061023054 5.4002910476992829 2.0507662953459649 4.4423498905962351 2.7834308471065015 2.2683825326384977 5.5914936610497525 6.6867895000614226
leaf_count=613 36 570 113 85 219 64 197 116 89 59 44 81 75 151
internal_value=0.000202978 0.000746911 0.00200814 0.00579649 0.00193246 -0.00098666 0.000744934 -0.00270918 0.00112522 -0.0016256 0.0100957 0 -0.00486114 0.000366328
internal_weight=86.5566 83.6657 68.1778 29.7171 24.0302 38.4607 35.9957 27.0889 21.6886 19.6379 8.90675 5.05181 16.7206 11.1291
internal_count=2512 2476 1906 417 332 1489 1425 1103 987 898 322 125 285 210
is_linear=0
shrinkage=0.03


Tree=323
num_leaves=15
num_cat=0
split_feature=9 5 33 1 35 39 18 5 25 34 33 36 4 22
split_gain=0.463408 1.0286 1.03828 1.30613 1.19047 1.10621 1.01329 0.988141 1.65068 1.05602 1.6461 1.51604 1.44991 1.09156
threshold=0.042747821658849723 0.056617416441440589 0.034048339352011688 0.1083420366048813 0.027371973730623726 0.019621268846094612 0.053924376145005233 0.081748697906732573 0.022508093155920509 0.068394986391838927 0.044671427458524711 0.0082224016077816504 0.56882748007774364 0.035715123638510711
decision_type=2 2 2 2 2 2 2 2 2 2 2 2 2 2
left_child=-1 -2 3 4 -3 -4 -6 8 -7 10 -9 -11 -13 -14
right_child=1 2 5 -5 6 7 -8 9 -10 11 -12 12 13 -15
leaf_value=0.0065060516393521091 -0.0077867030111754719 0.0020736285526747234 -0.010765595780597067 -0.0099976569826757695 0.00030227504816664945 -0.0066141386707343486 0.024448889413290795 0.0047009401067559988 0.017728355976064012 0.014094383535103987 -0.012125653679456304 -0.013460266328226307 0.017182681142389439 -0.00560265616964499
leaf_weight=7.4602383023011489 12.453922512388088 11.135102242114959 7.2467972853919482 1.9335763703566033 2.523323123867157 2.4458770233322857 4.0519082598621026 6.6909716760274049 4.7156701440108009 5.5940836619120082 11.92094774416182 4.217868381412698 1.9796602488495412 1.943438649876043
leaf_count=710 321 200 139 42 71 71 51 125 181 137 242 138 26 58
internal_value=0.000204139 -0.000501163 0.00100919 0.00647944 0.0092625 -0.00139908 0.0177639 0.00068262 0.00945824 -0.00161055 -0.00606178 0.00423432 -0.00368867 0.00730825
internal_weight=86.3134 78.8531 66.3992 19.6439 17.7103 46.7553 6.57523 39.5085 7.16155 32.347 18.6119 13.7351 8.14097 3.9231
internal_count=2512 1802 1481 364 322 1117 122 978 252 726 367 359 222 84
is_linear=0
shrinkage=0.03


Tree=324
num_leaves=15
num_cat=0
split_feature=45 45 18 48 42 38 19 8 37 37 23 3 21 12
split_gain=0.465627 1.22821 1.05284 1.22251 0.987418 0.910354 1.76476 1.24188 1.51332 1.50429 1.29764 1.25703 1.23784 1.17147
threshold=0.012643891386687757 0.011537612881511452 0.034081138670444495 0.0092685590498149412 0.016126629896461967 0.2259573116898537 0.38563680648803716 0.44455729424953466 0.064251434057950987 0.040398867800831802 0.050000011920928962 0.49607843160629278 0.018884702585637573 0.51811844110488903
decision_type=2 2 2 2 2 2 2 2 2 2 2 2 2 2
left_child=1 2 -1 -4 -5 7 -7 11 9 10 13 -2 -12 -9
right_child=5 -3 3 4 -6 6 -8 8 -10 -11 12 -13 -14 -15
leaf_value=0.014700430114595524 0.0061292310455293344 -0.014185667063168537 -0.010938251225958217 0.010746120183500026 -0.0076174089086557409 0.019210213468197044 -0.0015807751341849353 -0.001893169582739951 -0.0085194944892647215 0.016008218115308722 -0.017950086109553436 -0.011187668309975758 0.00078533979271573498 0.014220707946884896
leaf_weight=1.9611903045879469 3.455565523938275 4.7920591750153099 6.2127213567728159 5.5261133011081256 2.1497849887236953 4.8634466079529357 6.8031903904047795 6.0384021256177274 6.7272136490209951 7.0351694883429436 2.6631075630430123 12.088710995449217 8.6005310546024685 7.1406870155769866
leaf_count=499 47 100 119 81 31 102 247 127 176 211 42 283 152 295
internal_value=0.000212834 -0.00347522 0.000821538 -0.0025532 0.00478156 0.00148967 0.00840971 -0.000206371 0.0026533 0.00549699 0.00137621 -0.00690718 -0.00545689 0.00736335
internal_weight=86.0579 20.6419 15.8498 13.8886 7.6759 65.416 11.6666 53.7494 38.2051 31.4779 24.4427 15.5443 11.2636 13.1791
internal_count=2512 830 730 231 112 1682 349 1333 1003 827 616 330 194 422
is_linear=0
shrinkage=0.03


Tree=325
num_leaves=15
num_cat=0
split_feature=45 26 45 1 1 23 47 5 16 21 6 2 7 22
split_gain=0.478304 1.69474 1.41541 1.22114 1.24368 1.40899 1.46971 1.15884 0.967792 1.71265 1.29349 1.05255 1.01913 1.49325
threshold=0.035805663093924529 0.026402797549963001 0.04893689043819905 0.10446975007653238 0.098576750606298461 0.025490209460258487 0.040512928739190109 0.15138466656208041 0.0073728760619690163 0.01912455074489117 0.3660783469676972 0.30784314870834356 0.52745100855827343 0.029135359451174739
decision_type=2 2 2 2 2 2 2 2 2 2 2 2 2 2
left_child=1 3 -2 4 5 -1 -7 -3 10 -10 -8 -11 -12 -14
right_child=2 7 -4 -5 -6 6 8 -9 9 11 12 -13 13 -15
leaf_value=0.012634275694502418 -0.010927422824010527 0.017935377154113363 0.0081330269302044289 -0.0099703101274108887 0.015050608069684739 -0.016901953854049006 0.014783925069153988 -0.0037689651199722409 0.010415775178838968 0.00050214881516062683 -0.0099983569777103171 -0.015566930925795681 0.010322841081742459 -0.0046137201931434968
leaf_weight=4.7767582301457869 8.4550116744358075 6.0783936670923122 3.373020905070006 8.4876607006881368 3.2630207482725373 3.2857630366706863 4.6197153092362013 1.9373528697760773 2.8524276274256435 4.9072656889911732 5.0907823831948944 8.5210898791556229 10.187855874071831 9.9111404896248114
leaf_count=443 223 118 99 201 39 110 42 73 30 66 130 138 637 163
internal_value=0.000210662 0.00117273 -0.00488482 -0.000515685 0.00112005 -0.000172089 -0.00191301 0.012685 -0.00012358 -0.0056765 0.00298112 -0.0101963 -1.3808e-06 0.00307067
internal_weight=85.7473 73.9192 11.828 65.9035 57.4158 54.1528 49.376 8.01575 46.0903 16.2808 29.8095 13.4284 25.1898 20.099
internal_count=2512 2190 322 1999 1798 1759 1316 191 1206 234 972 204 930 800
is_linear=0
shrinkage=0.03


Tree=326
num_leaves=15
num_cat=0
split_feature=31 31 31 31 16 22 29 48 18 44 38 42 2 31
split_gain=0.458161 0.926157 1.60681 1.34843 1.19049 1.34782 0.902955 0.985252 0.87473 1.69014 1.00205 1.30667 0.834177 0.807604
threshold=0.70914399623870861 0.91442957520484935 0.96626582741737377 0.84817269444465648 0.00057891975518146457 0.046565726399421699 0.026416400447487835 0.0231431107968092 0.07380023226141931 0.045070741325616843 0.098111201077699675 0.0099957864731550234 0.43725490570068365 1.3990560770034792
decision_type=2 2 2 2 2 2 2 2 2 2 2 2 2 2
left_child=6 3 -3 4 5 -2 7 -1 9 13 -10 -12 -6 -4
right_child=1 2 8 -5 12 -7 -8 -9 10 -11 11 -13 -14 -15
leaf_value=-0.00017010412101552981 0.018574352224030619 -0.012406116713377087 -0.01337325993325906 0.015398179683071148 0.0016916184217891975 -0.008756319262999121 0.0053887904517296121 -0.018490238006936142 0.0063174760457726719 0.0079337663414063651 0.0064346320044796216 -0.013223691863801307 -0.013472936857036615 0.0061031534227323518
leaf_weight=5.9544831103412417 3.0681790525995924 7.1550408584589595 4.3342779393424307 6.9088626054071929 5.9667736872797814 0.81518923072144378 3.9527101315325117 3.3603133268188685 4.2049960946897036 23.255187504866626 2.5976415579207233 8.9638645472587068 3.7752823295304552 1.1420598232070913
leaf_count=117 140 230 293 240 130 13 115 68 66 664 25 321 47 43
internal_value=0.000217299 0.00121844 -0.000912193 0.00631635 0.000137863 0.0113009 -0.00447936 -0.00914436 0.00132557 0.00438752 -0.00395118 -0.00828806 -0.00522338 -0.00836419
internal_weight=85.4549 72.1874 51.6531 20.5343 13.6254 3.88337 13.2675 9.3148 44.498 28.7315 15.7665 11.5615 9.74206 5.47634
internal_count=2512 2212 1642 570 330 153 300 185 1412 1000 412 346 177 336
is_linear=0
shrinkage=0.03


Tree=327
num_leaves=15
num_cat=0
split_feature=45 26 45 1 1 23 47 5 46 16 21 14 2 7
split_gain=0.456209 1.61193 1.34576 1.16677 1.19663 1.36645 1.38739 1.11834 0.937864 0.912859 1.64146 1.03578 1.00147 0.99798
threshold=0.035805663093924529 0.026402797549963001 0.04893689043819905 0.10446975007653238 0.098576750606298461 0.025490209460258487 0.040512928739190109 0.15138466656208041 0.012250228784978391 0.0073728760619690163 0.01912455074489117 0.37233373522758489 0.30784314870834356 0.52745100855827343
decision_type=2 2 2 2 2 2 2 2 2 2 2 2 2 2
left_child=1 3 -2 4 5 -1 -7 -3 -5 11 -11 -8 -12 -13
right_child=2 7 -4 8 -6 6 9 -9 -10 10 12 13 -14 -15
leaf_value=0.012479524017086845 -0.010696025430643798 0.017580610655378574 0.0079035372833319486 0.0055422310171312503 0.014763107647015869 -0.016488562786851239 0.01331402730633827 -0.0037393600087433131 -0.01393837420381646 0.010191877043659744 0.00043396435842937077 -0.0096479181150885933 -0.015278909581599581 0.003251559613036038
leaf_weight=4.7294291551370398 8.4066562090301868 6.0381066234840537 3.3705399177270001 1.5033464389853159 3.2599738836288443 3.2639528118452281 4.734554857946935 1.930807215743698 6.9180425138911232 2.846960534341636 4.8952439604327074 5.1831303706276257 8.4302119619678688 19.712609008427535
leaf_count=443 223 118 99 22 39 110 45 73 179 30 66 130 138 797
internal_value=0.000202878 0.0011473 -0.00478062 -0.000504713 0.00109777 -0.000176064 -0.00189563 0.0124002 -0.00977669 -0.000146617 -0.00555624 0.00287578 -0.0100075 0
internal_weight=85.2236 73.4464 11.7772 65.4775 57.0561 53.7961 49.0667 7.96891 8.42139 45.8027 16.1724 29.6303 13.3255 24.8957
internal_count=2512 2190 322 1999 1798 1759 1316 191 201 1206 234 972 204 927
is_linear=0
shrinkage=0.03


Tree=328
num_leaves=15
num_cat=0
split_feature=47 17 36 0 37 23 40 28 45 30 33 23 1 41
split_gain=0.456439 1.12058 0.988717 1.23636 0.850693 1.5484 1.37768 1.21495 0.927767 1.2581 0.821237 0.783759 1.10895 1.82542
threshold=0.14113168418407443 0.1149582862854004 0.0076418877579271802 0.54501101374626171 0.032248752191662795 0.050000011920928962 0.027101208455860618 0.03586561743341405 0.035805663093924529 0.0053638676181435594 0.09911599382758142 0.11666667461395265 0.035369435325264938 0.21638033539056781
decision_type=2 2 2 2 2 2 2 2 2 2 2 2 2 2
left_child=1 4 3 11 5 8 -6 -7 9 -1 -4 12 -2 -14
right_child=2 -3 10 -5 6 7 -8 -9 -10 -11 -12 -13 13 -15
leaf_value=-0.0099534238333235815 -0.010277437637210953 -0.010148678694320906 -0.013485670731827009 0.012313634939466184 -0.005372644973951313 -0.016373511992023321 0.016658164119714047 0.0045807280178557907 -0.010306937067194861 0.0076257565210726894 0.0060136692927493258 -0.0080738276307779303 -0.0041028684566610995 0.015645328015216942
leaf_weight=2.5118872351522503 2.1841257686028319 8.9351473933784273 3.6296074873534954 10.389110021787927 2.6773268498945972 6.6381804610136879 4.5182830962585285 2.2018188864458352 2.3369738277979186 18.979692622975563 1.3131066835485397 5.1709415601217179 6.0837985897669551 7.402663114015013
leaf_count=228 45 250 140 397 36 113 202 19 33 629 48 156 114 102
internal_value=0.000209997 -0.00162085 0.00271398 0.0048027 0.000612444 -0.00149454 0.00874907 -0.0109954 0.00249245 0.00477096 -0.0076332 0.000176956 0.00367497 0.00716374
internal_weight=84.9727 48.7993 36.1734 31.2306 39.8642 32.6686 7.19561 8.84 23.8286 21.4916 4.94271 20.8415 15.6706 13.4865
internal_count=2512 1510 1002 814 1260 1022 238 132 890 857 188 417 261 216
is_linear=0
shrinkage=0.03


Tree=329
num_leaves=15
num_cat=0
split_feature=9 34 1 7 31 31 3 23 28 0 36 17 47 6
split_gain=0.464951 0.947559 0.672797 1.13704 0.608709 1.02813 1.27042 1.20779 1.20142 1.1747 1.19496 1.004 1.18839 1.04035
threshold=0.042747821658849723 0.0024393195779914534 0.034918297082185752 0.46470588445663458 0.76327523589134227 0.91442957520484935 0.51960787177085888 0.1862745136022568 0.00025300883677771026 0.44196970760822302 0.0076418877579271802 0.17939615249633792 0.051763538271188743 0.54313728213310253
decision_type=2 2 2 2 2 2 2 2 2 2 2 2 2 2
left_child=2 -2 3 -1 11 7 8 9 -7 -6 -11 12 -3 -14
right_child=1 4 -4 -5 5 6 -8 -9 -10 10 -12 -13 13 -15
leaf_value=-0.011281097938119568 -0.0088704314190923544 0.0084717881275039267 0.015144315851943153 0.010082776029219011 -0.0060720743232311903 -0.0042632237841213816 -0.0023985935378995531 -0.0090366983143809598 0.019921252141082639 0.020021622071297245 -0.0008574741513752371 0.005820918786857779 -0.016623129491535795 0.0047021356277065418
leaf_weight=2.4703325519803903 8.6809711251407844 1.3287903538439412 2.3764027417637408 2.4773663947489695 1.4969042842276383 1.745195606490596 35.794357096659951 1.3060182203771535 2.8912772985640913 8.0201963502913696 2.7059432340320191 4.3109810592140994 7.7268088628770766 1.4114841134287415
leaf_count=27 114 39 128 555 43 34 934 36 48 197 45 116 143 53
internal_value=0.00018251 -0.000530858 0.00654129 -0.000329026 0.000700962 0.00222118 -0.000216341 0.00878845 0.0118246 0.0119069 0.0152116 -0.00427417 -0.00893938 -0.0128071
internal_weight=84.743 77.4189 7.3241 4.9477 68.738 53.9599 40.4308 13.5291 4.63647 12.223 10.7261 14.7781 10.4671 9.13829
internal_count=2512 1802 710 582 1688 1337 1016 321 82 285 242 351 235 196
is_linear=0
shrinkage=0.03


Tree=330
num_leaves=15
num_cat=0
split_feature=9 5 42 34 15 12 3 45 16 45 27 36 43 39
split_gain=0.450468 0.929436 0.891033 0.876124 1.0079 1.13858 1.74521 1.5202 1.63948 1.40017 1.02137 0.865878 0.960686 0.835874
threshold=0.042747821658849723 0.056617416441440589 0.011210839729756119 0.0084324478588177227 0.5411137342453004 0.51529023051261913 0.70392158627510082 0.045706318691372878 1.0000000180025095e-35 0.019944171421229843 0.049210978671908386 0.0033647828968241815 0.020555240102112297 0.018152266740798954
decision_type=2 2 2 2 2 2 2 2 2 2 2 2 2 2
left_child=-1 -2 -3 -4 -5 9 11 8 10 13 -8 12 -7 -6
right_child=1 2 3 4 5 6 7 -9 -10 -11 -12 -13 -14 -15
leaf_value=0.006467711418606796 -0.0074892859609575393 0.010799052918820346 -0.0090976160180329963 0.0097070780719704514 -0.0053851267686227944 0.011359450475668258 -0.0082832914820165048 0.012122310505652425 -0.01467368661715234 -0.011549930957844529 0.010427901685095156 0.018051720700030627 -0.0090270097348825618 0.013110272586163233
leaf_weight=7.2777139995232565 12.218806696153477 5.3618950661038971 6.6959942798130205 8.1447815253050049 2.2771577161620398 1.9335908393841252 2.3789154397673 2.9461977784521869 8.0131654975702968 12.007047435734419 4.567867974517867 5.57740710710641 2.3897484189365059 2.729920524143381
leaf_count=710 321 86 134 165 23 57 112 65 137 347 159 108 49 39
internal_value=0.000192645 -0.000509043 0.000942217 -0.000216514 0.00114184 -0.000698704 0.00292177 -0.00259987 -0.00676375 -0.00645851 0.00326567 0.0119188 0.000325323 0.00513445
internal_weight=84.5202 77.2425 65.0237 59.6618 52.9658 44.821 27.8069 17.9061 14.9599 17.0141 6.94678 9.90075 4.32334 5.00708
internal_count=2512 1802 1481 1395 1261 1096 687 473 408 409 271 214 106 62
is_linear=0
shrinkage=0.03


Tree=331
num_leaves=15
num_cat=0
split_feature=31 22 9 24 28 31 34 22 6 8 13 26 8 45
split_gain=0.450851 0.57327 0.854501 1.23512 1.15398 1.33042 1.80632 1.38311 1.16644 1.15315 1.02648 0.960758 0.926298 1.33797
threshold=2.0346519947052006 0.035349013283848769 0.086041759699583067 0.24045259563896615 0.010431895711500976 0.70914399623870861 0.023551484606415835 0.014163523912429811 0.4294117689132691 0.53883650898933422 0.082164846360683455 0.010863399133086206 0.51604047417640697 0.019811719655990604
decision_type=2 2 2 2 2 2 2 2 2 2 2 2 2 2
left_child=1 2 4 10 5 -1 7 11 -9 -10 -4 -7 13 -12
right_child=-2 -3 3 -5 -6 6 -8 8 9 -11 12 -13 -14 -15
leaf_value=-0.010653143177281674 -0.0087303045574140883 -0.0041244966564965742 0.01619764240688551 0.016327958387050315 -0.015484663858729998 0.018123716076894912 0.016331097711046117 -0.010960610968613949 0.012972619548809164 -0.0069512040512398482 0.006248386779286243 -0.00016648329549866946 0.0068937652230524173 -0.010822572725017488
leaf_weight=5.3947362722246899 2.7616317706415421 15.150230741070116 1.8753974279388845 5.5725529942428684 2.3917819203052195 2.8776993421634023 5.501857454160926 10.021064546483105 3.3938101336243554 3.105839623050997 4.6299721058458116 4.7508945480221882 7.5049724048003545 9.3688469552434963
leaf_count=90 36 570 26 85 64 463 257 113 133 147 54 222 100 152
internal_value=0.000205706 0.000746031 0.00198948 0.00569687 -0.000945006 0.000748704 0.00346002 -0.000382418 -0.00525239 0.0037037 0.00195766 0.0087529 -0.000429228 -0.00491371
internal_weight=84.3013 81.5397 66.3894 28.9517 37.4377 35.0459 29.6512 24.1493 16.5207 6.49965 23.3792 7.62859 21.5038 13.9988
internal_count=2512 2476 1906 417 1489 1425 1335 1078 393 280 332 685 306 206
is_linear=0
shrinkage=0.03


Tree=332
num_leaves=15
num_cat=0
split_feature=36 42 36 9 34 27 45 11 8 48 5 42 2 48
split_gain=0.444651 1.06754 1.04255 0.726443 0.863995 1.25381 1.2473 1.19853 1.06559 1.11583 1.07716 1.27937 1.06252 0.995475
threshold=0.0092100454494357126 0.039453636854887016 0.015885276719927791 0.11746874824166299 0.014335517473118281 0.036582889035344131 0.020114826969802383 0.53529414534568798 0.50797918438911449 0.03835179656744004 0.081748697906732573 0.019363674335181717 0.35490196943283087 0.015579411294311287
decision_type=2 2 2 2 2 2 2 2 2 2 2 2 2 2
left_child=1 3 -2 4 5 13 7 -6 10 -10 11 -8 -12 -1
right_child=2 -3 -4 -5 6 -7 8 -9 9 -11 12 -13 -14 -15
leaf_value=-0.0017326650445192813 -0.012357555496947052 0.014426437610697493 0.0057656594841145725 -0.0059405487168370501 1.8258769776971783e-05 -0.014422056282641524 -0.0097740171228880221 0.02024896036756841 0.012699980730613208 -0.0094799985567851405 0.001486404912020396 0.01287647202243161 -0.017399017516518685 0.013137825541410547
leaf_weight=22.159041260449165 5.1906924697104824 2.999680754961445 2.9473541164770722 12.570280684740281 4.611592154134998 4.0161058206576845 1.7299198212567741 5.2677107555500697 6.7018694235594003 0.9220977472141384 3.5085278672631812 3.7741004746640101 4.7756467817234807 2.8464128555497146
leaf_count=891 153 79 54 373 71 72 22 231 284 5 62 69 60 86
internal_value=0.000215914 0.00101316 -0.00565539 5.04808e-05 0.00149785 -0.0020938 0.00484474 0.0126509 0.00034188 0.00829306 -0.00435819 0.00465001 -0.0103753 0.000696593
internal_weight=84.021 75.883 8.13805 72.8833 60.313 29.0216 31.2915 9.8793 21.4122 7.62397 13.7882 5.50402 8.28417 25.0055
internal_count=2512 2305 207 2226 1853 1049 804 302 502 289 213 91 122 977
is_linear=0
shrinkage=0.03


Tree=333
num_leaves=15
num_cat=0
split_feature=24 18 1 47 3 42 2 19 40 31 40 14 41 39
split_gain=0.441275 0.730325 1.05147 0.614057 1.00859 1.19291 0.870276 1.11146 1.23217 1.55587 1.0614 1.18104 0.844622 0.908513
threshold=0.001496362433862434 0.023527543991804126 0.056223612278699882 0.14113168418407443 0.46862745285034185 0.011533833574503662 0.40980392694473272 0.49136669933795935 0.059981796890497215 1.3184894919395449 0.046094270423054702 0.43170727789402014 0.039054034277796752 0.023041900247335437
decision_type=2 2 2 2 2 2 2 2 2 2 2 2 2 2
left_child=1 2 -1 12 -5 -6 7 8 -7 -10 -8 -12 -2 -14
right_child=3 -3 -4 4 5 6 10 -9 9 -11 11 -13 13 -15
leaf_value=0.0084155243831936111 0.0076275662642630625 0.008176054640615384 -0.016909903831399981 -0.0091229299541163832 0.014912217108038073 -0.0012610801377373616 0.011552551214136952 -0.010354796524523828 0.024580027175803904 -0.0033796012917377736 -0.014915499304241936 0.0014746699858034624 -0.0090705582049042267 0.00055903603824297623
leaf_weight=0.89316482182766721 3.5128863430581978 10.633115214062853 1.2131241350434718 4.1522339426446697 5.1967113761056707 4.5755790728144365 1.4061661846935738 1.154158679768442 4.1037440884392709 1.6749316063942385 5.997581501491366 6.6045432276441716 18.545343624369707 14.091605948808136
leaf_count=353 99 302 27 69 193 144 18 94 104 34 100 225 416 334
internal_value=0.0002168 0.00497326 -0.0065719 -0.000708223 0.00202358 0.00408784 0.000850692 0.0064891 0.00998183 0.0173051 -0.00382609 -0.00709479 -0.00338958 -0.00503399
internal_weight=83.7549 12.7394 2.10629 71.0155 34.8656 30.7134 25.5167 11.5084 10.3543 5.77868 14.0083 12.6021 36.1498 32.6369
internal_count=2512 682 380 1830 981 912 719 376 282 138 343 325 849 750
is_linear=0
shrinkage=0.03


Tree=334
num_leaves=15
num_cat=0
split_feature=4 42 42 39 44 26 27 9 29 12 14 22 23 5
split_gain=0.439429 0.924408 1.18931 1.29827 1.0363 0.861689 1.04604 1.70296 1.05617 1.02055 0.982664 1.46941 0.847009 0.85794
threshold=0.46050645411014562 0.020549409091472629 0.016956037841737274 0.020954266190528873 0.13499646633863452 0.024591904133558277 0.077367421239614501 0.090819686651229872 0.031370786949992187 0.49519173800945288 0.42854098975658422 0.029574539512395862 0.025490209460258487 0.041835948824882514
decision_type=2 2 2 2 2 2 2 2 2 2 2 2 2 2
left_child=-1 2 3 4 12 9 7 -7 -8 -3 -11 -12 -2 -14
right_child=1 5 -4 -5 -6 6 8 -9 -10 10 11 -13 13 -15
leaf_value=-0.0026706764978455871 0.012411645159319138 0.0058607279650201372 0.015860976739533215 -0.013510317410447033 0.014463647301432054 -0.009204419003919672 -0.011667480652291435 0.015134468943768249 0.0071118479579220933 -0.018653775576830949 0.0095521275282430349 -0.011877381888609741 0.0064573385825145253 -0.0094962199050778844
leaf_weight=28.270184587629046 1.5217112751706796 3.1449145348742631 5.8394932655501171 2.2107574188848949 4.5553608221816821 1.9014769357163475 4.6986388491932294 7.241008082870394 2.5979741190094501 4.5549160749651474 3.4796699288999662 4.0269693663576618 2.7082653233373986 6.8348709315760061
leaf_count=590 315 39 201 50 252 46 112 119 72 56 202 91 247 120
internal_value=0.000219297 0.00179026 0.00605688 0.00141904 0.00499595 -0.00148229 0.00300941 0.00905964 -0.00456684 -0.00629781 -0.010064 -0.0017085 -0.000289692 -0.00437446
internal_weight=83.5862 55.316 23.6705 17.831 15.6202 31.6456 16.4391 9.14249 7.29661 15.2065 12.0616 7.50664 11.0648 9.54314
internal_count=2512 1922 1185 984 934 737 349 165 184 388 349 293 682 367
is_linear=0
shrinkage=0.03


Tree=335
num_leaves=15
num_cat=0
split_feature=36 30 42 4 9 48 13 17 34 22 27 11 27 42
split_gain=0.431964 1.04119 1.02172 0.783047 0.727046 0.841662 0.901788 0.879157 0.805337 1.21504 1.12123 1.18125 0.756078 1.14073
threshold=0.0092100454494357126 0.025666889734566215 0.039453636854887016 0.56882748007774364 0.11746874824166299 0.039766497910022743 0.15818733721971515 0.056844661012291915 0.014335517473118281 0.027039277367293838 0.058194275945425041 0.64117649197578441 0.036582889035344131 0.0072530708275735387
decision_type=2 2 2 2 2 2 2 2 2 2 2 2 2 2
left_child=2 -2 4 -3 8 6 7 -6 9 12 -10 -12 13 -1
right_child=1 3 -4 -5 5 -7 -8 -9 10 -11 11 -13 -14 -15
leaf_value=-0.0064196567377250964 -0.013866255153940858 -0.0062325878841796353 0.01414090173536937 0.012520733718050415 0.0058779044831868141 0.0078313701415888178 0.0059568907722272286 -0.015156819084111539 0.0077735236386977701 -0.010919580230408959 -0.011784604114460822 0.0085089744713230542 -0.0096975162353294571 0.0082381414464015451
leaf_weight=4.8672773584185149 4.0106523210415599 1.9458953711437059 2.9915480380877844 2.1264475816860795 0.8253581584431221 1.5313250345643599 1.5401732462923963 8.5915698548778874 23.93239456994343 7.5598424086347213 4.8244651398854321 2.2222892827121541 2.2901949388906351 14.101949623043764
leaf_count=351 114 58 79 35 12 37 65 259 676 123 64 64 38 537
internal_value=0.000220119 -0.0055809 0.00101014 0.00396437 6.02651e-05 -0.00594846 -0.00901736 -0.0123437 0.00151558 -0.00196076 0.00476331 -0.00458687 0.00176102 0.00408048
internal_weight=83.3614 8.083 75.2784 4.07234 72.2868 12.4884 10.9571 9.41693 59.7984 28.8193 30.9791 7.04675 21.2594 18.9692
internal_count=2512 207 2305 93 2226 373 336 271 1853 1049 804 128 926 888
is_linear=0
shrinkage=0.03


Tree=336
num_leaves=15
num_cat=0
split_feature=4 14 6 9 17 17 31 2 41 31 23 22 41 36
split_gain=0.430383 0.818922 1.48026 0.803971 0.84374 0.876332 0.78736 0.720957 0.699942 1.25323 1.69887 1.49683 0.997645 0.978339
threshold=0.46050645411014562 0.37405374646186834 0.33529412746429449 0.044867478311061866 0.038738010451197631 0.053469233214855201 0.68967929482460033 0.5000000149011613 0.14074732363224032 1.1537163853645327 0.15294117480516436 0.022203389555215839 0.10726378485560419 0.0035784622887149457
decision_type=2 2 2 2 2 2 2 2 2 2 2 2 2 2
left_child=1 2 -1 -2 7 6 -6 -5 12 10 11 -10 13 -7
right_child=3 -3 -4 4 5 8 -8 -9 9 -11 -12 -13 -14 -15
leaf_value=-0.0033182486871273869 0.012945418947332903 -0.012010680683150702 0.014662089437016156 0.0050379326246495805 -0.0042569110501473519 -0.0052317075299891502 0.017454417647751026 -0.01806889814867526 -0.00017042673363691548 -0.00727491925772195 -0.0053509111441235385 0.021541478496890667 -0.010735705707483277 0.0071773302955154637
leaf_weight=20.570262740948245 3.2900648274735422 4.5784467627527183 3.0410713804885736 0.50530389591585789 0.91607491206377645 9.3835880117840187 3.1949103373917751 1.7425040206871925 3.8802128722891229 4.3415281780762589 4.2378479256294659 6.3746209689415991 7.6694887205376281 9.387894807267001
leaf_count=488 687 60 42 47 8 176 108 79 82 99 141 137 169 189
internal_value=0.000211555 -0.00264966 0 0.00177428 0.000550339 0.00164477 0.0123156 -0.0122419 0.000132365 0.00436241 0.00848991 0.0143943 -0.00287014 0.000923337
internal_weight=83.1138 28.1898 23.6113 54.924 51.634 49.3862 4.11099 2.24781 45.2752 18.8342 14.4927 10.2548 26.441 18.7715
internal_count=2512 590 530 1922 1235 1109 116 126 993 459 360 219 534 365
is_linear=0
shrinkage=0.03


Tree=337
num_leaves=15
num_cat=0
split_feature=45 26 45 1 1 23 17 43 13 9 11 38 24 21
split_gain=0.431525 1.52599 1.18535 1.03501 1.10001 1.20813 1.63151 1.70666 0.947049 0.933044 1.49212 1.37304 1.14069 0.894995
threshold=0.035805663093924529 0.026402797549963001 0.04893689043819905 0.10446975007653238 0.098576750606298461 0.025490209460258487 0.069082275032997145 0.024226451292634014 0.14845907688140872 0.093341149389743819 0.50392159819602977 0.16946524381637576 0.078659582039337497 0.12999725341796878
decision_type=2 2 2 2 2 2 2 2 2 2 2 2 2 2
left_child=1 3 -2 4 5 -1 -7 -8 -3 10 11 -9 -13 -11
right_child=2 8 -4 -5 -6 6 7 9 -10 13 -12 12 -14 -15
leaf_value=0.01188618041963577 -0.010273530627159536 0.016884727472782548 0.0073440271812464193 -0.0093321462204237031 0.014241062859654222 -0.011616722192384826 0.0128852486312726 -0.015694670710992644 -0.0031429567059611608 -0.01697275522324837 0.0087676887274010205 0.013663235016795153 -0.0041356906839582885 0.0048877910628327111
leaf_weight=4.5196604059601659 8.2144399537937698 5.9562472561665336 3.2771648024208835 8.1670110240229388 3.1756659878883502 9.7949840504224976 6.7141832346096626 4.7189415781176747 1.8325756863341665 3.9038599757477632 9.9152847812802047 2.5532895391806951 9.0888481754227524 1.0709482664242385
leaf_count=443 223 123 99 201 39 316 81 66 68 118 419 58 228 30
internal_value=0.000210509 0.00114499 -0.00468311 -0.000491261 0.00103806 -0.000203847 -0.00183999 0.00106243 0.0121867 -0.00200968 0.000437487 -0.0048526 0.000978778 -0.0117845
internal_weight=82.9031 71.4115 11.4916 63.6227 55.4557 52.28 47.7603 37.9654 7.78882 31.2512 26.2764 16.3611 11.6421 4.97481
internal_count=2512 2190 322 1999 1798 1759 1316 1000 191 919 771 352 286 148
is_linear=0
shrinkage=0.03


Tree=338
num_leaves=15
num_cat=0
split_feature=31 22 41 41 9 22 10 31 38 12 9 9 37 22
split_gain=0.42786 0.541348 0.814566 1.56735 1.14196 1.26559 1.3622 0.857692 1.4006 1.43522 1.43386 1.10804 1.6653 0.983566
threshold=2.0346519947052006 0.035349013283848769 0.13215573132038119 0.12098061665892602 0.084884762763977065 0.013491888530552389 0.34294123947620397 1.2261127233505251 0.042852912098169334 0.59289675951004039 0.12181016802787782 0.10517222806811334 0.01907346956431866 0.011532245203852655
decision_type=2 2 2 2 2 2 2 2 2 2 2 2 2 2
left_child=1 2 3 7 5 -4 -7 8 13 10 11 12 -10 -1
right_child=-2 -3 4 -5 -6 6 -8 -9 9 -11 -12 -13 -14 -15
leaf_value=0.006639628469673935 -0.0085295846712225842 -0.0040133058543696202 0.011723833123315564 -0.017106252403077574 0.01267296276316025 -0.010989477277345188 0.0069339644937113972 0.0086167985357370122 0.0098408630356836713 0.015313694526247149 -0.016768399492041425 0.014767619256347902 -0.0094548097226680207 -0.017253244475233728
leaf_weight=0.65754921839107083 2.7105087887030086 14.889682778535642 4.2602188391902081 2.7169647449045433 10.417208452709017 7.9866964265238476 4.2641746312147006 8.3787730750700558 4.6202213788055877 3.7143069022276896 2.4997076741419724 2.7087977551855138 8.1971840141632111 4.6482494060619501
leaf_count=232 36 570 217 56 185 95 151 227 122 200 35 30 202 154
internal_value=0.000218414 0.000752465 0.00197488 -0.000796883 0.00578823 0.000382514 -0.00444275 0.00122115 -0.00140227 0.00211996 -0.00170673 0.00218382 -0.00190747 -0.0128745
internal_weight=82.6702 79.9597 65.0701 38.1418 26.9283 16.5111 12.2509 35.4248 27.046 21.7402 18.0259 15.5262 12.8174 5.3058
internal_count=2512 2476 1906 1258 648 463 246 1202 975 589 389 354 324 386
is_linear=0
shrinkage=0.03


Tree=339
num_leaves=15
num_cat=0
split_feature=24 18 1 47 3 36 7 41 20 8 10 45 10 18
split_gain=0.421515 0.716076 1.00079 0.583317 0.948907 1.30625 0.902391 0.802033 0.935367 0.977334 1.03085 0.949357 0.871098 0.989179
threshold=0.001496362433862434 0.023527543991804126 0.056223612278699882 0.14113168418407443 0.46862745285034185 0.0049454607069492349 0.76666668057441723 0.039054034277796752 0.0056997292686545029 0.68330937623977672 0.47254902124404913 0.044713219627738006 0.38627451658248907 0.052173214033246047
decision_type=2 2 2 2 2 2 2 2 2 2 2 2 2 2
left_child=1 2 -1 7 -5 -6 -7 -2 9 10 12 -10 13 -9
right_child=3 -3 -4 4 5 6 -8 8 11 -11 -12 -13 -14 -15
leaf_value=0.0081848209433799304 0.0074756459188755247 0.0080968710780021519 -0.01664140174960865 -0.0088603636529223026 0.0079004245532475585 -0.010532197801206721 0.0058544555780107284 -0.012402706038180271 -0.014152212991922316 0.012792293495955833 -0.013343851681674365 0.0055699858924998652 0.0097136758335461086 0.0037618020221782005
leaf_weight=0.86374352516577291 3.4400404763728138 10.457153203285996 1.1959166295127941 4.1032923511229447 21.254375958000313 5.9589053998934087 3.0038666824693792 4.2929118126630836 10.061081005522281 1.9848426350217767 4.4969834716466712 1.3175832210108627 4.4664089856669298 5.5354640409350395
leaf_count=353 99 302 27 69 602 199 111 34 235 125 136 31 139 50
internal_value=0.000214105 0.00489905 -0.00658806 -0.000695831 0.00198544 0.00400996 -0.00470044 -0.00332896 -0.00494276 -0.000729218 -0.00339482 -0.011153 0.000804576 -0.00394832
internal_weight=82.4326 12.5168 2.05966 69.9158 34.3204 30.2171 8.96277 35.5953 32.1553 20.7766 18.7918 11.3787 14.2948 9.82838
internal_count=2512 682 380 1830 981 912 310 849 750 484 359 266 223 84
is_linear=0
shrinkage=0.03


Tree=340
num_leaves=15
num_cat=0
split_feature=36 42 30 4 24 9 1 16 44 2 34 42 34 34
split_gain=0.425348 0.977193 0.96943 0.747082 0.663754 0.90532 0.977634 0.948189 0.885731 0.841118 0.794478 1.21612 1.09224 0.829013
threshold=0.0092100454494357126 0.039453636854887016 0.025666889734566215 0.56882748007774364 0.001496362433862434 0.11746874824166299 0.091291546821594252 0.0073728760619690163 0.085159339010715498 0.30784314870834356 0.014335517473118281 0.026266747154295448 0.038503118146929832 0.006341700746161574
decision_type=2 2 2 2 2 2 2 2 2 2 2 2 2 2
left_child=1 4 -2 -4 -1 6 7 10 -8 -9 13 12 -12 -6
right_child=2 -3 3 -5 5 -7 8 9 -10 -11 11 -13 -14 -15
leaf_value=0.0061242551630910471 -0.013589198337392368 0.013882187431763005 -0.0062361491406189035 0.0121099423324737 0.0033337079276999802 -0.0086503652582169965 -0.0052246179714930058 0.0025954137665560126 0.01267380256542794 -0.011970344253274697 0.016365910830434181 -0.0050994070190574937 -0.0053469090416755488 -0.0091478342344549629
leaf_weight=11.483456786896566 3.9601465109735718 2.9554391523124641 1.9202927397564051 2.1075474284589291 7.9513981003547105 9.9551557452941761 1.8750146990641932 3.9057688061147919 7.2292671131435782 9.1560333854285982 7.2646239926980325 3.873260943859349 1.399618594034109 7.1970880451699486
leaf_count=669 114 79 58 35 292 352 25 53 116 129 249 116 56 169
internal_value=0.000205402 0.000996783 -0.0055766 0.00369861 5.74218e-05 -0.0012194 0.000483082 -0.00153635 0.00844039 -0.00764939 0.00156768 0.00670654 0.0122321 -0.00279665
internal_weight=82.2341 74.2461 7.98799 4.02784 71.2907 59.8072 49.8521 40.7478 9.10428 13.0618 27.686 12.5375 8.66424 15.1485
internal_count=2512 2305 207 93 2226 1557 1205 1064 141 182 882 421 305 461
is_linear=0
shrinkage=0.03


Tree=341
num_leaves=15
num_cat=0
split_feature=31 31 31 4 36 23 29 48 18 44 38 42 1 31
split_gain=0.4174 0.84733 1.46186 1.27403 1.71678 1.4157 0.813423 0.917799 0.770015 1.5868 0.965239 1.1579 0.737902 0.717367
threshold=0.70914399623870861 0.91442957520484935 0.96626582741737377 0.43206475675106054 0.0076418877579271802 0.1862745136022568 0.026416400447487835 0.0231431107968092 0.07380023226141931 0.045070741325616843 0.098111201077699675 0.0099957864731550234 0.097726613283157363 1.3990560770034792
decision_type=2 2 2 2 2 2 2 2 2 2 2 2 2 2
left_child=6 3 -3 -2 5 -5 7 -1 9 13 -10 -12 -11 -4
right_child=1 2 8 4 -6 -7 -8 -9 10 12 11 -13 -14 -15
leaf_value=-2.0877854092747563e-05 -0.0063198226791860799 -0.012021920987460879 -0.013028741841621047 0.01795712848603228 -0.0057132440708980384 -0.0072252345315241204 0.0051071329231079264 -0.017938336214139573 0.0064101093047770731 0.010734960386196181 0.0059486007346688172 -0.012882750187252835 -0.00068753365837210059 0.005618986060361977
leaf_weight=5.7359905054909159 4.0330236424924832 6.8783041422284432 4.1892798192930085 11.039504830470831 3.5097183093894264 1.0785589809529472 3.8308037333190432 3.2388477155473083 4.0352363085839889 16.320015961951871 2.4792190862353882 8.5236978719476593 6.0702850217930964 1.0722573474486123
leaf_count=117 104 230 293 378 61 27 115 68 66 607 25 321 57 43
internal_value=0.000198815 0.00118023 -0.000896604 0.0061541 0.0098952 0.0147973 -0.00434693 -0.00885095 0.0012866 0.00420684 -0.00377051 -0.00814656 0.00771274 -0.00831443
internal_weight=82.0347 69.2291 49.5683 19.6608 15.6278 12.1181 12.8056 8.97484 42.69 27.6518 15.0382 11.0029 22.3903 5.26154
internal_count=2512 2212 1642 570 466 405 300 185 1412 1000 412 346 664 336
is_linear=0
shrinkage=0.03


Tree=342
num_leaves=15
num_cat=0
split_feature=9 34 8 38 37 40 18 30 31 31 18 31 44 19
split_gain=0.418791 0.856936 0.723985 1.04507 1.25928 1.22282 1.14228 1.25506 1.12244 1.41312 1.01009 0.949435 1.26241 1.00081
threshold=0.042747821658849723 0.001645875548801081 0.25302921235561376 0.19508337974548343 0.064251434057950987 0.13685292005538943 0.075556103140115752 0.012459323275834324 0.81899198889732372 0.91442957520484935 0.078925814479589476 0.99770140647888195 0.033654585480690009 0.22148578613996509
decision_type=2 2 2 2 2 2 2 2 2 2 2 2 2 2
left_child=-1 -2 -3 4 8 6 -5 -8 10 -10 -4 -11 -13 -14
right_child=1 2 3 5 -6 -7 7 -9 9 11 -12 12 13 -15
leaf_value=0.0062994656289307883 -0.010055468414995192 -0.012254841520933308 -0.0096165186670381861 0.017935746958021827 -0.012553258573096183 -0.0071244059860596362 0.01121901237339579 -0.01037141041049322 0.016071548441589981 -0.0081466638319174396 0.0071094549472868092 -0.011495236331716752 0.009777420270161867 -0.0042854688436364616
leaf_weight=7.0458337006930369 5.6641090293414882 1.7761334367096413 11.041679086541988 7.0348818846396153 5.1903528662514864 2.4699837976368135 2.8442199926357716 2.8344561423291452 4.8828353859425979 6.0396620579995242 2.5099316374398759 2.2354123508848742 15.732258298347007 4.4984123222529879
leaf_count=710 76 62 187 111 139 79 57 170 125 136 97 78 345 140
internal_value=0.000171801 -0.000515762 0.000485007 0.00120834 -0.000824921 0.00764735 0.0112994 0.000157219 0.000870633 0.00384195 -0.00580984 0.000732436 0.00371289 0.00641128
internal_weight=81.8002 74.7543 69.0902 67.3141 52.1305 15.1835 12.7136 5.67868 46.9402 33.3886 13.5516 28.5057 22.4661 20.2307
internal_count=2512 1802 1726 1664 1247 417 338 227 1108 824 284 699 563 485
is_linear=0
shrinkage=0.03


Tree=343
num_leaves=15
num_cat=0
split_feature=4 11 29 11 31 26 19 10 12 30 14 31 30 22
split_gain=0.433854 0.755033 1.03283 0.923432 0.676234 0.823002 0.651557 0.932081 0.851577 1.07638 1.07413 1.39918 1.04747 1.03989
threshold=0.72129708528518688 0.70000001788139354 0.031370786949992187 0.68823531270027172 1.0747852325439455 0.032505372539162643 0.069811157882213606 0.47254902124404913 0.51529023051261913 0.013350695371627809 0.34915784001350408 0.98346406221389782 0.011962593533098699 0.023439253680408004
decision_type=2 2 2 2 2 2 2 2 2 2 2 2 2 2
left_child=1 3 -3 6 5 -2 -1 8 9 12 -10 -12 -8 -11
right_child=4 2 -4 -5 -6 -7 7 -9 10 13 11 -13 -14 -15
leaf_value=0.012550185413447587 0.016203821104315116 -0.012593041598104543 0.007045181979093513 0.014285888002930467 -0.0048583907686900289 -0.0060229713420233855 -0.00085955449112401809 -0.011455191001486719 0.019165985493212502 -0.00056681815062147197 -0.0067839301101597924 0.010685582665898941 0.013701502027501093 -0.016150418221589306
leaf_weight=1.3893853099725664 3.8607343483599825 6.9792521412018669 1.6231581298634408 2.1813476773095308 1.6958658386138266 0.6278196689672767 25.758454534341585 4.7919764409743939 2.2491828752681604 8.94928977685049 6.9753837045864184 5.5889825448975898 3.2642596279038107 5.6311356008809517
leaf_count=307 218 225 52 52 85 19 481 200 33 99 188 200 68 285
internal_value=0.000150315 -0.00051203 -0.00797463 0.000609608 0.00674245 0.0117344 -0.000222316 -0.000925386 0.000239341 -0.00184601 0.00604537 0.00118126 0.0014592 -0.00798847
internal_weight=81.5662 75.3818 8.60241 66.7794 6.18442 4.48855 64.5981 63.2087 58.4167 43.6031 14.8135 12.5644 29.0227 14.5804
internal_count=2512 2190 277 1913 322 237 1861 1554 1354 933 421 388 549 384
is_linear=0
shrinkage=0.03


Tree=344
num_leaves=15
num_cat=0
split_feature=8 47 40 19 37 41 18 23 20 39 41 23 41 22
split_gain=0.409596 0.814061 1.51325 1.43161 0.903549 1.18343 0.945477 1.09371 0.770071 1.19916 1.00576 1.23634 1.11199 1.03172
threshold=0.44455729424953466 0.20215000957250598 0.029791835695505146 0.14611504226922992 0.066070549190044417 0.21638033539056781 0.07380023226141931 0.10460804775357248 0.00020492023563811493 0.033215293660759933 0.14074732363224032 0.10784311592578889 0.032746426761150367 0.022315353155136112
decision_type=2 2 2 2 2 2 2 2 2 2 2 2 2 2
left_child=1 2 3 -1 5 -3 7 -6 9 -2 12 13 -10 -12
right_child=8 4 -4 -5 6 -7 -8 -9 10 -11 11 -13 -14 -15
leaf_value=-0.0082629353318620126 0.012496493576779344 -0.0050311507937526867 -0.015440836148172118 0.011139037577193095 -0.0071037082204933218 0.018827460963903687 -0.011102039051753106 0.011350060737309261 0.011997820580492969 -0.0089413918812094942 -0.0020533286840748589 -0.0022590579226052275 -0.005821660711800734 0.020096513511347214
leaf_weight=5.0010724123567361 8.8848143365030392 1.6130594034912089 7.1049002276558886 4.6533259299467318 3.1218991355271992 3.103629297867883 4.3422878262936138 4.6930558501626365 1.630434922757561 1.2836660823086266 1.8971052068809493 7.0707896821550094 22.736604329111287 4.2491161131765693
leaf_count=63 878 52 214 85 47 63 181 115 22 27 36 244 425 60
internal_value=0.000168589 -0.00225196 -0.00662738 0.00113796 0.00217656 0.0111529 -0.0021777 0.00372718 0.00195573 0.00851885 -8.48534e-05 0.00598619 -0.00369593 0.0140658
internal_weight=81.3858 33.6332 16.7593 9.6544 16.8739 4.71669 12.1572 7.81495 47.7525 10.1685 37.5841 13.217 24.367 6.14622
internal_count=2512 820 362 148 458 115 343 162 1692 905 787 340 447 96
is_linear=0
shrinkage=0.03


Tree=345
num_leaves=15
num_cat=0
split_feature=4 11 29 11 40 37 8 19 10 12 30 42 18 18
split_gain=0.410997 0.721293 1.00159 0.892155 0.813745 0.653876 0.834447 0.627351 0.933736 0.882342 1.0358 1.22442 1.7758 1.01217
threshold=0.72129708528518688 0.70000001788139354 0.031370786949992187 0.69215688109397899 0.001745715504512191 0.062256423756480224 0.68031805753707897 0.069811157882213606 0.47254902124404913 0.51529023051261913 0.013350695371627809 0.019705641083419326 0.055260380730032928 0.075556103140115752
decision_type=2 2 2 2 2 2 2 2 2 2 2 2 2 2
left_child=1 3 4 7 -3 -2 -7 -1 9 10 11 13 -13 -9
right_child=5 2 -4 -5 -6 6 -8 8 -10 -11 -12 12 -14 -15
leaf_value=0.012427591994695706 0.013835074534247717 0.0052439754177165347 0.0069721398827320216 0.014937547131187532 -0.015771302848552833 0.0088605607960171046 -0.011370275595983656 0.0016402806663969385 -0.011145693813465656 0.0062360779258848146 -0.0078372254030784315 -0.0049198993114668646 0.018891160418141772 -0.011577562756398093
leaf_weight=1.3702024781450735 2.8315980412880881 0.80489339405903404 1.62142744846642 1.7122444508640899 6.1218123018625192 1.4682271304191092 1.8494060228113083 15.137942938948987 5.070597650264971 14.891089567681773 14.467746512120355 3.3190403354819846 5.010254566790536 5.4602937407325944
leaf_count=310 191 34 52 38 191 57 74 295 206 424 385 39 79 137
internal_value=0.000174129 -0.000471903 -0.00778656 0.000625415 -0.0123655 0.00660273 -0.00188775 -0.000144601 -0.000834376 0.00035289 -0.00178564 0.00145507 0.00999707 -0.00244537
internal_weight=81.1368 74.9875 8.54813 66.4394 6.92671 6.14923 3.31763 64.7272 63.357 58.2864 43.3953 28.9275 8.32929 20.5982
internal_count=2512 2190 277 1913 225 322 131 1875 1565 1359 935 550 118 432
is_linear=0
shrinkage=0.03


Tree=346
num_leaves=15
num_cat=0
split_feature=36 25 30 27 34 48 42 48 46 20 19 24 36 36
split_gain=0.405023 0.962567 0.894731 0.859942 1.10331 1.2268 1.08321 1.08341 1.26244 1.01338 1.29425 1.17529 1.16287 1.15094
threshold=0.0092100454494357126 0.03203695826232434 0.025666889734566215 0.058194275945425041 0.023780948067632854 0.02031667344272137 0.016742637380957607 0.028075506910681728 0.0050683242734521636 0.0016228971048513304 0.20530384033918384 0.15796610169491529 0.0013353335089050236 0.0015482241869904103
decision_type=2 2 2 2 2 2 2 2 2 2 2 2 2 2
left_child=1 3 -2 4 5 9 -6 8 -8 13 -11 -12 -13 -1
right_child=2 -3 -4 -5 6 -7 7 -9 -10 10 11 12 -14 -15
leaf_value=0.014423191443175949 -0.013227769002664397 0.010067737315590998 0.0034785817510836381 -0.0082640399048878876 -0.0060519444186207007 -0.011552612623196696 -0.0021037280260152156 -0.0037890682009107295 0.018868634225611032 -0.012917899092868928 0.010513640008015026 -0.010421993688891035 0.0062224521140678115 -0.0032653204678111656
leaf_weight=6.4445955311603011 3.885616553714498 7.2036882530665016 3.9701033371966332 8.3346687825978716 2.8965992046578348 6.8088517937867428 2.5997131243057074 2.659550161974038 8.6264979015686531 5.6088549694977727 6.259717087843458 7.1302696165512298 4.4937678297283128 4.0477385869016871
leaf_count=626 114 223 93 175 70 167 75 65 243 63 94 194 98 212
internal_value=0.000190376 0.000970274 -0.00548779 -0.000247069 0.00110157 -0.00154028 0.00716319 0.0105236 0.0142014 0.00091291 -0.00247912 0.00161394 -0.00379832 0.00792888
internal_weight=80.9702 73.1145 7.85572 65.9108 57.5762 40.7938 16.7824 13.8858 11.2262 33.9849 23.4926 17.8838 11.624 10.4923
internal_count=2512 2305 207 2082 1907 1454 453 383 318 1287 449 386 292 838
is_linear=0
shrinkage=0.03


Tree=347
num_leaves=15
num_cat=0
split_feature=4 42 42 39 47 20 26 36 45 12 14 22 20 29
split_gain=0.402606 0.886774 1.0336 1.17776 1.07533 0.919431 0.816578 1.93005 0.939333 0.919221 0.898855 1.32909 0.882757 1.34412
threshold=0.46050645411014562 0.020549409091472629 0.016956037841737274 0.020954266190528873 0.15500855445861819 0.00028356481481481489 0.024591904133558277 0.0093605942092835921 0.047365933656692512 0.49519173800945288 0.42854098975658422 0.029574539512395862 0.0095269756838905796 0.021373116411268715
decision_type=2 2 2 2 2 2 2 2 2 2 2 2 2 2
left_child=-1 2 3 4 5 -2 9 12 -9 -3 -11 -12 -8 -14
right_child=1 6 -4 -5 -6 -7 7 8 -10 10 11 -13 13 -15
leaf_value=-0.0026250856113542069 0.0093105006391298595 0.005450540659363858 0.015215925557523975 -0.012912074107629989 0.015238052558054086 -0.0060727163020302217 0.017182176460441883 -0.016284673558560593 0.0033069725867156193 -0.018216726513209481 0.0091733302536134275 -0.011420596141085463 -0.0110406746371867 0.011907780691582489
leaf_weight=27.424097021896159 3.5060761769273139 3.0083726583980051 5.6496626269654362 2.0996208880387703 3.967561606783419 7.5223887982283486 4.9878697103122231 3.3385068612406021 2.4245176413096488 4.3943755244836193 3.3359587041777559 3.9360141729703173 2.5798729844391346 2.5955273683648556
leaf_count=590 575 39 201 50 232 127 98 82 64 56 202 91 51 54
internal_value=0.000174974 0.00171147 0.00597421 0.00148919 0.00496419 -0.000273435 -0.00153707 0.00289632 -0.00892746 -0.00629879 -0.00990235 -0.00170884 0.0102131 0.000161335
internal_weight=80.7704 53.3463 22.7453 17.0956 14.996 11.0285 30.601 15.9263 5.76302 14.6747 11.6663 7.27197 10.1633 5.1754
internal_count=2512 1922 1185 984 934 702 737 349 146 388 349 293 203 105
is_linear=0
shrinkage=0.03


Tree=348
num_leaves=15
num_cat=0
split_feature=31 31 31 4 36 23 9 15 4 42 36 28 46 9
split_gain=0.411084 0.788931 1.37244 1.18961 1.54673 1.33101 0.807373 0.761751 1.84577 0.842639 1.20244 1.30758 1.61673 1.12315
threshold=0.70914399623870861 0.91442957520484935 0.96626582741737377 0.43206475675106054 0.0076418877579271802 0.1862745136022568 0.046724393963813789 0.50437846779823314 0.46050645411014562 0.032787622883915908 0.0033238643081858758 0.00032140908420148193 0.06078502535820008 0.083619318902492537
decision_type=2 2 2 2 2 2 2 2 2 2 2 2 2 2
left_child=-1 3 6 -2 5 -5 -3 -4 -9 10 11 13 -13 -10
right_child=1 2 7 4 -6 -7 -8 8 9 -11 -12 12 -14 -15
leaf_value=-0.004367866726939295 -0.0061080792425855122 0.0049648139005899162 0.0083775954545658882 0.017422369087347119 -0.0053079317760271472 -0.0070701731061532441 -0.01541915433336704 -0.0132049555395379 0.014574979828175556 -0.0080661785621373751 0.013357657700769399 -0.01283724779776127 0.0097453080089120007 -0.0075282612970953072
leaf_weight=12.582066797767764 3.9724220646312487 0.96093679894693096 8.4574272977770288 10.844121056950824 3.4359906549798316 1.056556116323917 5.8019079791847616 6.4110644089814732 5.0591445633545034 3.4271305296570054 7.5563956836413118 7.4220901769003813 2.2521818213863298 1.2924327966757116
leaf_count=300 104 91 149 378 61 27 139 174 515 94 202 179 56 43
internal_value=0.000176184 0.00116131 -0.000860916 0.00599888 0.00965069 0.0143277 -0.0117083 0.00127629 -0.000807646 0.00273913 0.00493455 0 -0.00655415 0.00899238
internal_weight=80.5319 67.9498 48.6407 19.3091 15.3367 11.9007 6.76284 41.8779 33.4204 27.0094 23.5822 16.0258 9.67427 6.35158
internal_count=2512 2212 1642 570 466 405 230 1412 1263 1089 995 793 235 558
is_linear=0
shrinkage=0.03


Tree=349
num_leaves=15
num_cat=0
split_feature=26 28 19 31 29 45 34 35 1 10 18 34 36 18
split_gain=0.40074 0.827931 0.97389 0.800689 0.874878 0.971679 1.11355 1.12197 0.866361 0.809099 0.802389 0.724488 1.02425 1.24856
threshold=0.036013042554259307 0.030280563930117504 0.15056938678026202 0.70914399623870861 0.021597034297883514 0.031836191192269332 0.028811764407467536 0.033114733174443252 0.071315076202154173 0.4921568632125855 0.084294229745864882 0.014335517473118281 0.00099913449957966826 0.07380023226141931
decision_type=2 2 2 2 2 2 2 2 2 2 2 2 2 2
left_child=1 3 -3 -1 5 6 7 11 -9 10 -8 12 13 -5
right_child=-2 2 -4 4 -6 -7 9 8 -10 -11 -12 -13 -14 -15
leaf_value=-0.007076472705981645 0.0067893438774017179 0.0056238821910637215 -0.018410946866443192 0.011418790456590383 0.011854705186466207 -0.010224753415782502 0.01537447744775919 0.0024916656996238689 -0.016062026796138912 -0.0045498691214077283 -0.0033164830574414716 0.0087649184215367673 -0.0058890340757013077 -0.0059334519058582176
leaf_weight=9.0192960854037647 5.5227698394446625 0.91886105993762557 2.5316847268259153 7.7972217865681177 4.8046828330843701 4.8330712079186915 8.5168630135594849 2.3644288344657971 4.5066955807269551 1.8644769819511555 1.4917551814578462 7.6043784448120268 14.304680529523464 4.1935937961097807
leaf_count=191 171 11 85 551 114 99 151 84 99 132 66 242 431 85
internal_value=0.000158719 -0.000456226 -0.0117451 0.000354717 0.00166422 0.000391938 0.00176008 -0.000639457 -0.010217 0.00912039 0.0122504 0.00167928 -0.000738485 0.00515503
internal_weight=80.2745 74.7517 3.45055 71.3011 62.2818 57.4772 52.6441 40.771 6.87112 11.8731 10.0086 33.8999 26.2955 11.9908
internal_count=2512 2341 96 2245 2054 1940 1841 1492 183 349 217 1309 1067 636
is_linear=0
shrinkage=0.03


Tree=350
num_leaves=15
num_cat=0
split_feature=4 11 45 11 40 37 46 36 24 47 37 40 40 39
split_gain=0.393193 0.667834 0.988502 0.845963 0.801405 0.622269 0.727624 0.530224 1.22158 0.879835 0.770906 1.37757 1.37536 1.19659
threshold=0.72129708528518688 0.70000001788139354 0.047365933656692512 0.68823531270027172 0.001745715504512191 0.062256423756480224 0.099986515939235701 0.00099913449957966826 0.12683423913043482 0.069035504013299956 0.047273717820644386 0.078963227570056929 0.032298661768436439 0.014248585328459741
decision_type=2 2 2 2 2 2 2 2 2 2 2 2 2 2
left_child=1 3 4 7 -3 -2 -7 8 9 -1 12 -12 13 -9
right_child=5 2 -4 -5 -6 6 -8 10 -10 -11 11 -13 -14 -15
leaf_value=-0.0011266995592002669 0.013552532703907987 0.0051671527462096968 0.0067168892173096496 0.013767472112099678 -0.015773680711233265 -0.010453199064886292 0.0085060149367194443 -0.010464260918791693 -0.0056315927833512679 0.01653935053810068 0.010795594470599908 -0.0039603794764591499 -0.012955073596057581 0.003923091149269281
leaf_weight=3.0592777428901154 2.7887899128108975 0.80159638193435778 1.739990421105176 2.1156601187321931 5.8958017522818409 1.9395060790702703 1.3476445481064727 5.2157353959337405 4.8141480645572292 5.3063650496769696 8.3486132681136969 10.627425206825135 9.4281241836433747 16.634797627368243
leaf_count=268 191 34 58 52 185 76 55 154 199 143 250 252 228 367
internal_value=0.000145411 -0.00049037 -0.00756401 0.000572708 -0.0123105 0.00646301 -0.00183564 -0.000228866 0.00466197 0.0108186 -0.00169829 0.00279891 -0.00452102 0
internal_weight=80.0635 73.9875 8.43739 65.5501 6.6974 6.07594 3.28715 63.4345 13.1798 8.36564 50.2547 18.976 31.2787 21.8505
internal_count=2512 2190 277 1913 219 322 131 1861 610 411 1251 502 749 521
is_linear=0
shrinkage=0.03


Tree=351
num_leaves=15
num_cat=0
split_feature=31 22 41 41 21 16 40 24 31 38 0 7 0 18
split_gain=0.397489 0.487051 0.703852 1.41156 1.08999 1.9568 0.909946 0.737764 0.723441 1.32724 1.46917 1.16073 1.05154 1.04835
threshold=2.0346519947052006 0.035349013283848769 0.13215573132038119 0.12098061665892602 0.081639517098665251 0.00065282046903460849 0.051149675622582443 0.046368259728385937 1.2261127233505251 0.042852912098169334 0.60060721635818493 0.61744794249534618 0.4699684083461762 0.03994440287351609
decision_type=2 2 2 2 2 2 2 2 2 2 2 2 2 2
left_child=1 2 3 8 6 -6 7 -4 9 13 11 -11 -10 -1
right_child=-2 -3 4 -5 5 -7 -8 -9 12 10 -12 -13 -14 -15
leaf_value=0.003974921480923369 -0.0083744523169902579 -0.0038925940885169491 0.0078920907257762924 -0.016388495004310666 0.013193205669960991 -0.010949505862927596 0.013968530808670308 -0.0086547774362157898 -0.0053529455740781119 0.0032968253712541153 0.01484099537476394 -0.011490197477690601 0.013792840831140005 -0.018861775543807208
leaf_weight=1.5087644404338814 2.6003487228881559 14.431545164843554 2.9396402732527411 2.6145440232357933 2.7212379316333664 6.3494918261421844 11.205146954831433 2.7569693428231403 2.2890431149862689 11.45132963340439 4.1947012391829039 5.3644135469803578 5.7995745607331628 3.649676583474502
leaf_count=347 36 570 46 56 207 76 273 46 26 310 209 70 201 39
internal_value=0.000154995 0.000683886 0.00186873 -0.000744966 0.00547451 -0.00236069 0.00964302 0 0.00120436 -0.00124081 0.00224523 -0.00198089 0.00809023 -0.0125189
internal_weight=79.8764 77.2761 62.8445 36.872 25.9725 9.07073 16.9018 5.69661 34.2575 26.1689 21.0104 16.8157 8.08862 5.15844
internal_count=2512 2476 1906 1258 648 283 365 92 1202 975 589 380 227 386
is_linear=0
shrinkage=0.03


Tree=352
num_leaves=15
num_cat=0
split_feature=34 18 33 45 45 18 34 12 23 19 25 23 41 30
split_gain=0.395095 1.23851 0.72745 1.19654 1.52963 0.933404 1.07184 0.812575 1.07054 1.76017 1.64144 1.21654 1.03493 1.07267
threshold=0.001645875548801081 0.042106678709387786 0.033511172980070121 0.012643891386687757 0.0116967735812068 0.075556103140115752 0.0064985169151835828 0.51137623190879833 0.050000011920928962 0.082202035933733 0.031321693211793906 0.14705883711576465 0.19504020363092425 0.012984248809516432
decision_type=2 2 2 2 2 2 2 2 2 2 2 2 2 2
left_child=1 -1 3 4 5 6 -2 12 9 -9 -10 -12 -4 -14
right_child=2 -3 7 -5 -6 -7 -8 8 10 -11 11 -13 13 -15
leaf_value=0.0088079620163419026 0.01971066539787597 -0.011392436168792919 -0.0097640616767978913 0.010036446354526342 -0.016095796360768265 -0.0070480638690313679 -0.0013959601112997417 -0.0096240892286243249 -0.0086129951622447368 0.019254061300593844 0.012257575483120189 -0.0086336157023066788 0.013873108243999677 -0.0052978557265501046
leaf_weight=2.1679496262513549 2.5608056442579272 6.3379414977971464 13.87032122522942 14.446342873619868 2.7941169665573389 2.4682028777897358 3.1985200731141958 1.1338819381780947 10.606891225732399 4.3622798749711365 7.2923039949964714 1.6604963572463018 2.6069386720191678 4.119629685592372
leaf_count=311 185 77 298 452 74 41 140 58 325 117 133 74 43 184
internal_value=0.000139088 -0.00526165 0.000952283 0.00484364 -0.00222842 0.0044143 0.0102637 -0.00126779 0.00221962 0.011918 -0.00121919 0.00723996 -0.0054639 0.00326493
internal_weight=79.6266 8.50589 71.1207 25.468 11.0216 8.22753 5.75933 45.6527 25.0559 5.49616 19.5597 8.9528 20.5969 6.72657
internal_count=2512 388 2124 892 440 366 325 1232 707 175 532 207 525 227
is_linear=0
shrinkage=0.03


Tree=353
num_leaves=15
num_cat=0
split_feature=45 26 45 1 1 23 19 20 1 28 5 22 46 44
split_gain=0.398977 1.40208 0.988506 0.947073 1.01365 1.11034 0.971439 1.18765 1.01196 1.7318 0.932009 0.822551 0.812946 0.782115
threshold=0.035805663093924529 0.026402797549963001 0.04893689043819905 0.10446975007653238 0.098576750606298461 0.025490209460258487 0.14318784326314929 0.020065438034188039 0.075318153947591795 0.00068040600027089273 0.15138466656208041 0.013491888530552389 0.012250228784978391 0.053796268999576576
decision_type=2 2 2 2 2 2 2 2 2 2 2 2 2 2
left_child=1 3 -2 4 5 -1 13 -8 9 11 -3 -9 -5 -7
right_child=2 10 -4 12 -6 6 7 8 -10 -11 -12 -13 -14 -15
leaf_value=0.011513905831129238 -0.0098332960032056563 0.0166036576949278 0.006502386490475822 0.0052975897874293059 0.013759903513063542 -0.015086013670081546 0.0063557332152806498 0.0044092214934974864 -0.013055228533553492 0.01350716362566667 -0.0033499137797871623 -0.011494105264374466 -0.013164120347153696 0
leaf_weight=4.2949010731681474 7.8626857943017949 5.6842771848605471 3.1458914460381493 1.3950627187732596 3.0609936167020342 5.6086853358792705 15.839538015832657 2.8570576098863985 5.4544742776197372 4.066952602704986 1.7869262860040178 6.3362854300648905 6.4114840127294883 5.5592605661950074
leaf_count=443 223 118 99 22 39 200 483 80 141 57 73 115 179 240
internal_value=0.000135547 0.00105962 -0.00465248 -0.000546244 0.000951262 -0.000273852 -0.00188013 0.000645847 -0.00418903 0.000494422 0.0118149 -0.006379 -0.00915145 -0.00883451
internal_weight=79.3645 68.3559 11.0086 60.8847 53.0781 50.0172 45.7223 34.5543 18.7148 13.2603 7.4712 9.19334 7.80655 11.1679
internal_count=2512 2190 322 1999 1798 1759 1316 876 393 252 191 195 201 440
is_linear=0
shrinkage=0.03


Tree=354
num_leaves=15
num_cat=0
split_feature=31 31 45 30 17 24 36 30 37 40 27 40 40 0
split_gain=0.380963 0.468043 0.708751 0.899246 0.688076 1.08216 1.7115 2.27774 1.74944 1.16637 0.936997 0.916383 1.44803 1.11208
threshold=2.0346519947052006 0.70914399623870861 0.023039928637444976 0.013247077818959953 0.038738010451197631 0.044033570596070604 0.00094098463887348782 0.011914273723959925 0.0090150125324726122 -0.0067063423339277497 0.071489870548248305 0.051704831421375282 0.078963227570056929 0.60918208956718456
decision_type=2 2 2 2 2 2 2 2 2 2 2 2 2 2
left_child=1 2 -1 -4 -3 6 -6 8 -8 -9 -11 13 -13 -7
right_child=-2 4 3 -5 5 11 7 9 -10 10 -12 12 -14 -15
leaf_value=-0.010463714225223658 -0.008232926626441265 -0.0097168690306853756 0.011617172970915973 -0.0059110984143459109 0.021691980590468146 -0.012060962065558109 0.0095433636968705413 -0.0070851070838284323 -0.016089302469903598 0.015526295603546106 -0.0036039261416161827 0.0097259311905328188 -0.0039162273042966734 0.0050560398619824212
leaf_weight=5.7965432599885371 2.5726829847553736 2.3841482954012454 2.7759129111655056 3.8113152624573559 3.7777735098570728 8.6364622913824842 1.7599112844618527 1.7592678816290614 5.7525913051504176 10.904366795730303 1.7122576220426715 11.070866367808778 13.017682451696599 3.3969943875563322
leaf_count=114 36 353 56 130 207 204 81 43 162 213 33 325 478 77
internal_value=0.000141037 0.000663077 -0.00420261 0.00211143 0.00174602 0.00252615 0.00700579 0.00274158 -0.00902513 0.00942504 0.0125869 -0.00077868 0.00250354 -0.00698321
internal_weight=79.1288 76.5561 12.3838 6.58723 64.1723 61.7882 25.6662 21.8884 7.5125 14.3759 12.6166 36.122 24.0885 12.0335
internal_count=2512 2476 300 186 2176 1823 739 532 243 289 246 1084 803 281
is_linear=0
shrinkage=0.03


Tree=355
num_leaves=15
num_cat=0
split_feature=47 17 36 0 17 14 2 8 36 20 19 20 19 37
split_gain=0.383435 0.920752 0.870265 1.12429 0.71911 0.789646 1.50817 1.15361 1.1732 0.952031 0.877906 0.796248 0.696778 0.687798
threshold=0.14113168418407443 0.1149582862854004 0.0076418877579271802 0.54501101374626171 0.1081940419971943 0.525405913591385 0.5000000149011613 0.50701248645782482 0.0014505118015222254 0.0056997292686545029 0.095945198088884368 0.0064742476851851862 0.14858173578977588 0.066070549190044417
decision_type=2 2 2 2 2 2 2 2 2 2 2 2 2 2
left_child=1 4 3 13 5 6 7 8 11 -7 -10 -1 -9 -2
right_child=2 -3 -4 -5 -6 9 -8 12 10 -11 -12 -13 -14 -15
leaf_value=0.012998077266876438 0.0055730422264255643 -0.0095457260431647921 -0.0074292807158768395 0.011959889791317988 0.012699545159895976 0.016047083032499132 -0.014396984233749641 0.015163035738761882 0.0062269002962039828 -0.0058799307742406978 -0.010865033843165086 -0.0060735391966332125 -0.00096913655959753834 -0.0047151836656509584
leaf_weight=3.5771889186435244 9.0371872075484188 8.323935712076489 4.5891402429551809 9.5767252328514569 1.9475698687601823 2.8512196850570026 5.5678516618791027 4.3481022482155813 1.7628007497114584 1.2697212547063825 11.270154524012467 1.3468995727598665 2.9909931377042085 10.423752015864009
leaf_count=120 210 250 188 397 61 478 172 149 42 17 165 15 41 207
internal_value=0.00013006 -0.00160644 0.00251031 0.00455533 0.000504333 -0.000743475 -0.00262048 0.000726647 -0.0032863 0.0090872 -0.0078328 0.0071006 0.00946768 0
internal_weight=78.8832 45.2564 33.6268 29.0377 36.9325 34.9849 30.864 25.2961 17.957 4.12094 13.033 4.92409 7.3391 19.4609
internal_count=2512 1510 1002 814 1260 1199 704 532 342 495 207 135 190 417
is_linear=0
shrinkage=0.03


Tree=356
num_leaves=15
num_cat=0
split_feature=5 5 1 22 18 40 47 9 33 30 30 39 5 16
split_gain=0.379637 0.772572 0.812284 1.17969 0.779736 1.16138 0.935636 0.854989 2.13882 0.909765 0.880628 1.78015 1.69127 0.791053
threshold=0.20074911415576938 0.12812129408121112 0.096614055335521712 0.019534729421138767 0.07380023226141931 0.012810109648853542 0.041320569813251502 0.078163266181945815 0.044478476047515876 0.018228287808597091 0.012379100080579521 0.018469106405973438 0.048821458593010909 0.00066709336374813969
decision_type=2 2 2 2 2 2 2 2 2 2 2 2 2 2
left_child=1 2 4 -4 6 -6 13 10 -9 -10 12 -12 -8 -1
right_child=-2 -3 3 -5 5 -7 7 8 9 -11 11 -13 -14 -15
leaf_value=-0.014018469441685565 0.0094911961375736178 -0.0066336493932157986 -0.0066604940765027784 0.01167089618860501 0.011008383493425443 -0.0096145867517632745 0.0061115341664877646 0.020868833170483381 -0.011453376244749632 0.0071854914258780598 -0.010623249829573118 0.017908758503875636 -0.010494053558642242 0.0050663981616408385
leaf_weight=3.7322013009543289 1.7467003661440674 12.249690069234928 2.5881184008903793 10.054834575392304 1.1133373230695713 12.061210706422569 8.1088609659418633 5.0335158242378366 2.949012613738887 2.484385296003893 1.2654588335426513 3.7097361503401771 10.163475217792437 1.4284142273245377
leaf_count=376 90 402 32 155 14 258 522 91 45 55 25 198 196 53
internal_value=0.000139793 -0.000269575 0.00105329 0.00731626 -0.000626925 -0.00645291 0.00149321 0.0034726 0.00981164 -0.00288702 0 0.0092563 -0.00310095 -0.00837735
internal_weight=78.689 76.9423 64.6926 12.643 52.0496 13.1745 38.8751 33.7144 10.4669 5.4334 23.2475 4.97519 18.2723 5.16062
internal_count=2512 2422 2020 187 1833 272 1561 1132 191 100 941 223 718 429
is_linear=0
shrinkage=0.03


Tree=357
num_leaves=15
num_cat=0
split_feature=26 39 33 14 27 34 48 48 48 20 17 45 36 19
split_gain=0.376047 1.21396 0.921418 1.33574 1.18334 0.89955 1.09202 0.95029 1.14878 0.927964 1.16837 1.16126 1.01814 0.940744
threshold=0.036013042554259307 0.036317346617579467 0.057285621762275703 0.25192864239215856 0.056916266679763801 0.023780948067632854 0.02031667344272137 0.027779391035437587 0.020420777611434463 0.0016228971048513304 0.10102094337344171 0.013334879186004402 0.0015482241869904103 0.092294935137033476
decision_type=2 2 2 2 2 2 2 2 2 2 2 2 2 2
left_child=1 2 4 -4 5 6 9 8 -7 12 -11 -12 13 -1
right_child=-2 -3 3 -5 -6 7 -8 -9 -10 10 11 -13 -14 -15
leaf_value=-0.0012219826322389382 0.0066164413516187504 -0.011765796175050906 -0.0091842154239755031 0.014350708874392841 -0.012107198683833732 0 -0.011063162792474395 -0.0065203719334364935 0.016952091495261192 -0.013584960812049797 -0.005393221478678753 0.0082624402240946086 -0.0029588041232269883 0.019890638232875943
leaf_weight=2.0679769428606942 5.4218072356306939 5.7031070986413388 1.2155036379699584 6.6523583810776472 5.1193701546872026 6.0165607951639668 6.5783158925478338 2.3228647570940657 6.5724106178677175 4.3495092896046144 9.619075554423036 8.7425051520112884 3.9432112108625006 4.1148555351246614
leaf_count=348 171 175 66 116 109 161 165 67 195 61 199 189 212 278
internal_value=0.000151033 -0.000452653 0.000774386 0.00928627 -0.000568939 0.000856357 -0.00149687 0.0066953 0.00989901 0.000858561 -0.00243465 0.00113425 0.00767543 0.0138897
internal_weight=78.4394 73.0176 67.3145 7.86786 59.4467 54.3273 39.4154 14.9118 12.589 32.8371 22.7111 18.3616 10.126 6.18283
internal_count=2512 2341 2166 182 1984 1875 1452 423 356 1287 449 388 838 626
is_linear=0
shrinkage=0.03


Tree=358
num_leaves=15
num_cat=0
split_feature=8 47 40 41 37 41 18 23 20 39 41 23 41 22
split_gain=0.374567 0.771072 1.40885 0.964714 0.776199 1.07294 0.857076 1.02032 0.681447 1.09489 0.892579 1.15404 1.02371 0.884135
threshold=0.44455729424953466 0.20215000957250598 0.029791835695505146 0.085794903337955489 0.066070549190044417 0.21638033539056781 0.07380023226141931 0.10460804775357248 0.00020492023563811493 0.033215293660759933 0.14074732363224032 0.10784311592578889 0.032746426761150367 0.022315353155136112
decision_type=2 2 2 2 2 2 2 2 2 2 2 2 2 2
left_child=1 2 3 -1 5 -3 7 -6 9 -2 12 13 -10 -12
right_child=8 4 -4 -5 6 -7 -8 -9 10 -11 11 -13 -14 -15
leaf_value=-0.0055678163340094474 0.012070241621757113 -0.0049304636055061395 -0.015180403119740707 0.01083495662046564 -0.0068695594565631448 0.017945411227076227 -0.010623020402351425 0.011145503102753645 0.011664481461445074 -0.0085715852517698581 -0.0016825197827375943 -0.0022763757681579493 -0.0056421478068284653 0.019326951754875088
leaf_weight=5.8451178543036821 8.497494894982081 1.5527808370534355 6.8200785579392678 3.4371261009946465 3.0206607790896651 3.0015043774619699 4.1378853726200759 4.5405525475507602 1.5461684809997702 1.247444798820651 1.7919550054648405 6.885505333164474 21.845344153145561 4.0526826478308067
leaf_count=83 878 52 214 65 47 63 181 115 22 27 36 244 425 60
internal_value=0.000135259 -0.00221853 -0.00655504 0.00108408 0.00216082 0.0105637 -0.00195596 0.0037033 0.00188169 0.0081628 -7.34916e-05 0.00572792 -0.00355137 0.0137164
internal_weight=78.2223 32.3557 16.1023 9.28224 16.2534 4.55429 11.6991 7.56121 45.8666 9.74494 36.1217 12.7301 23.3915 5.84464
internal_count=2512 820 362 148 458 115 343 162 1692 905 787 340 447 96
is_linear=0
shrinkage=0.03


Tree=359
num_leaves=15
num_cat=0
split_feature=34 18 33 45 45 18 34 0 0 36 4 41 37 37
split_gain=0.378691 1.15824 0.688368 1.09622 1.46451 0.86975 0.984482 0.727383 1.04702 1.33084 1.07632 0.745539 0.697688 0.996479
threshold=0.001645875548801081 0.042106678709387786 0.033511172980070121 0.012643891386687757 0.0116967735812068 0.075556103140115752 0.0064985169151835828 0.44675701856613165 0.47679479420185095 0.004504985874518753 0.50734049081802379 0.19504020363092425 0.058846568688750274 0.027811188250780109
decision_type=2 2 2 2 2 2 2 2 2 2 2 2 2 2
left_child=1 -1 3 4 5 6 -2 -4 9 -9 11 -10 13 -12
right_child=2 -3 7 -5 -6 -7 -8 8 10 -11 12 -13 -14 -15
leaf_value=0.0085222315832055948 0.019298611852958631 -0.011154164757194832 -0.0094791162011259693 0.0097765051501604791 -0.015725279715542165 -0.0066889019828903192 -0.0011708410374522622 0.019683107820086559 -0.013924826958763804 -0.0060509915764937316 -0.0012612390332469943 0.0021696025690529173 -0.0045638384043424013 0.01205235049664987
leaf_weight=2.1113348901417321 2.4757253994757793 6.212033748626709 6.0055969584791447 14.16269728275074 2.7369477085157996 2.4002959751524031 3.1230803120706696 2.9913150080246842 6.4060492257704009 1.4381021978915667 9.4812505993759313 2.6259365632431582 8.4341246100957488 7.3860365814762181
leaf_count=311 185 77 212 452 74 41 140 52 122 52 223 81 266 224
internal_value=0.000143391 -0.00518829 0.000949257 0.00477601 -0.00208432 0.00449479 0.0101828 -0.00122814 0.00037897 0.0115781 -0.00154108 -0.00942861 0.00164913 0.00506926
internal_weight=77.9905 8.32337 69.6672 24.8987 10.736 7.9991 5.59881 44.7684 38.7628 4.42942 34.3334 9.03199 25.3014 16.8673
internal_count=2512 388 2124 892 440 366 325 1232 1020 104 916 203 713 447
is_linear=0
shrinkage=0.03


Tree=360
num_leaves=15
num_cat=0
split_feature=12 10 14 18 10 4 48 2 38 13 28 36 7 26
split_gain=0.371368 0.628102 0.944141 0.872266 0.778883 1.06397 0.893854 0.784773 1.07613 0.943296 1.0978 1.27666 0.927277 0.866062
threshold=0.7230820655822755 0.47254902124404913 0.525405913591385 0.060482855886220939 0.38627451658248907 0.5986374318599702 0.0092685590498149412 0.40980392694473272 0.36785127222538 0.13747688382864001 0.00068040600027089273 0.0015377709642052653 0.40568609535694128 0.043998120352625854
decision_type=2 2 2 2 2 2 2 2 2 2 2 2 2 2
left_child=1 4 -3 -4 7 6 -6 9 -9 10 11 12 -1 -11
right_child=-2 2 3 -5 5 -7 -8 8 -10 13 -12 -13 -14 -15
leaf_value=-0.0055269852012239749 0.0063220646728582445 -0.014520468471633293 0.0115186852003097 -0.0083019768823041351 -0.0043830504988626841 -0.006882688182308104 0.014857952244567679 -0.0090669300954613775 0.0090862962073877535 -0.011692427944547432 0.0090753687349999067 -0.012374394699049971 0.010774001066648749 0.0071183743028323601
leaf_weight=3.5019094685558247 5.9501249168388304 4.5205677393532806 2.2474841830990049 1.7457775920629499 1.5297195018210894 2.2133977182675144 7.7922256324236514 14.358033207943665 1.7393914273707185 5.7545747561671297 15.031806855055036 4.5691802301444104 5.5016115196049213 1.3347936013014985
leaf_count=48 332 184 362 16 116 53 323 260 77 278 251 67 99 46
internal_value=0.000136004 -0.000493081 -0.00730977 0.00247412 0.000573185 0.00702029 0.0112191 -0.00101462 -0.00615225 0.00142628 0.00394366 -0.00198272 0.00430893 -0.00703366
internal_weight=77.7906 71.8405 8.51383 3.99326 63.3266 11.5353 9.32195 51.7913 16.0974 35.6939 28.6045 13.5727 9.00352 7.08937
internal_count=2512 2180 562 378 1618 492 439 1126 337 789 465 214 147 324
is_linear=0
shrinkage=0.03


Tree=361
num_leaves=15
num_cat=0
split_feature=9 34 1 16 33 5 1 35 12 23 19 25 23 47
split_gain=0.37564 0.770829 0.584454 0.982119 0.514515 1.04796 1.04467 0.874533 0.657161 0.979198 1.67471 1.55422 1.14316 0.923433
threshold=0.042747821658849723 0.0024393195779914534 0.034918297082185752 0.00057891975518146457 0.033511172980070121 0.056617416441440589 0.10555479675531389 0.027371973730623726 0.51137623190879833 0.050000011920928962 0.082202035933733 0.031321693211793906 0.14705883711576465 0.20215000957250598
decision_type=2 2 2 2 2 2 2 2 2 2 2 2 2 2
left_child=2 -2 3 -1 5 -3 7 -7 13 10 -10 -11 -13 -6
right_child=1 4 -4 -5 8 6 -8 -9 9 11 -12 12 -14 -15
leaf_value=0.0095333376933927245 -0.0083326301075072919 -0.0047467956650545521 0.014210634113558825 -0.010888275963781828 -0.0089011784971569623 0.0024559176979632698 -0.0070578247469447845 0.019361200650570787 -0.0094879153330021289 -0.0085411045462733069 0.018740380822886052 0.011908923494761647 -0.0084264647499693365 0.0038060946501600268
leaf_weight=2.1674604479339896 7.9326935193967065 5.7445514781284173 2.1690930945624132 2.280580374179408 13.852832657983528 6.3101259981049207 1.5778109098318953 5.2000230037374422 1.1261135322274665 10.369011555361796 4.2140727575751953 7.1792311463505012 1.629122446873225 5.8639779247459947
leaf_count=551 114 188 128 31 322 132 38 108 56 321 116 133 74 200
internal_value=0.0001269 -0.000537863 0.00607709 -0.000601475 0.000622463 0.00455042 0.00891827 0.0120509 -0.00110946 0.00203197 0.0114158 -0.00127074 0.007007 -0.0049813
internal_weight=77.6167 70.9996 6.61713 4.44804 63.0669 18.8325 13.088 11.5101 44.2344 24.5176 5.34019 19.1774 8.80835 19.7168
internal_count=2512 1802 710 582 1688 466 278 240 1222 700 172 528 207 522
is_linear=0
shrinkage=0.03


Tree=362
num_leaves=15
num_cat=0
split_feature=45 26 45 1 1 23 17 43 13 46 28 25 39 27
split_gain=0.377185 1.3077 0.917951 0.871681 0.946769 1.04702 1.32769 1.40558 0.778194 0.76323 0.73439 0.715631 1.84089 1.05599
threshold=0.035805663093924529 0.026402797549963001 0.047365933656692512 0.10446975007653238 0.098576750606298461 0.025490209460258487 0.069082275032997145 0.024226451292634014 0.14845907688140872 0.012250228784978391 0.012318042995399018 0.022619528695940975 0.02638080716133118 0.036023795604705817
decision_type=2 2 2 2 2 2 2 2 2 2 2 2 2 2
left_child=1 3 10 4 5 -1 -7 -8 -3 -5 -2 13 -13 -9
right_child=2 8 -4 9 -6 6 7 11 -10 -11 -12 12 -14 -15
leaf_value=0.011283346504072639 0.005340460351463969 0.015851628260501866 0.005554054683566124 0.0051629009037580283 0.013380979750483388 -0.010907472489861193 0.011963356604235994 0 -0.0027648116500635679 -0.012815564579350633 -0.013466306550883966 0.019078518088077773 -0.0068110780522523855 -0.013159819394482627
leaf_weight=4.1668335947178994 0.98224535444751193 5.5897006632003459 3.5597365138819441 1.3660159554565314 2.9955700122518456 9.164566329236548 6.1601437539211465 16.725617624353625 1.6963972584926521 6.2349438801174983 6.251351005223114 2.5823075255611903 3.5417361462023109 6.3790736367809577
leaf_count=443 20 123 117 22 39 316 81 546 68 179 185 95 110 168
internal_value=0.000131731 0.00104614 -0.00455781 -0.000527111 0.000927776 -0.000276208 -0.00186005 0.000860827 0.0115322 -0.00886964 -0.00998405 -0.00199936 0.00574571 -0.00446593
internal_weight=77.3962 66.6029 10.7933 59.3168 51.7158 48.7203 44.5534 35.3889 7.2861 7.60096 7.2336 29.2287 6.12404 23.1047
internal_count=2512 2190 322 1999 1798 1759 1316 1000 191 201 205 919 205 714
is_linear=0
shrinkage=0.03


Tree=363
num_leaves=15
num_cat=0
split_feature=36 30 27 27 11 22 34 48 42 48 46 20 17 24
split_gain=0.378875 0.919608 0.889255 1.19646 1.10296 1.03271 0.946527 1.00734 0.939153 0.980764 1.1916 0.882299 1.111 1.06773
threshold=0.010011733043938877 0.025666889734566215 0.065385624766349806 0.058194275945425041 0.57058826088905346 0.039262011647224433 0.023780948067632854 0.02031667344272137 0.016742637380957607 0.028075506910681728 0.0050683242734521636 0.0016228971048513304 0.10102094337344171 0.15796610169491529
decision_type=2 2 2 2 2 2 2 2 2 2 2 2 2 2
left_child=2 -2 3 6 -4 -6 7 11 -8 10 -10 -1 -13 -14
right_child=1 -3 4 -5 5 -7 8 -9 9 -11 -12 12 13 -15
leaf_value=0.0075281139523584693 -0.014205416513985254 0.0034748277225908971 -0.0044634225484648125 -0.01119610800833906 0.020360125472676151 -0.0014909273409373504 -0.0056898940518131328 -0.010698602848886862 -0.0023667923845896752 -0.0037630405545269643 0.018204488696125461 -0.013317448083564137 0.0094139560888758245 -0.004089578243005783
leaf_weight=9.9298832920321711 3.1641074635554096 3.7601650482974946 2.7518950655939971 6.2029369458905412 4.4259611486340873 2.0770606428850442 2.7619375735521343 6.4789843469334292 2.4885141276172353 2.5473087771679266 8.2105799258861207 4.2953234785236445 6.561036885832439 11.553475872206034
leaf_count=838 93 87 103 128 103 91 70 167 75 65 243 61 93 295
internal_value=0.000149396 -0.0056411 0.000901658 -0.000465949 0.00866688 0.014319 0.00104655 -0.00145953 0.00677733 0.00997896 0.0135644 0.000819375 -0.00240364 0.00110195
internal_weight=77.2092 6.92427 70.2849 61.03 9.25492 6.50302 54.827 38.8187 16.0083 13.2464 10.6991 32.3397 22.4098 18.1145
internal_count=2512 180 2332 2035 297 194 1907 1454 453 383 318 1287 449 388
is_linear=0
shrinkage=0.03


Tree=364
num_leaves=15
num_cat=0
split_feature=42 33 34 5 31 30 26 23 34 26 43 39 13 28
split_gain=0.370904 1.24338 0.940007 1.02477 0.766021 0.646603 1.10633 0.762398 0.669647 1.1064 1.09347 0.873222 1.29862 0.694305
threshold=0.011210839729756119 0.017453160136938099 0.0084324478588177227 0.046736393123865135 1.1223942041397097 0.0089479903690516966 0.016289727762341503 0.10460804775357248 0.023780948067632854 0.020336881279945377 0.024914008565247062 0.025609979405999187 0.060958407819271095 0.0064169337606837613
decision_type=2 2 2 2 2 2 2 2 2 2 2 2 2 2
left_child=1 4 3 -2 -1 -4 7 -7 10 11 -8 12 -10 -11
right_child=2 -3 5 -5 -6 6 8 -9 9 13 -12 -13 -14 -15
leaf_value=-0.0074877257798810909 0.0079589316844170949 0.013220091288608786 -0.0084815204308287331 -0.01234134430070679 0.0086373247112230839 0.017301115146764683 0.0044742727972205106 -0.0019936787713047332 -0.0046200756455666752 -0.0083279962449183328 -0.014836178589210217 -0.0027977923114004453 0.024478869161440858 0.001648776435142549
leaf_weight=6.6870812045381154 1.184874519589356 5.5894508290512013 4.0325391548103644 8.3825408804113959 1.8024310116379636 4.1694423045846625 3.0013840107712886 1.7233136899594681 0.93478293123189304 6.1742777587205664 4.2253623162978329 1.6827893805457277 2.9419838757021353 24.480698994681006
leaf_count=376 108 134 125 169 190 197 53 60 52 123 110 70 78 667
internal_value=0.000129185 0.00423719 -0.000845818 -0.0086265 -0.00278408 0.000756124 0.00187067 0.012203 0 0.00174533 -0.00725966 0.0120525 0.0177675 -0.000655784
internal_weight=77.013 14.079 62.934 9.56742 8.48951 53.3666 49.334 5.89276 43.4413 36.2145 7.22675 5.55956 3.87677 30.655
internal_count=2512 700 1812 277 566 1535 1410 257 1153 990 163 200 130 790
is_linear=0
shrinkage=0.03


Tree=365
num_leaves=15
num_cat=0
split_feature=36 42 30 4 24 9 1 16 2 44 34 42 34 34
split_gain=0.369689 0.858672 0.762436 0.676696 0.61275 0.752252 0.81732 0.912369 0.720944 0.701268 0.675007 1.04738 0.938433 0.690127
threshold=0.0092100454494357126 0.039453636854887016 0.025666889734566215 0.56882748007774364 0.001496362433862434 0.11746874824166299 0.091291546821594252 0.0073728760619690163 0.30784314870834356 0.10389826074242593 0.014335517473118281 0.026266747154295448 0.038503118146929832 0.006341700746161574
decision_type=2 2 2 2 2 2 2 2 2 2 2 2 2 2
left_child=1 4 -2 -4 -1 6 7 10 -9 -8 13 12 -12 -6
right_child=2 -3 3 -5 5 -7 9 8 -10 -11 11 -13 -14 -15
leaf_value=0.0059984668079278306 -0.012599845815641181 0.013171994393872731 -0.0064230874496240542 0.011227262111925851 0.0031346756844577127 -0.0082768747962342695 -0.0036440525030876805 0.0020662669736133676 -0.011863521874823734 0.012044223610557188 0.015699038728923764 -0.0047432802144225239 -0.0048232141979012736 -0.0085533325945709726
leaf_weight=10.67557066966401 3.7122548413462928 2.7950041916919863 1.7935338428360412 2.0214190077967942 7.4468668469489803 9.2032287673791853 2.2404199894517642 3.6506633700337252 8.5187444129260239 6.3652179109631106 6.7208726485550851 3.6447588675073339 1.3284089005901476 6.7004229173617205
leaf_count=669 114 79 58 35 292 352 31 53 129 110 249 116 56 169
internal_value=0.000136249 0.00091077 -0.00537305 0.00305821 0 -0.00128442 0.00031806 -0.0015955 -0.00777122 0.00776005 0.00155439 0.00643207 0.0117278 -0.00258896
internal_weight=76.8174 69.2902 7.52721 3.81495 66.4952 55.8196 46.6164 38.0107 12.1694 8.60564 25.8413 11.694 8.04928 14.1473
internal_count=2512 2305 207 93 2226 1557 1205 1064 182 141 882 421 305 461
is_linear=0
shrinkage=0.03


Tree=366
num_leaves=15
num_cat=0
split_feature=47 24 16 24 14 14 33 16 41 2 2 40 31 33
split_gain=0.37003 0.894011 1.1853 0.866223 0.925675 1.24702 0.842494 1.36366 0.95308 0.894822 1.06565 0.872869 0.842525 0.816344
threshold=0.14113168418407443 0.066842554989405722 0.00057891975518146457 0.16246202256944448 0.525405913591385 0.51349416375160228 0.014402020256966354 0.0073728760619690163 0.049651918932795532 0.35490196943283087 0.28823530673980718 0.013697723858058454 0.67232489585876476 0.064489942044019713
decision_type=2 2 2 2 2 2 2 2 2 2 2 2 2 2
left_child=3 -2 -3 4 5 6 -1 11 -9 10 -10 -8 -13 -4
right_child=1 2 13 -5 -6 -7 7 8 9 -11 -12 12 -14 -15
leaf_value=-0.011488186124629528 0.012236936390803466 0.0081734770435000804 -0.00736815882028457 -0.01257568095420605 0.010964971982451183 -0.017343551978620374 -0.00088456047786880968 0.0078207328805861252 -0.0087140885683708869 -0.013223399810123999 0.0089616019862683981 -0.0040854408599134903 0.017106958981836312 0.0052268059188080168
leaf_weight=2.9078683887491925 4.8217309911851762 8.8249798573378957 14.584006311430132 3.672538147395243 3.9453738118827451 2.1242287768691304 4.748455010980253 3.5112343360669938 3.9624603050760907 6.7676004148088387 4.3075198230799288 0.99640027061104763 6.9496857527992688 4.5144257901119991
leaf_count=92 101 366 328 136 509 64 202 48 90 73 71 12 213 207
internal_value=0.000131968 0.0024985 1.11542e-05 -0.00160008 0 -0.00175799 3.43239e-05 0.00182362 -0.00317622 -0.00653669 0.000152685 0.00877134 0.0138608 -0.00403556
internal_weight=76.6385 32.7451 27.9234 43.8934 40.2208 36.2755 34.1512 31.2434 18.5488 15.0376 8.26998 12.6945 7.94609 19.0984
internal_count=2512 1002 901 1510 1374 865 801 709 282 234 161 427 225 535
is_linear=0
shrinkage=0.03


Tree=367
num_leaves=15
num_cat=0
split_feature=9 7 15 0 14 14 22 11 5 44 23 45 16 34
split_gain=0.365626 0.766715 1.37391 1.27072 0.976421 1.01352 0.787127 0.772408 1.15497 1.96883 1.26935 1.00024 1.06654 0.848517
threshold=0.042747821658849723 0.43725490570068365 0.48016057908535009 0.44675701856613165 0.35204432904720312 0.32900510728359228 0.026491448283195499 0.50392159819602977 0.081748697906732573 0.050642302259802825 0.025490209460258487 0.045706318691372878 1.0000000180025095e-35 0.0022840115613553119
decision_type=2 2 2 2 2 2 2 2 2 2 2 2 2 2
left_child=-1 -2 -3 -4 5 6 -5 -6 9 10 -9 12 -10 -11
right_child=1 2 3 4 7 -7 -8 8 11 13 -12 -13 -14 -15
leaf_value=0.0060399893331613943 -0.011173768462605989 0.014003586605786041 -0.012191748109252755 0.0074638300301465054 -0.010165990135046836 0.018026930909805845 -0.0067712275646991341 0.0097631970371990749 0.002778258994820852 -0.004440749860171486 -0.014677743192456934 0.0099786079900419707 -0.010891024275813826 0.015235684540654574
leaf_weight=6.4824902315885984 3.6397566072409964 4.0502760871313503 5.9462308884540098 5.814638954587279 5.8541796185309058 3.1676376536488524 4.2586641701054759 1.0602217644045584 6.2535964912967819 1.1844462105073024 3.7838301735464483 1.9478515472728748 13.293843967723658 9.6602363075071462
leaf_count=710 65 62 204 66 72 54 247 147 148 18 69 38 195 417
internal_value=0.000122156 -0.00053754 0.000312849 -0.000939903 0.00057504 0.00715868 0.00107247 -0.00161179 0.000108549 0.00596393 -0.00760018 -0.0041813 -0.00652676 0.0124962
internal_weight=76.3979 69.9154 66.2757 62.2254 56.2791 13.2409 10.0733 43.0382 37.184 15.6887 4.84405 21.4953 19.5474 10.8447
internal_count=2512 1802 1737 1675 1471 367 313 1104 1032 651 216 381 343 435
is_linear=0
shrinkage=0.03


Tree=368
num_leaves=15
num_cat=0
split_feature=36 30 25 31 31 23 41 16 2 24 47 31 31 20
split_gain=0.366166 0.839283 0.824796 0.849282 0.714231 0.856027 1.03015 1.10498 1.05469 1.04873 0.996153 0.767733 0.765013 1.22016
threshold=0.010011733043938877 0.025666889734566215 0.03203695826232434 1.0873326659202578 0.70914399623870861 0.033431015908718116 0.04856980778276921 0.0018009793931159422 0.30784314870834356 0.029260122647849465 0.13357876986265185 0.93640437722206127 1.2034117579460146 0.001261472136931696
decision_type=2 2 2 2 2 2 2 2 2 2 2 2 2 2
left_child=2 -2 4 -4 -1 12 -7 9 -9 -8 -11 -10 13 -6
right_child=1 -3 3 -5 5 6 7 8 11 10 -12 -13 -14 -15
leaf_value=-0.00767625081328655 -0.013789943201292411 0.0031662939613168366 0.013999544865539596 -0.0045160332141792594 0.01019593205107327 -0.014100319522289625 0.017773099489516851 0.0052242420900294358 0.001378248537130627 -0.0073529021320079485 0.0068609047305226512 -0.011149374701527796 0.015545230286945336 -0.011536246314874142
leaf_weight=8.1162969793658686 3.1211026965174815 3.7383309183060192 5.5450881868600836 1.7454720641253514 2.9586803479251085 2.7408805840095729 3.0990124142845188 6.8924187045195167 5.3319463054649558 5.1176118916482656 9.6296885437623114 11.602790933684444 4.12907964362239 2.3780331631423905
leaf_count=181 93 87 157 90 402 78 238 178 90 164 366 192 162 34
internal_value=0.000128846 -0.00558167 0.000877009 0.00922583 -0.000315546 0.000974612 -0.000815886 0.000594849 -0.0034499 0.00594974 0.00146024 -0.00731763 0.00831432 0
internal_weight=76.1464 6.85943 69.287 7.29056 61.9964 53.8801 44.4143 41.6735 23.8272 17.8463 14.7473 16.9347 9.46579 5.33671
internal_count=2512 180 2332 247 2085 1904 1306 1228 460 768 530 282 598 436
is_linear=0
shrinkage=0.03


Tree=369
num_leaves=15
num_cat=0
split_feature=45 26 45 5 1 1 46 28 28 34 22 26 34 27
split_gain=0.366609 1.22006 0.850629 0.814067 0.794854 0.910019 0.720237 0.674551 0.632087 0.621898 1.13152 0.93622 1.24507 1.47318
threshold=0.035805663093924529 0.026402797549963001 0.04893689043819905 0.15138466656208041 0.10446975007653238 0.098576750606298461 0.012250228784978391 0.012318042995399018 0.049141589506172846 0.001234087004061231 0.014163523912429811 0.020336881279945377 0.019826457242000602 0.036582889035344131
decision_type=2 2 2 2 2 2 2 2 2 2 2 2 2 2
left_child=1 4 7 -3 5 9 -6 -2 -9 10 -1 12 13 -11
right_child=2 3 -4 -5 6 -7 -8 8 -10 11 -12 -13 -14 -15
leaf_value=0.0056026334112717208 0.0052462439815849863 0.015749897895580896 0.0059268066645042673 -0.0031209201668782062 0.005054190869275864 0.013127533167623256 -0.012448336761893664 -0.016243643163441589 0.0020543469182232356 0.0039560381331179813 -0.015122384491637617 -0.0061747577185399414 0.012247759149657447 -0.011943974317286481
leaf_weight=2.2637932476791311 0.97692813182947968 5.4693729791033538 3.0567657415522262 1.714081624348182 1.3529686256078992 2.9763871547766021 6.0654648715863004 5.2994804818299599 1.3242848628433419 18.089023637294311 4.1051326690067071 9.6977606655273103 8.4622021238319558 5.091494674794375
leaf_count=271 20 118 99 73 22 39 179 158 45 739 71 214 334 130
internal_value=0.000128484 0.0010428 -0.00451534 0.0112213 -0.000497188 0.000902938 -0.0085423 -0.00938716 -0.0126094 -0.000296839 -0.00781889 0.00110013 0.00365342 -8.84687e-05
internal_weight=75.9451 65.2877 10.6575 7.18345 58.1042 50.6858 7.41843 7.60069 6.62377 47.7094 6.36893 41.3405 31.6427 23.1805
internal_count=2512 2190 322 191 1999 1798 201 223 203 1759 342 1417 1203 869
is_linear=0
shrinkage=0.03


Tree=370
num_leaves=15
num_cat=0
split_feature=8 47 40 19 19 2 6 24 24 11 17 17 3 37
split_gain=0.358379 0.718115 1.26058 1.18784 0.727502 1.236 0.986325 0.821585 0.689927 0.642223 0.698208 1.23453 0.929504 0.860064
threshold=0.44455729424953466 0.20215000957250598 0.029791835695505146 0.14611504226922992 0.4169947504997254 0.43725490570068365 0.33529412746429449 0.24045259563896615 0.10920916044941827 0.58627453446388256 0.038738010451197631 0.053469233214855201 0.67254903912544262 0.058846568688750274
decision_type=2 2 2 2 2 2 2 2 2 2 2 2 2 2
left_child=1 2 3 -1 5 7 8 -3 -6 -2 -11 -12 -13 -14
right_child=9 4 -4 -5 6 -7 -8 -9 -10 10 11 12 13 -15
leaf_value=-0.0078121981181717504 0.0073222799714132251 0 -0.014710718377696478 0.010297340175790622 0.0054064575503257632 -0.0070957592447140182 0.0083575845083442724 0.019413142630941928 -0.01512618333769178 -0.012183232346135676 0.014662744398072924 -0.0090597511992787007 0.0076686953961155723 -0.0036683730697297679
leaf_weight=4.6847790997708234 11.733654364725224 3.3140115151181799 6.5834033202263518 4.3173875584034249 0.58464493602514167 2.4707625518203713 1.6891296726535072 3.7588954688981175 3.9577503292239271 2.005698759603546 3.1229404937985263 7.5675738672143806 10.118988772504965 9.8550851536274404
leaf_count=63 545 63 214 85 5 73 71 56 190 229 153 181 292 292
internal_value=0.000130025 -0.00220416 -0.00645066 0.000893412 0.00207627 0.00686247 -0.00477579 0.0125584 -0.01118 0.00186716 -0.000314906 0.00106796 -0.00126032 0.00211376
internal_weight=75.7647 31.3608 15.5856 9.00217 15.7752 9.54367 6.23152 7.07291 4.5424 44.4039 32.6703 30.6646 27.5416 19.9741
internal_count=2512 820 362 148 458 192 266 119 195 1692 1147 918 765 584
is_linear=0
shrinkage=0.03


Tree=371
num_leaves=15
num_cat=0
split_feature=47 36 0 24 24 14 14 3 8 33 16 41 31 31
split_gain=0.35905 0.863473 1.18274 0.96455 0.829467 0.878656 1.17295 0.813269 1.32986 0.791074 1.26943 0.886832 0.84381 1.03719
threshold=0.14113168418407443 0.0064589525572955617 0.54501101374626171 0.078659582039337497 0.16246202256944448 0.525405913591385 0.51349416375160228 0.42352941632270819 0.33311590552330023 0.014402020256966354 0.0073728760619690163 0.049651918932795532 1.3650921583175661 0.67232489585876476
decision_type=2 2 2 2 2 2 2 2 2 2 2 2 2 2
left_child=4 2 3 -2 5 6 9 -5 -9 -1 12 -12 13 -11
right_child=1 -3 -4 7 -6 -7 -8 8 -10 10 11 -13 -14 -15
leaf_value=-0.011191230885397516 0.0098179658599219614 -0.0063698057439386026 0.012914369077353882 -0.015704371568669124 -0.012353752138359014 0.010742795047231119 -0.016887226268387234 0.01011539341624103 -0.0075639144943678346 -0.0049880272514522834 0.0075503914534776721 -0.0063504631009307514 -0.0056968380819359789 0.015051116995508183
leaf_weight=2.8585050032706922 4.5555232061888153 5.8564039956545448 8.3899760555650555 1.9256236914079625 3.6409553323173887 3.8719917225535019 2.0983228873810722 4.7381888842792232 6.868938839470502 1.6331893131136919 3.4765681994613287 14.806519461562855 1.6623733503802203 9.2025553208222828
leaf_count=92 81 239 372 33 136 509 64 105 172 19 48 234 39 369
internal_value=0.000128664 0.00247343 0.00484468 3.92262e-05 -0.00158984 0 -0.00173131 -0.00389975 0 2.44945e-05 0.0017768 -0.00307542 0.00852694 0.0114905
internal_weight=75.5856 32.3347 26.4783 18.0883 43.251 39.61 35.738 13.5328 11.6071 33.6397 30.7812 18.2831 12.4981 10.8357
internal_count=2512 1002 763 391 1510 1374 865 310 277 801 709 282 427 388
is_linear=0
shrinkage=0.03


Tree=372
num_leaves=15
num_cat=0
split_feature=9 7 7 0 14 30 11 4 0 11 5 44 23 45
split_gain=0.351359 0.72302 1.22588 1.20289 0.939357 1.02322 0.812133 0.858133 1.45362 0.699283 1.08545 1.84003 1.20166 0.953358
threshold=0.042747821658849723 0.43725490570068365 0.48039215803146368 0.44675701856613165 0.35204432904720312 0.029189244844019416 0.70000001788139354 0.49137249588966375 0.48895636200904852 0.50392159819602977 0.081748697906732573 0.050642302259802825 0.025490209460258487 0.045706318691372878
decision_type=2 2 2 2 2 2 2 2 2 2 2 2 2 2
left_child=-1 -2 -3 -4 5 6 7 8 -5 -6 11 12 -11 -12
right_child=1 2 3 4 9 -7 -8 -9 -10 10 13 -13 -14 -15
leaf_value=0.0059431667129412691 -0.010945090250485661 0.013290124151290784 -0.01192494515107579 0.011259364915872271 -0.0097313139516026787 -0.0097735154808571076 -0.005100767774119979 0.022113131580753818 -0.011708986114488427 0.0095658407788009239 -0.0063970558544232895 0.012176750565492705 -0.014314845432627302 0.0097545172129815706
leaf_weight=6.3785489747533566 3.5627982233418143 3.9836077358340836 5.8433697775471947 5.4473408055491728 5.8193018589518024 1.0445248465985049 1.4241888875258144 3.4159372989088297 1.7435495327226815 1.0330600045272138 19.364934158045802 10.641682784480507 3.7216667437460274 1.9297812073491503
leaf_count=710 65 65 201 123 73 45 64 55 79 147 343 435 69 38
internal_value=0.000104373 -0.000545559 0.000284276 -0.000904298 0.000576056 0.00706846 0.00992918 0.0126743 0.00402781 -0.00158138 6.98882e-05 0.0058083 -0.00738609 -0.00409275
internal_weight=75.3543 68.9757 65.4129 61.4293 55.586 13.0755 12.031 10.6068 7.19089 42.5104 36.6911 15.3964 4.75473 21.2947
internal_count=2512 1802 1737 1672 1471 366 321 257 202 1105 1032 651 216 381
is_linear=0
shrinkage=0.03


Tree=373
num_leaves=15
num_cat=0
split_feature=42 33 34 5 45 45 26 34 40 8 3 3 15 9
split_gain=0.359955 1.1196 0.894588 0.971508 0.608639 1.2726 0.890552 1.03288 0.969372 0.973597 1.07092 1.06051 1.0667 0.817082
threshold=0.011210839729756119 0.017453160136938099 0.0084324478588177227 0.046736393123865135 0.013334879186004402 0.019811719655990604 0.016514585353434089 0.032158458141321046 0.0025141261285170917 0.56411960721015941 0.73137256503105175 0.62941178679466259 0.5411137342453004 0.071025151759386076
decision_type=2 2 2 2 2 2 2 2 2 2 2 2 2 2
left_child=1 -1 3 -2 -4 -6 -7 13 -9 10 11 12 -10 -8
right_child=2 -3 4 -5 5 6 7 8 9 -11 -12 -13 -14 -15
leaf_value=-0.0025545736317776064 0.007753749639619 0.012809211102870467 -0.0075252455427668574 -0.01216515019227872 0.010339384458622185 0.012086707771338825 0.0040836783467625313 -0.012351326966023196 0.007203284430849991 0.010545571798697093 -0.011995802529340965 0.010889081440892446 -0.011369333674660103 -0.015028025548608838
leaf_weight=8.2481550115408009 1.1446687608695345 5.4226110961462828 4.9719941536823162 8.2053602153318916 10.203381238912696 2.3127160182630169 1.4400548064731982 2.4578007337404442 2.8354655842995324 7.4297390796709797 3.9634466237039296 5.9071854261565022 4.6495279739028774 5.9377899015089497
leaf_count=566 108 134 135 169 332 87 54 60 59 221 131 158 144 154
internal_value=0.000102484 0.00420516 -0.000866598 -0.00852568 0.000716575 0.00191788 -0.000743219 -0.00229548 0.000519042 0.00273426 -0.00119881 0.00294517 -0.00398202 -0.0109024
internal_weight=75.1299 13.6708 61.4591 9.35003 52.1091 47.1371 36.9337 34.621 27.2432 24.7854 17.3556 13.3922 7.48499 7.37784
internal_count=2512 700 1812 277 1535 1400 1068 981 773 713 492 361 203 208
is_linear=0
shrinkage=0.03


Tree=374
num_leaves=15
num_cat=0
split_feature=36 27 27 12 34 48 42 48 46 20 17 45 36 19
split_gain=0.358844 0.801676 1.09022 0.96873 0.864539 0.949036 0.900365 0.920067 1.11472 0.849399 1.01998 1.04313 0.964327 0.8093
threshold=0.010011733043938877 0.065385624766349806 0.058194275945425041 0.41347365081310278 0.023780948067632854 0.02031667344272137 0.016742637380957607 0.028075506910681728 0.0050683242734521636 0.0016228971048513304 0.10102094337344171 0.013334879186004402 0.0015482241869904103 0.092294935137033476
decision_type=2 2 2 2 2 2 2 2 2 2 2 2 2 2
left_child=1 2 4 -3 5 9 -6 8 -8 12 -11 -12 13 -1
right_child=-2 3 -4 -5 6 -7 7 -9 -10 10 11 -13 -14 -15
leaf_value=-0.00088559956345808167 -0.0055755573315015537 -0.008655776281315912 -0.010807807790225818 0.011811933811839821 -0.0057276292250857258 -0.010521920037031608 -0.0022829132435054967 -0.0036784019977895524 0.017798051370288351 -0.013009503946191315 -0.0052813688012809954 0.0078982731661257962 -0.0030185893841761934 0.019274373357246521
leaf_weight=1.9403625762643075 6.7770595752517684 0.90406648436328296 6.0425524495076379 8.1286300802603346 2.6854448423255226 6.2513594861666197 2.4297941762488318 2.4798992181313215 7.9634893117472529 4.1099042450077858 9.1929164727916959 8.3642157916910929 3.7525079336628551 3.8983606211550068
leaf_count=348 180 89 128 208 70 167 75 65 243 61 199 189 212 278
internal_value=0.000101619 0.000851876 -0.000470427 0.00829369 0.00100192 -0.00143581 0.00654393 0.00973154 0.0132506 0.000814589 -0.00239748 0.00100963 0.00749128 0.0136754
internal_weight=74.9206 68.1435 59.1108 9.0327 53.0683 37.5096 15.5586 12.8732 10.3933 31.2583 21.667 17.5571 9.59123 5.83872
internal_count=2512 2332 2035 297 1907 1454 453 383 318 1287 449 388 838 626
is_linear=0
shrinkage=0.03


Tree=375
num_leaves=15
num_cat=0
split_feature=45 28 29 1 42 39 31 1 18 31 41 15 18 19
split_gain=0.354845 1.08395 0.83539 0.795423 0.786583 0.746869 0.677171 0.61556 0.807298 1.40842 1.39679 0.68894 0.685082 1.42199
threshold=0.035805663093924529 0.018738918439716316 0.031370786949992187 0.11021486297249795 0.029186377301812175 0.035612780600786216 1.2659067511558535 0.090884968638420119 0.046589611098170287 0.69888573884964 0.046798629686236388 0.46200785040855413 0.080999881029129042 0.16204630583524707
decision_type=2 2 2 2 2 2 2 2 2 2 2 2 2 2
left_child=1 3 4 7 -2 -6 -5 8 9 -1 -11 -12 13 -9
right_child=2 -3 -4 6 5 -7 -8 12 -10 10 11 -13 -14 -15
leaf_value=-0.0082969136805690832 0.00375980740725212 0.01122851114509448 0.0061943052933814613 -0.013260526954271283 0 -0.020438637443494494 0.0034384863204331311 -0.0031139427746343044 -0.0032703600704591532 -0.0031126710298999432 -0.00039513492263015815 0.020530341801372899 -0.0029790420693380595 0.022193394965261494
leaf_weight=3.3725363310077219 1.9277231235755588 6.18146709218854 2.8151392588042654 5.0522916103946036 2.6390066462918185 3.1385204241378233 1.8140011971117926 2.3410348808392873 29.734953914710786 3.6955383331951435 1.31779198651202 5.3941468155462644 2.4439035375835374 2.8883812678977847
leaf_count=74 48 143 93 157 66 115 48 26 499 466 25 633 78 41
internal_value=7.96191e-05 0.000990417 -0.00451184 -0.000387387 -0.0092029 -0.0137684 -0.00873 0.000961458 -0.000474463 0.00501835 0.0102168 0.01693 0.00782911 0.0127219
internal_weight=74.7564 64.236 10.5204 58.0546 7.70525 5.77753 6.86629 51.1883 43.515 13.78 10.4075 6.71194 7.67332 5.22942
internal_count=2512 2190 322 2047 229 181 205 1842 1697 1198 1124 658 145 67
is_linear=0
shrinkage=0.03


Tree=376
num_leaves=15
num_cat=0
split_feature=31 22 9 24 47 45 8 28 30 27 48 9 28 18
split_gain=0.344338 0.445526 0.682667 0.910948 1.00531 0.910354 1.42528 0.862795 0.962532 1.12576 0.846924 0.767706 0.993458 0.754743
threshold=2.0346519947052006 0.035349013283848769 0.086041759699583067 0.24045259563896615 0.073436547070741667 0.021537792868912223 0.54426836967468273 0.010431895711500976 0.01177474018186331 0.035431310534477241 0.015579411294311287 0.071025151759386076 0.0028453759291023448 0.042106678709387786
decision_type=2 2 2 2 2 2 2 2 2 2 2 2 2 2
left_child=1 2 7 4 -4 -6 -7 8 9 10 13 -10 -13 -1
right_child=-2 -3 3 -5 5 6 -8 -9 11 -11 -12 12 -14 -15
leaf_value=0.0064071555714409027 -0.0080659391221069889 -0.0038620333523520377 0.0092574581476900352 0.014696548762396108 0.0053831036614730189 -0.015069672971224735 0.0076414650679670175 -0.01382814513678295 0.016662582044009069 -0.012978464924851857 0.014169361314165092 -0.0094485469718985464 0.011381328636636767 -0.0055727655791290263
leaf_weight=5.1979671737644955 2.3606230326695359 13.703478025767252 7.6411311472766164 5.0560882803983977 4.9526835619471949 5.9996624630875885 1.9596658488735554 2.1801999102463006 3.1298255119763772 4.7142963632650199 1.7469261877413362 2.6638490904588252 1.6881785030709577 11.557461417804005
leaf_count=751 36 570 113 85 71 117 31 64 197 116 89 69 56 147
internal_value=8.31165e-05 0.000600275 0.0017885 0.00529116 0.00174631 -0.00314294 -0.00876511 -0.00100068 0.000608656 -0.00239856 0.00115389 0.00879426 0 -0.00140941
internal_weight=74.552 72.1914 58.4879 25.6092 20.5531 12.912 7.95933 32.8787 30.6985 23.2167 18.5024 7.48185 4.35203 16.7554
internal_count=2512 2476 1906 417 332 219 148 1489 1425 1103 987 322 125 898
is_linear=0
shrinkage=0.03


Tree=377
num_leaves=15
num_cat=0
split_feature=45 27 27 34 48 20 19 24 36 36 45 19 33 9
split_gain=0.344611 1.03238 1.1017 0.900253 0.903051 0.797823 0.988588 0.956488 0.957959 0.93325 0.796742 0.784628 0.736645 0.673667
threshold=0.035805663093924529 0.065385624766349806 0.058194275945425041 0.023780948067632854 0.02031667344272137 0.0016228971048513304 0.20530384033918384 0.15796610169491529 0.0013353335089050236 0.0015482241869904103 0.04893689043819905 0.092294935137033476 0.057285621762275703 0.11829384416341783
decision_type=2 2 2 2 2 2 2 2 2 2 2 2 2 2
left_child=1 2 3 4 5 9 -7 -8 -9 11 -2 -1 -4 -5
right_child=10 -3 12 13 -6 6 7 8 -10 -11 -12 -13 -14 -15
leaf_value=-0.00088708383017674277 -0.0091883118719136587 0.011294266716150704 -0.01740402165263745 0.0092821831735537055 -0.010292738785862203 -0.011760171948391079 0.0096787659974338358 -0.009848886592048722 0.0057157481215485582 -0.0030307367522962093 0.0057258397509199529 0.018995737979082637 0.001273109852691812 -0.0046776701863780129
leaf_weight=1.9304273667221439 7.4627955732285027 5.7475501902517854 3.236494004551786 13.253525814099701 6.1895325660589142 5.0784998612944063 5.7713777723256525 6.5668703414848988 4.1301011993782595 3.7197956629242981 2.9978769209701568 3.8320069811597932 2.1465386664494872 2.2814561737468457
leaf_count=348 223 164 68 404 167 63 94 194 98 212 99 278 50 50
internal_value=9.40501e-05 0.000994326 -0.000315824 0.00111161 -0.0013946 0.000805303 -0.00230872 0.00140139 -0.00364938 0.0073123 -0.00444038 0.0134361 -0.0112226 0.00676127
internal_weight=74.3448 63.8842 58.1366 52.7536 37.2186 31.0291 21.5468 16.4683 10.697 9.48223 10.4607 5.76243 5.38303 15.535
internal_count=2512 2190 2026 1908 1454 1287 449 386 292 838 322 626 118 454
is_linear=0
shrinkage=0.03


Tree=378
num_leaves=15
num_cat=0
split_feature=4 42 42 39 47 20 26 36 12 45 31 45 48 13
split_gain=0.350822 0.792504 0.848652 0.992853 0.884344 0.724487 0.689211 1.64308 0.777896 0.715511 0.875627 0.709003 0.703166 1.10944
threshold=0.46050645411014562 0.020549409091472629 0.016956037841737274 0.020954266190528873 0.15500855445861819 0.00028356481481481489 0.024591904133558277 0.0093605942092835921 0.49519173800945288 0.032291520386934287 1.002397954463959 0.047365933656692512 0.025315077975392345 0.093814082443714156
decision_type=2 2 2 2 2 2 2 2 2 2 2 2 2 2
left_child=-1 2 3 4 5 -2 8 9 -3 -8 -11 -9 -10 -14
right_child=1 6 -4 -5 -6 -7 7 11 12 10 -12 -13 13 -15
leaf_value=-0.0026294686271826719 0.0085675217667204404 0.0050263458666127076 0.014353959412014386 -0.012018017888878867 0.014300459146100442 -0.0056099559081452107 0 -0.015003751107270126 -0.014385714813924604 0.021190468298333064 -0.001654288888985893 0.0024700685030893152 0.01048140684445203 -0.011949821112979439
leaf_weight=25.17141319491202 3.1061119845981029 2.722748561762276 5.2484061811701386 1.9262473870767269 3.6589934836374587 6.8298081622342579 4.5038510414306057 3.1050994070246807 6.6814446418429707 3.5185967269353569 1.3883920896332709 2.2850068530533463 2.4172598792356439 1.5941480940673498
leaf_count=590 575 39 201 50 232 127 93 82 205 73 37 64 117 27
internal_value=8.4985e-05 0.00158707 0.00579702 0.00142413 0.00481812 -0.00023359 -0.00159108 0.00260246 -0.00614968 0.00961675 0.015685 -0.00852645 -0.0095754 5.81679e-05
internal_weight=74.1575 48.9861 20.7696 15.5212 13.5949 9.93592 28.2165 14.8009 13.4156 9.41084 4.90699 5.39011 10.6929 4.01141
internal_count=2512 1922 1185 984 934 702 737 349 388 203 110 146 349 144
is_linear=0
shrinkage=0.03


Tree=379
num_leaves=15
num_cat=0
split_feature=42 33 34 5 31 21 20 30 33 37 44 43 47 36
split_gain=0.34525 1.07307 0.841771 0.91804 0.695241 0.571614 0.582073 0.567289 0.97837 0.930312 0.905504 0.842387 0.858057 0.803014
threshold=0.011210839729756119 0.017453160136938099 0.0084324478588177227 0.046736393123865135 1.1223942041397097 0.094960894435644164 0.0016228971048513304 0.0089479903690516966 0.042809374630451209 0.0081319184973835962 0.05286404304206372 0.029552181251347068 0.10675329342484476 0.0076418877579271802
decision_type=2 2 2 2 2 2 2 2 2 2 2 2 2 2
left_child=1 4 3 -2 5 6 -1 -4 -9 -10 -11 -12 -13 -14
right_child=2 -3 7 -5 -6 -7 -8 8 9 10 11 12 13 -15
leaf_value=0.00018050704777903602 0.0075531277003817029 0.012593416353995919 -0.0080906331254161599 -0.011909975065757909 0.0084235243914917608 0.0066201706553791033 -0.016060592185955447 0.0068996026971700382 -0.012413422597330179 0.013038179563027972 -0.01067269588168889 0.011955347216305994 0.0031904187976763594 -0.0094576446307645494
leaf_weight=2.5573769050388346 1.1157541616557853 5.3517911911767433 3.8553384984988943 8.0665138908079808 1.7178881445215664 0.61902853671926994 3.23313950560987 18.091817117761821 3.8290684786625233 2.5752306336071369 4.6723167910240617 3.3967463622102541 9.5700831775902753 5.3380790995433918
leaf_count=270 108 134 125 169 190 67 39 544 92 33 116 99 313 213
internal_value=9.24378e-05 0.00413558 -0.000863709 -0.00834878 -0.00252468 -0.00712123 -0.0102977 0.00068194 0.00175328 -0.00155777 0.000743074 -0.00144849 0.00157757 -0.00174398
internal_weight=73.9902 13.4792 60.5109 9.18227 8.12743 6.40954 5.79052 51.3287 47.4733 29.3815 25.5525 22.9772 18.3049 14.9082
internal_count=2512 700 1812 277 566 376 309 1535 1410 866 774 741 625 526
is_linear=0
shrinkage=0.03


Tree=380
num_leaves=15
num_cat=0
split_feature=8 17 40 19 37 18 23 11 20 17 17 3 37 38
split_gain=0.335856 0.66843 1.16524 0.97047 0.84725 1.01311 0.791858 0.591872 0.662972 0.634772 1.17308 0.840448 0.796118 1.29018
threshold=0.44455729424953466 0.18546187877655032 0.029791835695505146 0.14611504226922992 0.066070549190044417 0.07380023226141931 0.10460804775357248 0.58627453446388256 0.0016228971048513304 0.038738010451197631 0.053469233214855201 0.67254903912544262 0.058846568688750274 0.19508337974548343
decision_type=2 2 2 2 2 2 2 2 2 2 2 2 2 2
left_child=1 2 3 -1 -3 6 -6 8 -2 -9 -11 -12 -13 -14
right_child=7 4 -4 -5 5 -7 -8 9 -10 10 11 12 13 -15
leaf_value=-0.0075270047151208821 0.015382700417562753 0.011111601911095358 -0.015171890347379889 0.0088640809931971095 -0.0050675682610927123 -0.011499006668842343 0.010714397383526301 -0.011653037318927069 0.00099992638101485828 0.014407161678712154 -0.0087453426820507229 0.0074001544576905104 -0.011030799660981165 0.0077481370046324476
leaf_weight=4.552367773838343 3.3353768105880581 4.0870446187909719 5.5771673935523713 4.4155114744789898 3.2969608622661308 4.3063748150598258 4.3257319178665057 1.9841624130349398 8.05273523746291 3.0245465117477606 7.3962196967913796 9.8418162588204741 6.0272398493834753 3.6083392547734547
leaf_count=63 421 122 159 93 60 207 116 229 124 153 181 292 170 122
internal_value=9.35388e-05 -0.00219152 -0.0064921 0.000414657 0.00183466 -0.00226744 0.00394211 0.00179923 0.00710515 -0.000314994 0.00102686 -0.00126879 0.00198062 -0.00361758
internal_weight=73.8316 30.5612 14.545 8.96788 16.0161 11.9291 7.62269 43.2704 11.3881 31.8823 29.8982 26.8736 19.4774 9.63558
internal_count=2512 820 315 156 505 383 176 1692 545 1147 918 765 584 292
is_linear=0
shrinkage=0.03


Tree=381
num_leaves=15
num_cat=0
split_feature=31 31 31 23 3 36 9 10 46 15 12 42 35 32
split_gain=0.340314 0.722243 1.17283 0.964226 1.23129 1.2343 0.659135 0.632956 0.771421 0.604158 1.42293 0.701676 1.27329 1.00153
threshold=0.70914399623870861 0.91442957520484935 0.96626582741737377 0.18431372940540316 0.50784316658973705 0.0076418877579271802 0.046724393963813789 0.21588254719972613 0.015408347826451065 0.50437846779823314 0.45205526053905493 0.032787622883915908 0.03885620832443238 0.011947447899729015
decision_type=2 2 2 2 2 2 2 2 2 2 2 2 2 2
left_child=-1 3 6 4 -2 7 -3 -6 -9 -4 -11 12 13 -12
right_child=1 2 9 -5 5 -7 -8 8 -10 10 11 -13 -14 -15
leaf_value=-0.0041795992970806188 -0.0076124740371485084 0.0042977048067523614 0.0076918967388000681 -0.0095439883062229756 -0.0022628480758751751 -0.0034446240732562299 -0.014717728418811226 0 0.020823118851820678 -0.014059380216904614 0.0036873480006531685 -0.0079733986281790431 0.014098419878176777 -0.010658413644085048
leaf_weight=11.569019436021334 2.1154734555748353 0.8565702882478935 7.6441236723912871 1.3740854673087586 0.9068107278435481 2.9431930140126488 5.348264598636888 2.2428561755077672 8.162874169458517 4.0486640055896741 13.232825943123325 3.301507696742191 5.7762368526891796 4.1285488192224866
leaf_count=300 48 91 149 48 44 66 139 106 258 140 764 100 149 110
internal_value=9.5595e-05 0.00104468 -0.000982421 0.00584783 0.00820139 0.0113805 -0.0113193 0.0154009 0.0172987 0.00110513 -0.000825871 0.00194133 0.00399723 -0.00031774
internal_weight=73.6511 62.082 44.3367 17.7453 16.3712 14.2557 6.20483 11.3125 10.4057 38.1319 30.4878 26.4391 23.1376 17.3614
internal_count=2512 2212 1642 570 522 474 230 408 364 1412 1263 1123 1023 874
is_linear=0
shrinkage=0.03


Tree=382
num_leaves=15
num_cat=0
split_feature=24 18 45 47 3 36 41 39 10 28 14 23 0 0
split_gain=0.340002 0.601519 0.590654 0.476614 0.792367 1.05168 0.69888 0.704096 1.09411 0.935879 0.794659 0.760244 0.652779 0.954999
threshold=0.001496362433862434 0.023527543991804126 0.011821487918496134 0.14113168418407443 0.46862745285034185 0.0064589525572955617 0.039054034277796752 0.023041900247335437 0.32294109463691717 0.00033227767602767608 0.39928531646728521 0.092156842350959792 0.54501101374626171 0.48779579997062689
decision_type=2 2 2 2 2 2 2 2 2 2 2 2 2 2
left_child=1 2 -1 6 -5 12 -2 9 -9 10 -8 -10 13 -6
right_child=3 -3 -4 4 5 -7 7 8 11 -11 -12 -13 -14 -15
leaf_value=0.0061888667307771379 0.0071335357461888094 0.0076466295677454742 -0.013417491667750435 -0.0085032197614649373 0.0080483407022303756 -0.0060558479905838984 -0.0098430212133252971 -0.011441422907500737 0.0091834298253359991 -0.014590371163995983 0.0059962381949249591 -0.0073035754066816481 0.012583731309714425 -0.0061183219944064048
leaf_weight=0.62781106427428213 3.0574604184948866 9.2550898001936712 1.22400018004555 3.6581791734788593 7.6092790988623218 5.7015892319614059 2.8261621753918069 2.8794187523308201 8.0093310202355479 8.3992310799076204 4.9132621633762028 1.5131609556847241 8.146320459636625 5.6557823097100481
leaf_count=276 99 302 104 69 176 239 41 121 168 185 190 45 370 127
internal_value=6.92327e-05 0.00450669 -0.00622949 -0.00078987 0.00175228 0.00372814 -0.00331173 -0.0049228 0.000307866 -0.0086985 -0.000313206 0.00549025 0.00675641 0.00180138
internal_weight=73.4761 11.1069 1.85181 62.3692 30.7712 27.113 31.598 28.5406 12.4019 16.1387 7.73942 9.52249 21.4114 13.2651
internal_count=2512 682 380 1830 981 912 849 750 334 416 231 213 673 303
is_linear=0
shrinkage=0.03


Tree=383
num_leaves=15
num_cat=0
split_feature=31 31 31 31 44 23 43 40 34 39 24 31 48 36
split_gain=0.33203 0.418301 1.3141 1.30772 0.942805 0.640491 1.50641 1.18524 1.39531 1.42403 1.22999 1.0141 1.1674 0.999883
threshold=2.0346519947052006 0.82545971870422374 0.91442957520484935 0.96626582741737377 0.19112961739301684 0.10784311592578889 0.10520248115062715 0.034060899168252952 0.031642323369565226 0.033478423953056342 0.032179757024438732 1.2978643178939822 0.0094765936955809611 0.0010505788959562781
decision_type=2 2 2 2 2 2 2 2 2 2 2 2 2 2
left_child=1 -1 4 -4 -3 7 -7 8 10 -10 13 12 -9 -5
right_child=-2 2 3 5 -6 6 -8 11 9 -11 -12 -13 -14 -15
leaf_value=-0.0027580220868693365 -0.007989064739040222 0.017291813243853354 -0.011116605114260393 0.013856372297540394 -0.0016349323433101691 -0.014090631120770806 0.0087339065094287436 -0.0022613008866733913 0.016884496931891989 -0.0071614820575670668 -0.017467527097015739 -0.0030982512318355163 0.020371372034718734 -0.0048650720142884617
leaf_weight=21.087101223012723 2.3209433620213522 5.4962592309238953 6.1739472023618864 1.5945186934695863 2.5990535748424008 4.1932154939859165 2.5805542668676935 1.9281376039143632 4.218411658803233 1.8420641409466041 3.5092635527253142 2.4678904865286304 6.388383821467869 6.9099844530646806
leaf_count=570 36 207 230 239 93 178 154 82 107 33 53 86 198 246
internal_value=4.842e-05 0.000564015 0.0020778 -0.000188631 0.011798 0.00211528 -0.0050446 0.00411112 -0.000612429 0.00924013 -0.00640612 0.0111196 0.0154122 0.000329313
internal_weight=73.3097 70.9888 49.9017 41.8064 8.09531 35.6324 6.77377 28.8587 18.0742 6.06048 12.0138 10.7844 8.31652 8.5045
internal_count=2512 2476 1906 1606 300 1376 332 1044 678 140 538 366 280 485
is_linear=0
shrinkage=0.03


Tree=384
num_leaves=15
num_cat=0
split_feature=9 34 24 33 45 45 12 23 25 17 23 21 39 41
split_gain=0.327438 0.696802 0.576733 0.516254 0.776526 1.23098 0.684435 0.865207 1.29888 1.16359 1.0395 0.835497 0.967837 0.827532
threshold=0.028894335031509403 0.001234087004061231 0.036780052036537891 0.033511172980070121 0.012643891386687757 0.0116967735812068 0.51137623190879833 0.050000011920928962 0.031321693211793906 0.037557721138000495 0.14705883711576465 0.03958432003855706 0.024378243833780292 0.19504020363092425
decision_type=2 2 2 2 2 2 2 2 2 2 2 2 2 2
left_child=-1 2 -2 4 5 -3 13 9 11 -8 -10 -9 -13 -5
right_child=1 3 -4 6 -6 -7 7 8 10 -11 -12 12 -14 -15
leaf_value=0.0097504364227383386 0.0018768540938928009 0.0042243011346017175 -0.013824445334552385 -0.0093056979489636298 0.0083196443034341816 -0.014574621793275302 -0.0085551049263807265 -0.015902469801063013 0.011329662320315643 0.016323946364164964 -0.0082137718009738184 0.011712134211018285 -0.0075679632883179845 0.0027884386000078779
leaf_weight=1.0248113226625708 2.1616847700206554 7.8121599521691696 3.8140557282022201 12.692378799110886 13.541585973041945 2.5802753928874154 0.72671409032773482 3.9823498120531458 6.8126241086283681 4.370047019678168 1.5820359037024898 1.8714273813529869 3.9362615026184358 6.1534672052948727
leaf_count=370 49 274 70 298 445 72 46 87 133 129 74 109 129 227
internal_value=4.39232e-05 -0.000313306 -0.0087221 0.000637204 0.00400995 -0.00179999 -0.00130589 0.00199206 -0.00120363 0.0109426 0.00648622 -0.00803364 0 -0.0053242
internal_weight=73.0619 72.0371 5.97574 66.0613 23.934 10.3924 42.1273 23.2815 18.1847 5.09676 8.39466 9.79004 5.80769 18.8458
internal_count=2512 2142 119 2023 791 346 1232 707 532 175 207 325 238 525
is_linear=0
shrinkage=0.03


Tree=385
num_leaves=15
num_cat=0
split_feature=42 33 34 5 45 45 26 45 22 39 41 5 39 28
split_gain=0.3364 0.978621 0.781861 0.858292 0.54882 1.1618 0.831143 0.969986 0.725758 0.855192 0.654895 0.622078 1.01796 0.586423
threshold=0.011210839729756119 0.017453160136938099 0.0084324478588177227 0.046736393123865135 0.013334879186004402 0.019811719655990604 0.016514585353434089 0.023156913928687576 0.034803485497832305 0.015196765307337047 0.068489782512187972 0.081748697906732573 0.016331935301423076 0.0086668144898087388
decision_type=2 2 2 2 2 2 2 2 2 2 2 2 2 2
left_child=1 -1 3 -2 10 8 -7 13 9 -6 -4 12 -9 -8
right_child=2 -3 4 -5 5 6 7 11 -10 -11 -12 -13 -14 -15
leaf_value=-0.0023573474548167204 0.007295707108409856 0.012186184617914222 0.0057088341238451185 -0.011639211818641351 -0.00034793410707654933 0.01161422309408984 -0.015601101720902032 -0.0081346783096075421 -0.0038003965499426363 0.018209003715742196 -0.012161898676230706 -0.0018390063896838358 0.014925899389060627 0.0022568953127727496
leaf_weight=7.9702688910838315 1.0829232031683185 5.2502105788153131 1.0460023973864725 7.9325937861285638 2.6151143040042353 2.2743323225586201 4.4943433005246325 0.84492633142508822 1.6403335623908777 5.6495490936067654 3.7835711900261231 23.642954494920559 3.393804952444043 1.2472521628369575
leaf_count=566 108 134 64 169 86 87 117 16 44 202 71 638 180 30
internal_value=3.33091e-05 0.00406354 -0.00091415 -0.00818077 0.000584438 0.00175117 -0.000821684 -0.00235192 0.00989922 0.0131212 -0.00731379 0.000140798 0.00871408 -0.0117534
internal_weight=72.8682 13.2205 59.6477 9.01552 50.6322 45.8026 35.8976 33.6233 9.905 8.26466 4.82957 27.8817 4.23873 5.7416
internal_count=2512 700 1812 277 1535 1400 1068 981 332 288 135 834 196 147
is_linear=0
shrinkage=0.03


Tree=386
num_leaves=15
num_cat=0
split_feature=9 7 15 0 14 11 4 0 30 11 5 44 45 34
split_gain=0.327971 0.658863 1.16094 1.11534 0.848976 0.878676 0.975091 1.27236 0.839199 0.689186 1.02019 1.67975 0.866756 0.784707
threshold=0.042747821658849723 0.43725490570068365 0.48016057908535009 0.44675701856613165 0.35204432904720312 0.70000001788139354 0.49137249588966375 0.48895636200904852 0.017391252331435684 0.50392159819602977 0.081748697906732573 0.050642302259802825 0.045706318691372878 0.0022840115613553119
decision_type=2 2 2 2 2 2 2 2 2 2 2 2 2 2
left_child=-1 -2 -3 -4 5 6 7 8 -5 -6 11 -11 -12 -13
right_child=1 2 3 4 9 -7 -8 -9 -10 10 12 13 -14 -15
leaf_value=0.0057841274826499834 -0.010653827580377109 0.013035215328825331 -0.01171064598536465 0.015163780164409123 -0.0097770144517619097 -0.0071550665264349493 0.019702405529436872 -0.012302642360449544 -0.0036771238855513701 -0.0070618366806742593 -0.0062432319708031168 -0.0044006127987068844 0.0092935366773495686 0.014660987396963846
leaf_weight=6.1060995494699446 3.4103159431833765 3.8322111717425278 5.6360148024687069 3.6620242967619543 5.6289078532136037 1.6866079166647967 3.4453281201422215 1.8194814209709873 2.0344112502643839 4.5595503322692812 18.748145370744172 1.1366977067664255 1.8687292106915254 9.0995229006221034
leaf_count=710 65 62 204 77 72 84 63 85 58 216 343 18 38 417
internal_value=4.31681e-05 -0.000593035 0.000214517 -0.000962843 0.000491582 0.00675465 0.00990021 0.00189503 0.0088382 -0.001593 8.0796e-05 0.00575169 -0.00400503 0.0119258
internal_weight=72.674 66.5679 63.1576 59.3254 53.6894 12.6479 10.9612 7.51592 5.69644 41.0416 35.4126 14.7958 20.6169 10.2362
internal_count=2512 1802 1737 1675 1471 367 283 220 135 1104 1032 651 381 435
is_linear=0
shrinkage=0.03


Tree=387
num_leaves=15
num_cat=0
split_feature=24 18 1 47 0 0 16 41 24 22 39 10 28 14
split_gain=0.332677 0.572957 0.733786 0.458267 0.693632 1.29542 1.15536 0.678911 0.668979 0.794827 0.666028 1.02957 0.867149 0.745152
threshold=0.001496362433862434 0.023527543991804126 0.056223612278699882 0.14113168418407443 0.54501101374626171 0.58260077238082897 0.00043105498477929988 0.039054034277796752 0.066842554989405722 0.016056254506111148 0.023041900247335437 0.32294109463691717 0.00033227767602767608 0.39928531646728521
decision_type=2 2 2 2 2 2 2 2 2 2 2 2 2 2
left_child=1 2 -1 7 8 -6 -7 -2 -5 -10 12 -12 13 -9
right_child=3 -3 -4 4 5 6 -8 10 9 -11 11 -13 -14 -15
leaf_value=0.0070447216866602906 0.0070185011953009151 0.0075418166484513913 -0.014670109520202689 0.0071945799083962848 0.019352744859683687 0.0076185417175688025 -0.010254785999686189 -0.0096679098970380989 0.0050209194981336398 -0.0085913948835705713 -0.011238232188736177 0.0052985886623882397 -0.014308820638203761 0.0057373848795359726
leaf_weight=0.72647181540378269 3.0249972550955162 9.1233027876442048 1.0926105737453324 3.4985448336810867 2.835959814983652 5.8023822076502238 3.5815641727531329 2.7824599064188105 3.6538937865989274 11.031056844338307 2.8129594470956354 9.3789798693032917 8.2706645350845047 4.843381456885254
leaf_count=353 99 302 27 59 119 281 98 41 52 372 121 213 185 190
internal_value=4.09861e-05 0.0044604 -0.00606473 -0.000813586 0.00169077 0.00673662 0 -0.0033057 -0.0018831 -0.00482874 -0.00490989 0.000225718 -0.00860136 -0.000412772
internal_weight=72.4592 10.9424 1.81908 61.5168 30.4034 12.2199 9.38395 31.1134 18.1835 14.685 28.0884 12.1919 15.8965 7.62584
internal_count=2512 682 380 1830 981 498 379 849 483 424 750 334 416 231
is_linear=0
shrinkage=0.03


Tree=388
num_leaves=15
num_cat=0
split_feature=5 5 1 22 5 34 5 24 2 6 28 7 9 21
split_gain=0.315423 0.629938 0.680026 0.979193 0.694056 0.804564 0.963065 0.867105 0.807167 0.994005 1.20152 0.908344 0.900603 0.690473
threshold=0.20074911415576938 0.12812129408121112 0.096614055335521712 0.019534729421138767 0.094087909907102599 0.0019708171576463432 0.045829186215996749 0.10455709790426589 0.40980392694473272 0.59803923964500438 0.00022896537842190021 0.51960787177085888 0.081728525459766402 0.013001694809645416
decision_type=2 2 2 2 2 2 2 2 2 2 2 2 2 2
left_child=1 2 4 -4 5 6 7 -1 -7 10 11 -10 -12 -6
right_child=-2 -3 3 -5 13 8 -8 -9 9 -11 12 -13 -14 -15
leaf_value=0.010759073622472057 0.008717636450682225 -0.0063171015926582188 -0.0062176398870473501 0.010853176816067197 0.0038189978337659302 0.0092174111700643341 -0.014910502741180949 -0.0087209142861742854 -0.005994901385257924 0.012463742779011081 -0.011650088834270083 0.012870701959051791 0.0034671145214923717 -0.012960961079819582
leaf_weight=2.6849813776425417 1.6217354095424514 11.190388316579627 2.3969293944537631 9.4352053041802701 1.785138438339344 10.251154026365837 3.6940923454239964 1.6401300457364412 1.9188849358470239 2.5351529036197453 10.28834195161471 4.1895888157960144 3.5430526279378673 5.0672153090126812
leaf_count=243 90 402 32 155 23 162 48 118 30 325 304 357 71 152
internal_value=4.46153e-05 -0.000347846 0.000896378 0.00677913 -0.0007199 0.000829027 -0.0066114 0.00247597 0.00301438 -0.000214336 -0.0029522 0.00655746 -0.00763937 -0.00837545
internal_weight=72.242 70.6203 59.4299 11.8321 47.5977 40.7454 8.0192 4.32511 32.7262 22.475 19.9399 6.10847 13.8314 6.85235
internal_count=2512 2422 2020 187 1833 1658 409 361 1249 1087 762 387 375 175
is_linear=0
shrinkage=0.03


Tree=389
num_leaves=15
num_cat=0
split_feature=47 38 36 0 20 45 19 23 3 47 14 37 48 23
split_gain=0.318271 0.751875 0.745607 1.03943 0.565119 0.939549 0.910417 1.05484 1.53955 0.788441 0.500219 0.472185 0.900498 0.771744
threshold=0.14113168418407443 0.15240749716758731 0.0064589525572955617 0.54501101374626171 0.020476572039072043 0.019356430508196357 0.32742944359779363 0.11666667461395265 0.46862745285034185 0.37738297879695898 0.58999809622764599 0.0032492514001205568 0.024257265031337742 0.033333346247673042
decision_type=2 2 2 2 2 2 2 2 2 2 2 2 2 2
left_child=1 11 3 4 5 -2 -6 8 -8 -9 -5 12 13 -1
right_child=2 -3 -4 10 6 -7 7 9 -10 -11 -12 -13 -14 -15
leaf_value=0.0096512390158533332 0.015465660421808506 -0.012549786421692005 -0.0060259787863720798 0.015498136311969123 -0.012896911386507533 -0.0061735336344705873 -0.0054806355845572292 -0.014675793635436266 0.019218432716441206 0.0046055291334421763 -0.00013200209462687379 0.0015116944046590227 -0.015307686659219947 -0.0088780842996476327
leaf_weight=2.914692440579528 2.577323606121364 3.0024530890514134 5.6064194468199267 6.1416502594074691 3.4676707537146276 1.3375365908723322 2.5574475026223791 2.4875786659540609 3.1555039254599251 1.7269195062108336 1.8543733168335164 31.031832200547797 2.8157397310133092 1.4075882148463277
leaf_count=337 68 100 239 286 54 20 43 96 65 45 86 988 60 25
internal_value=4.76687e-05 -0.00160713 0.00230658 0.00456863 0 0.00797769 -0.00292998 0.00187875 0.00921865 -0.00735286 0.012272 -8.97136e-05 -0.0061871 0.00224286
internal_weight=72.0847 41.1723 30.9124 25.306 17.31 3.91486 13.3951 9.92745 5.71295 4.2145 7.99602 38.1699 7.13802 4.32228
internal_count=2512 1510 1002 763 391 88 303 249 108 141 372 1410 422 362
is_linear=0
shrinkage=0.03


Tree=390
num_leaves=15
num_cat=0
split_feature=26 39 25 18 19 31 31 47 24 18 11 24 3 21
split_gain=0.320542 1.0322 0.829206 0.752352 0.619744 0.514175 1.04624 0.933301 1.20768 1.04846 0.996404 0.973073 0.936649 0.893875
threshold=0.036013042554259307 0.036317346617579467 0.032485084608197219 0.083576641976833357 0.069811157882213606 0.82545971870422374 0.91442957520484935 0.13357876986265185 0.032179757024438732 0.050474219024181373 0.61666667461395275 0.12683423913043482 0.5000000149011613 0.12800982594490054
decision_type=2 2 2 2 2 2 2 2 2 2 2 2 2 2
left_child=1 2 4 -3 -1 -6 -7 8 10 -10 12 -9 -8 -13
right_child=-2 3 -4 -5 5 6 7 11 9 -11 -12 13 -14 -15
leaf_value=0.012132570306325818 0.0061670535210172879 -0.016513192029054689 0.011580042522017248 0.0027135229598716812 -0.0056938190440971297 0.010359028008911598 0.0092374517390475322 0.012148863192611837 0.0056320620898398484 -0.018324847833026296 0.010922678109556667 -0.00562132313111485 -0.0088090811582912359 0.011609758119035125
leaf_weight=1.34622150324867 5.0283019123016848 3.7720984367188057 3.7060759583837344 1.604864662454929 14.145042305608511 6.0911916109034783 1.5126244875136787 5.2240089229599134 0.86785732785938208 5.8664382386486977 3.2652908399468279 9.5085837540100311 8.4618539614311867 1.5181083842180658
leaf_count=418 171 67 93 108 328 197 28 121 75 129 141 307 235 94
internal_value=2.82658e-05 -0.000555297 0.000649932 -0.0111881 -0.000364459 -0.00111862 0.000530992 -0.00149865 -0.00565211 -0.0143113 0 0.00350203 -0.00473604 -0.00160049
internal_weight=71.9186 66.8903 61.5133 5.37696 57.8072 56.461 42.316 36.2248 19.9741 6.7343 13.2398 16.2507 9.97448 11.0267
internal_count=2512 2341 2166 175 2073 1655 1327 1130 608 204 404 522 263 401
is_linear=0
shrinkage=0.03


Tree=391
num_leaves=15
num_cat=0
split_feature=42 33 34 5 31 30 33 1 34 36 42 23 21 36
split_gain=0.314985 0.913928 0.737928 0.806848 0.634214 0.522406 0.901351 0.639291 1.49897 1.55101 0.79778 0.9108 1.03229 0.679698
threshold=0.011210839729756119 0.017453160136938099 0.0084324478588177227 0.046736393123865135 1.1223942041397097 0.0089479903690516966 0.033046117052435882 0.073135357350111022 0.029272508528265111 0.0047025159001350412 0.039453636854887016 0.070588234812021269 0.01804322469979525 0.0093605942092835921
decision_type=2 2 2 2 2 2 2 2 2 2 2 2 2 2
left_child=1 4 3 -2 -1 -4 -7 -8 -9 -10 11 12 -11 -12
right_child=2 -3 5 -5 -6 6 7 8 9 10 13 -13 -14 -15
leaf_value=-0.0067621870307862462 0.0071007155842008713 0.011881028405189254 -0.0078977162075968242 -0.011361058293113761 0.0082220666512059989 0.010571403336823717 0.0063169097274303546 -0.013471718060555396 0.010973091140273759 -0.0088113721501925993 0.012011766448591747 -0.015460041334330694 0.010995449030940924 -0.0031750274548604861
leaf_weight=6.1786213296145416 1.0507347410166383 5.1626375863561407 3.7338745561428359 7.7818553392135072 1.6557362463427123 6.4249496723059556 8.2855195563752186 6.1393774446332854 7.7308057926129576 3.031544863595629 2.499849821208044 5.0976877113571391 2.4563951318850741 4.4937286771018989
leaf_count=376 108 134 125 169 190 218 360 164 168 48 80 194 39 139
internal_value=6.27677e-05 0.00399092 -0.000859996 -0.00798238 -0.00226224 0.000602104 0.00165137 -0.00015655 -0.00222743 0.00117704 -0.00365857 -0.00834804 0.000222391 0.0033839
internal_weight=71.7233 12.997 58.7263 8.83259 7.83436 49.8937 46.1599 39.7349 31.4494 25.31 17.5792 10.5856 5.48794 6.99358
internal_count=2512 700 1812 277 566 1535 1410 1192 832 668 500 281 87 219
is_linear=0
shrinkage=0.03


Tree=392
num_leaves=15
num_cat=0
split_feature=31 22 41 41 21 4 27 40 15 27 28 36 3 14
split_gain=0.31734 0.413938 0.584398 1.15246 0.840845 1.01381 0.77374 0.757673 0.58597 0.811527 1.00927 1.08811 0.893577 0.898987
threshold=2.0346519947052006 0.035349013283848769 0.13215573132038119 0.12098061665892602 0.081639517098665251 0.46300752460956579 0.056353330612182624 0.051149675622582443 0.75445273518562328 0.058194275945425041 0.0018435434819463639 0.00094098463887348782 0.49607843160629278 0.39928531646728521
decision_type=2 2 2 2 2 2 2 2 2 2 2 2 2 2
left_child=1 2 3 8 7 -6 -7 -4 9 10 11 -1 -13 -14
right_child=-2 -3 4 -5 5 6 -8 -9 -10 -11 -12 12 13 -15
leaf_value=0.0077861002278870918 -0.007852351819099327 -0.0037790655149716021 -3.0609384000235734e-05 -0.015252344746329775 -0.010223825119896805 0.014231423502935237 -0.0055799716146604271 0.013170500165263922 0.0098985042836673576 -0.00893022134213085 0.010045888071407497 0.00777337118561593 -0.018395989529959019 0
leaf_weight=4.2084112784286942 2.2462503685383117 13.223737060005076 5.1266434931894791 2.3601261334260917 4.3138471938436833 2.3856500282417987 1.3063306293915955 10.001493188407037 3.7224843029980539 5.8641949442680916 7.1872661968518505 1.1251511289738108 4.2677539773285371 4.181281948571268
leaf_count=347 36 570 92 56 62 203 18 273 214 87 174 18 49 313
internal_value=6.99071e-05 0.000582014 0.00175733 -0.00075169 0.00522244 -0.00205749 0.00719693 0.00904054 0.00114434 -0.000568369 0.00221336 -0.00243646 -0.00775804 -0.0112054
internal_weight=71.5206 69.2744 56.0506 32.9167 23.134 8.00583 3.69198 15.1281 30.5565 26.8341 20.9699 13.7826 9.57419 8.44904
internal_count=2512 2476 1906 1258 648 283 221 365 1202 988 901 727 380 362
is_linear=0
shrinkage=0.03


Tree=393
num_leaves=15
num_cat=0
split_feature=24 31 17 43 43 24 40 34 39 10 19 40 4 6
split_gain=0.320059 0.608607 0.642604 0.960065 1.29419 1.40833 0.940562 0.697652 1.13507 0.676137 1.3122 1.36212 1.08007 0.636704
threshold=0.0028226981351981355 1.3650921583175661 0.07478306815028192 0.024226451292634014 0.041671706363558776 0.065325218023255832 0.018307724036276344 0.0018336761788048555 0.015055807773023845 0.28823530673980718 0.47789521515369421 0.066372800618410124 0.63914197683334362 0.38490200042724615
decision_type=2 2 2 2 2 2 2 2 2 2 2 2 2 2
left_child=-1 2 -2 -4 6 -6 -5 -7 -9 10 11 -10 -11 -3
right_child=1 13 3 4 5 7 -8 8 9 12 -12 -13 -14 -15
leaf_value=0.0041399275020335821 -0.0060942105886390993 -0.01355226428899672 0.011932616410631862 0.0056859389988840299 0.015440370363424164 -0.010304341040675733 -0.014402484494406105 0.013198537538116905 -0.0042579958992547094 -0.011766859663358968 -0.0092221825884469203 0.021347717040482904 0.0040547925778235752 0.0020745422473103983
leaf_weight=12.257850953814339 9.1300323913601442 4.206349487125407 5.2638384995516381 1.3877255282131944 4.4163061514555038 3.1160073744249557 5.902067240094766 4.0879091751412515 1.8547714343003487 7.309223081043454 2.0349754958297126 2.865741836023517 4.9441225352638867 2.5518812302616425
leaf_count=739 231 122 100 24 134 136 175 140 104 129 123 88 203 64
internal_value=5.76731e-05 -0.000848151 0.000310602 0.00194097 0 0.00283701 -0.00985458 -0.000124105 0.0018415 -0.00148203 0.0050537 0.0125673 -0.00549929 -0.00818282
internal_weight=71.3288 59.071 52.3127 43.1827 37.9188 30.6291 7.28979 26.2128 23.0967 19.0088 6.75549 4.72051 12.2533 6.75823
internal_count=2512 1773 1587 1356 1256 1057 199 923 787 647 315 192 332 186
is_linear=0
shrinkage=0.03


Tree=394
num_leaves=15
num_cat=0
split_feature=4 14 14 22 10 48 1 2 39 6 3 6 18 16
split_gain=0.308561 0.524496 1.0345 0.746577 0.650059 0.679412 0.736197 0.635552 0.904898 0.918933 1.01986 0.788412 0.851952 0.7663
threshold=0.72129708528518688 0.49872256815433508 0.525405913591385 0.029135359451174739 0.38627451658248907 0.0092685590498149412 0.11104542389512063 0.40980392694473272 0.015055807773023845 0.39705882966518408 0.62549021840095531 0.33529412746429449 0.055260380730032928 0.0018840855520324796
decision_type=2 2 2 2 2 2 2 2 2 2 2 2 2 2
left_child=1 4 -3 -4 7 -6 -7 11 13 -10 -11 -1 -13 -9
right_child=-2 2 3 -5 5 6 -8 8 9 10 -12 12 -14 -15
leaf_value=-0.0016485225617850394 0.0058373185162347878 -0.01450014096165448 0.01288286764383084 -0.0053488530640052731 -0.0055761750891692771 0.012985287219447464 -0.0057833446639456616 0.011528482534657008 -0.018186115178793524 -0.01191130744033933 0.008054327802093102 -0.0016509208141504213 0.014139618674355462 -0.0064973959290631688
leaf_weight=23.16199985743151 5.5755002035439238 4.4117009333567676 1.6091390259753096 2.5828113376628608 1.6170720573572896 7.6110912798903865 0.87792199966497708 2.5968401603167868 4.3826122611062583 2.0901909609092399 3.2306221800390631 4.1609181254170817 5.249281576834619 1.9729490805184466
leaf_count=665 322 216 402 42 97 315 18 107 87 28 63 70 54 26
internal_value=6.27492e-05 -0.000542249 -0.00669461 0.0030658 0.000531888 0.00677257 0.0100256 -0.000975194 -0.00586759 -0.0104811 -0.000490434 0.00129731 0.00782904 0.0036806
internal_weight=71.1307 65.5552 8.60365 4.19195 56.9515 10.1061 8.48901 46.8454 14.2732 9.70343 5.32081 32.5722 9.4102 4.56979
internal_count=2512 2190 660 444 1530 430 333 1100 311 178 91 789 124 133
is_linear=0
shrinkage=0.03


Tree=395
num_leaves=15
num_cat=0
split_feature=38 37 20 29 36 37 38 17 43 42 2 34 42 13
split_gain=0.309458 0.972715 0.88384 1.12326 0.844665 0.788604 1.11037 1.02938 0.702428 0.684877 0.62933 0.446891 1.08942 0.967959
threshold=0.2259573116898537 0.064251434057950987 0.23444921725849563 0.0064269215799868116 0.0013490979326888921 0.047273717820644386 0.10311611369252206 0.096831176429986968 0.024226451292634014 0.010613774415105583 0.7235294282436372 0.019576974445351846 0.020549409091472629 0.044032663106918342
decision_type=2 2 2 2 2 2 2 2 2 2 2 2 2 2
left_child=1 5 4 -4 -2 6 7 11 -8 -7 -3 13 -13 -1
right_child=2 10 3 -5 -6 9 8 -9 -10 -11 -12 12 -14 -15
leaf_value=0.0068983287397868537 -0.0018027477096825739 -0.012760252919216097 0.010028854977055184 -0.0093502901716955682 0.01573299129148429 -0.004944248913062211 0.00240292968241455 0.012739299066782365 -0.012564818943886108 0.012311383139382357 0.004708846398011687 0.013907317634245948 -0.0020406104417811143 -0.0099775769127671745
leaf_weight=2.6017235087492789 2.8641381883935519 6.6418141635949715 2.0951502428215463 5.831459793727845 4.780196051025996 1.2777934888435982 2.7589655275805836 4.3691867101297239 7.6928080543584656 6.0883603543916252 0.96436682803323481 3.2918399436748578 12.040778421389403 7.6749406649905723
leaf_count=470 111 204 70 216 135 45 69 124 200 225 69 145 250 179
internal_value=5.13641e-05 -0.000975548 0.00357108 -0.00293723 0.00984038 0.000689086 -0.00101481 0.00191673 -0.0086215 0.00858118 -0.00971385 -0.000610111 0.00241992 -0.00503298
internal_weight=70.9735 55.4026 15.5709 7.92661 7.64433 47.7964 40.4302 29.9785 10.4518 7.36615 7.60618 25.6093 15.3326 10.2767
internal_count=2512 1980 532 286 246 1707 1437 1168 269 270 273 1044 395 649
is_linear=0
shrinkage=0.03


Tree=396
num_leaves=15
num_cat=0
split_feature=36 42 30 4 22 11 27 31 35 36 37 37 47 3
split_gain=0.304979 0.706882 0.702352 0.565108 0.512134 1.23232 0.814978 0.732879 0.651268 0.67362 0.819003 0.920068 0.835605 0.793531
threshold=0.010011733043938877 0.039453636854887016 0.025666889734566215 0.56882748007774364 0.029135359451174739 0.61666667461395275 0.056353330612182624 0.80187565088272106 0.03885620832443238 0.0011152293300256135 0.049250403419137008 0.0090150125324726122 0.28714093565940862 0.42352941632270819
decision_type=2 2 2 2 2 2 2 2 2 2 2 2 2 2
left_child=1 4 -2 -4 5 6 8 -7 9 13 11 -11 -12 -1
right_child=2 -3 3 -5 -6 7 -8 -9 -10 10 12 -13 -14 -15
leaf_value=-0.0054692737962030004 -0.012838058172759194 0.011772439479575018 -0.005925415771845942 0.010533660796222163 -0.004001909930170528 -0.00034898417443874312 -0.010516366448946169 0.016684206786370063 0.010206244351686315 0.0046992278401243237 0.012332501950750011 -0.012523828303689822 -0.0052544541973973975 0.0095832077578721277
leaf_weight=2.9494808199815505 2.9587223344133227 2.8903735838830462 1.6282041583326647 1.8687256160192189 18.521716705581639 2.8004873050886081 4.4460603934712699 4.752433531517454 3.8893046934972508 2.2794221017247791 2.7553425975493147 8.8780145802302268 3.0245892222737893 7.1572879165250924
leaf_count=37 93 95 54 33 583 98 68 447 68 124 83 204 53 472
internal_value=7.06893e-05 0.000792128 -0.00525177 0.00295678 -3.18071e-05 0.00171608 -0.000745755 0.0113037 0.00112084 -0.000695303 -0.00427095 -0.00859775 0.00375888 0.00476478
internal_weight=70.8002 64.3445 6.45565 3.49693 61.4541 42.9324 35.3795 7.55292 30.9334 27.0441 16.9374 11.1574 5.77993 10.1068
internal_count=2512 2332 180 87 2237 1654 1109 545 1041 973 464 328 136 509
is_linear=0
shrinkage=0.03


Tree=397
num_leaves=15
num_cat=0
split_feature=45 28 1 45 4 1 23 17 43 9 15 38 21 21
split_gain=0.312296 0.959762 0.774483 0.734561 0.991427 0.720346 0.874342 1.12903 1.08416 0.672859 0.935768 0.706544 0.748633 0.662093
threshold=0.035805663093924529 0.018738918439716316 0.10446975007653238 0.037051474675536163 0.53397855162620556 0.098576750606298461 0.025490209460258487 0.069082275032997145 0.024226451292634014 0.093341149389743819 0.52872592210769664 0.16946524381637576 0.081639517098665251 0.12999725341796878
decision_type=2 2 2 2 2 2 2 2 2 2 2 2 2 2
left_child=1 2 5 -2 -5 6 -1 -8 -9 10 11 -10 -13 -11
right_child=3 -3 -4 4 -6 -7 7 8 9 13 -12 12 -14 -15
leaf_value=0.010920987569085655 -0.016624374954979929 0.010745739704143284 -0.0081856066894149676 -0.0094600360380206333 0.0073985328257261387 0.012169753783730638 -0.01024052472476831 0.011136158950438891 -0.012619543685585616 -0.014717625593099129 0.0066512202086754383 0.0082476428534037066 -0.0069474679643104402 0.004205637803752214
leaf_weight=3.7289428329822831 1.1984200438018877 5.9187694752472444 7.6260589546291149 3.5262033163453435 5.2660624623531476 2.7835316506680092 8.3135921678913274 5.5961711540585375 3.8217904874181894 3.5701852946076533 10.626717518403892 3.9916201854357496 3.6299237193597946 1.0323077098000792
leaf_count=445 30 143 236 172 120 41 316 82 60 121 556 76 83 31
internal_value=8.1958e-05 0.000968145 -0.000378147 -0.00431098 0 0.00110697 -1.8744e-05 -0.00156013 0.00105586 -0.00158372 0.000740246 -0.00469863 0.000759029 -0.0100306
internal_weight=70.6303 60.6396 54.7208 9.99069 8.79227 47.0948 44.3113 40.5823 32.2687 26.6725 22.0701 11.4433 7.62154 4.60249
internal_count=2512 2190 2047 322 292 1811 1770 1325 1009 927 775 219 159 152
is_linear=0
shrinkage=0.03


Tree=398
num_leaves=15
num_cat=0
split_feature=24 36 12 26 47 31 33 42 35 26 34 43 27 33
split_gain=0.309036 0.604165 0.696724 0.800316 0.700552 0.589596 0.61224 1.19168 0.958242 0.865456 0.839457 1.08832 0.826125 1.47989
threshold=0.0028226981351981355 0.0018201425555162134 0.50849232077598583 0.02209828328341246 0.023939103819429878 1.3650921583175661 0.016458860598504547 0.011210839729756119 0.025331662036478523 0.015083336737006904 0.023780948067632854 0.024226451292634014 0.055899059399962432 0.057285621762275703
decision_type=2 2 2 2 2 2 2 2 2 2 2 2 2 2
left_child=1 -1 3 -3 -4 6 -2 -8 -9 -10 11 -11 -12 -14
right_child=5 2 4 -5 -6 -7 7 8 9 10 12 -13 13 -15
leaf_value=0.011734696604929496 -0.0074274711250311458 -0.011835100382198592 -0.0070464265741046221 0.0055031742069200753 0.015068592705148633 -0.0080900131222578064 0.013852697838679061 -0.0098433550634079835 0.013444698288188272 0.0049801420114128697 0.0093427536068207331 -0.014247090444930555 -0.013614195861365806 0.0039493808550265961
leaf_weight=3.6546631222809074 5.7812095813715123 4.1670015445270092 0.31739261133770957 2.1346351411193609 1.8602552269876467 6.6462834134290452 4.2489724307088172 5.682223937532398 2.9660734199569552 2.6778657457907675 8.5168451560603007 4.9956671055988409 4.0772792982752462 12.74815420352388
leaf_count=474 253 64 24 27 150 186 76 151 120 48 266 154 107 412
internal_value=7.3482e-05 0.00410088 -0.000514748 -0.00568966 0.00929692 -0.000822597 0.000322428 0.00163019 -0.000124997 0.00176824 0 -0.00758476 0.00269784 -0.0011416
internal_weight=70.4745 12.1339 8.47928 6.30164 2.17765 58.3406 51.6943 45.9131 41.6641 35.9819 33.0158 7.67353 25.3423 16.8254
internal_count=2512 739 265 91 174 1773 1587 1334 1258 1107 987 202 785 519
is_linear=0
shrinkage=0.03


Tree=399
num_leaves=15
num_cat=0
split_feature=45 26 45 4 1 1 23 17 43 13 9 11 38 24
split_gain=0.314361 0.97097 0.709791 0.946161 0.704747 0.734928 0.88135 1.03281 1.10157 0.700274 0.656068 1.05216 0.952647 0.674741
threshold=0.035805663093924529 0.026402797549963001 0.037051474675536163 0.53397855162620556 0.10446975007653238 0.098576750606298461 0.025490209460258487 0.069082275032997145 0.024226451292634014 0.14845907688140872 0.093341149389743819 0.50392159819602977 0.16946524381637576 0.078659582039337497
decision_type=2 2 2 2 2 2 2 2 2 2 2 2 2 2
left_child=1 4 -2 -4 5 6 -1 -8 -9 -3 11 12 -10 -14
right_child=2 9 3 -5 -6 -7 7 8 10 -11 -12 -13 13 -15
leaf_value=0.01077624070272964 -0.016440673281542549 0.014504310166639268 -0.00932400648165496 0.007162172614279717 -0.0082919811652356554 0.012118887974231699 -0.010080751890238111 0.010935956539076792 -0.013724783351956642 -0.0031953396986767304 -0.01045321828981367 0.0080195522333271641 0.011175626726819704 -0.0032607018185222647
leaf_weight=3.6978129127892307 1.1951209352118883 5.1936514342960427 3.5089744289289211 5.2638356405077502 6.8361504099448203 2.7542695672018445 8.2797402207870601 5.5744842913700294 4.0906323230883634 1.5882562379701992 4.331266716355457 8.0962240917724539 2.1217083589290251 7.7232278421870433
leaf_count=443 30 123 172 120 201 39 316 81 66 68 148 419 58 228
internal_value=7.62302e-05 0.000969359 -0.00433415 0 -0.000477329 0.000899432 -0.000236124 -0.00178227 0.000747987 0.0102339 -0.00191973 0.000363382 -0.00434465 0.000958902
internal_weight=70.2554 60.2874 9.96793 8.77281 53.5055 46.6694 43.9151 40.2173 31.9375 6.78191 26.3631 22.0318 13.9356 9.84494
internal_count=2512 2190 322 292 1999 1798 1759 1316 1000 191 919 771 352 286
is_linear=0
shrinkage=0.03


end of trees

feature_importances:
saturation_std=362
gradient_axis_ratio=289
red_excess_std=255
dark_line_fraction=227
edge_r1c2=208
blue_std=196
rust_colour_fraction=194
laplacian_variance=179
edge_r2c1=161
dark_pixel_fraction=158
red_excess_q90=158
blue_mean=143
saturation_r2c2=136
gray_q10=134
green_std=132
green_mean=126
blue_q90=121
dark_line_q90=120
vertical_gradient_mean=118
red_std=114
red_excess_r1c2=110
blue_q10=106
saturation_q90=105
saturation_r1c2=104
high_saturation_fraction=99
red_q10=87
edge_r1c1=87
red_excess_r1c1=84
saturation_r1c1=82
edge_std=81
edge_fraction=79
edge_r2c2=78
green_q10=76
horizontal_gradient_mean=76
gray_mean=74
red_q90=73
saturation_r2c1=72
red_excess_mean=69
edge_mean=69
edge_q90=67
red_mean=66
saturation_mean=59
gray_std=51
red_excess_r2c1=50
red_excess_r2c2=47
green_q90=40
gray_q90=39
local_contrast_std=24
dark_line_mean=15

parameters:
[boosting: gbdt]
[objective: binary]
[metric: binary_logloss]
[tree_learner: serial]
[device_type: cpu]
[data_sample_strategy: bagging]
[data: ]
[valid: ]
[num_iterations: 400]
[learning_rate: 0.03]
[num_leaves: 15]
[num_threads: 4]
[seed: 42]
[deterministic: 1]
[force_col_wise: 1]
[force_row_wise: 0]
[histogram_pool_size: -1]
[max_depth: -1]
[min_data_in_leaf: 30]
[min_sum_hessian_in_leaf: 0.001]
[bagging_fraction: 1]
[pos_bagging_fraction: 1]
[neg_bagging_fraction: 1]
[bagging_freq: 0]
[bagging_seed: 400]
[bagging_by_query: 0]
[feature_fraction: 0.85]
[feature_fraction_bynode: 1]
[feature_fraction_seed: 30056]
[extra_trees: 0]
[extra_seed: 12879]
[early_stopping_round: 0]
[early_stopping_min_delta: 0]
[first_metric_only: 0]
[max_delta_step: 0]
[lambda_l1: 0.1]
[lambda_l2: 2]
[linear_lambda: 0]
[min_gain_to_split: 0]
[drop_rate: 0.1]
[max_drop: 50]
[skip_drop: 0.5]
[xgboost_dart_mode: 0]
[uniform_drop: 0]
[drop_seed: 17869]
[top_rate: 0.2]
[other_rate: 0.1]
[min_data_per_group: 100]
[max_cat_threshold: 32]
[cat_l2: 10]
[cat_smooth: 10]
[max_cat_to_onehot: 4]
[top_k: 20]
[monotone_constraints: ]
[monotone_constraints_method: basic]
[monotone_penalty: 0]
[feature_contri: ]
[forcedsplits_filename: ]
[refit_decay_rate: 0.9]
[cegb_tradeoff: 1]
[cegb_penalty_split: 0]
[cegb_penalty_feature_lazy: ]
[cegb_penalty_feature_coupled: ]
[path_smooth: 0]
[interaction_constraints: ]
[verbosity: -1]
[saved_feature_importance_type: 0]
[use_quantized_grad: 0]
[num_grad_quant_bins: 4]
[quant_train_renew_leaf: 0]
[stochastic_rounding: 1]
[linear_tree: 0]
[max_bin: 255]
[max_bin_by_feature: ]
[min_data_in_bin: 3]
[bin_construct_sample_cnt: 200000]
[data_random_seed: 175]
[is_enable_sparse: 1]
[enable_bundle: 1]
[use_missing: 1]
[zero_as_missing: 0]
[feature_pre_filter: 1]
[pre_partition: 0]
[two_round: 0]
[header: 0]
[label_column: ]
[weight_column: ]
[group_column: ]
[ignore_column: ]
[categorical_feature: ]
[forcedbins_filename: ]
[precise_float_parser: 0]
[parser_config_file: ]
[objective_seed: 16083]
[num_class: 1]
[is_unbalance: 0]
[scale_pos_weight: 1]
[sigmoid: 1]
[boost_from_average: 1]
[reg_sqrt: 0]
[alpha: 0.9]
[fair_c: 1]
[poisson_max_delta_step: 0.7]
[tweedie_variance_power: 1.5]
[lambdarank_truncation_level: 30]
[lambdarank_norm: 1]
[label_gain: ]
[lambdarank_position_bias_regularization: 0]
[eval_at: ]
[multi_error_top_k: 1]
[auc_mu_weights: ]
[num_machines: 1]
[local_listen_port: 12400]
[time_out: 120]
[machine_list_filename: ]
[machines: ]
[gpu_platform_id: -1]
[gpu_device_id: -1]
[gpu_use_dp: 0]
[num_gpu: 1]

end of parameters

pandas_categorical:[]
